id,all_ok,gt_nochange,pred_nochange,gt_Type,pred_Type,flag_Type,gt_Amount,pred_Amount,flag_Amount,gt_Position,pred_Position,flag_Position,gt_Background,pred_Background,flag_Background,gt_Density,pred_Density,flag_Density,gt_text,pred_text
11_00_00_cap,1,1,1,none,none,OK,,,N/A,,,N/A,,,N/A,,,N/A,no building has appeared in the area and no building has disappeared in the area .,no building has appeared in the area and no building has disappeared in the area
11_00_01_cap,1,1,1,none,none,OK,,,N/A,,,N/A,,,N/A,,,N/A,no building has appeared in the area and no building has disappeared in the area .,no building has appeared in the area and no building has disappeared in the area
11_00_02_cap,0,1,0,none,appear,WRONG,,,N/A,,,N/A,,,N/A,,,N/A,no building has appeared in the area and no building has disappeared in the area .,a new building has appeared in the top right in the parking area and no building has disappeared in the area
11_00_03_cap,0,1,0,none,appear,WRONG,,,N/A,,,N/A,,,N/A,,,N/A,no building has appeared in the area and no building has disappeared in the area .,a new building has appeared in the top right in the parking area and no building has disappeared in the area
11_00_04_cap,0,0,0,appear,appear,OK,one,one,OK,bottom|center|right,center|top-right,WRONG,area,area,OK,dense,-,WRONG,a new building has appeared in the bottom center in the parking area and several dense residential have disappeared in the right center in the parking area .,a new building has appeared in the top center in the parking area and several closely located buildings have disappeared in the top right in the parking area
11_00_05_cap,0,0,0,disappear,disappear,OK,,,N/A,bottom|center|left,bottom-left,WRONG,area,land,WRONG,sparse,sparse,OK,no building has appeared in the area and several sparse residential have disappeared in the bottom center to left center in the parking area .,no building has appeared in the area and several sparse residential have disappeared in the bottom left on bare land
11_00_06_cap,1,1,1,none,none,OK,,,N/A,,,N/A,,,N/A,,,N/A,no building has appeared in the area and no building has disappeared in the area .,no building has appeared in the area and no building has disappeared in the area
11_00_07_cap,1,1,1,none,none,OK,,,N/A,,,N/A,,,N/A,,,N/A,no building has appeared in the area and no building has disappeared in the area .,no building has appeared in the area and no building has disappeared in the area
11_01_00_cap,1,1,1,none,none,OK,,,N/A,,,N/A,,,N/A,,,N/A,no building has appeared in the area and no building has disappeared in the area .,no building has appeared in the area and no building has disappeared in the area
11_01_01_cap,1,1,1,none,none,OK,,,N/A,,,N/A,,,N/A,,,N/A,no building has appeared in the area and no building has disappeared in the area .,no building has appeared in the area and no building has disappeared in the area
11_01_02_cap,1,1,1,none,none,OK,,,N/A,,,N/A,,,N/A,,,N/A,no building has appeared in the area and no building has disappeared in the area .,no building has appeared in the area and no building has disappeared in the area
11_01_03_cap,1,1,1,none,none,OK,,,N/A,,,N/A,,,N/A,,,N/A,no building has appeared in the area and no building has disappeared in the area .,no building has appeared in the area and no building has disappeared in the area
11_01_04_cap,0,0,0,appear,appear,OK,one,-,WRONG,center|top,center|top-left,WRONG,area|land,land,PART,,,N/A,a new building has appeared in the top center in the parking area and several <UNK> residential have disappeared in the center on bare land .,a new residential has appeared in the top center on bare land and several closely located residential have disappeared in the top left to left center on bare land
11_01_05_cap,1,1,1,none,none,OK,,,N/A,,,N/A,,,N/A,,,N/A,no building has appeared in the area and no building has disappeared in the area .,no building has appeared in the area and no building has disappeared in the area
11_01_06_cap,1,1,1,none,none,OK,,,N/A,,,N/A,,,N/A,,,N/A,no building has appeared in the area and no building has disappeared in the area .,no building has appeared in the area and no building has disappeared in the area
11_01_07_cap,1,1,1,none,none,OK,,,N/A,,,N/A,,,N/A,,,N/A,no building has appeared in the area and no building has disappeared in the area .,no building has appeared in the area and no building has disappeared in the area
11_02_00_cap,1,1,1,none,none,OK,,,N/A,,,N/A,,,N/A,,,N/A,no building has appeared in the area and no building has disappeared in the area .,no building has appeared in the area and no building has disappeared in the area
11_02_01_cap,0,1,0,none,appear,WRONG,,,N/A,,,N/A,,,N/A,,,N/A,no building has appeared in the area and no building has disappeared in the area .,a new building has appeared in the top left in the parking area and no building has disappeared in the area
11_02_02_cap,1,1,1,none,none,OK,,,N/A,,,N/A,,,N/A,,,N/A,no building has appeared in the area and no building has disappeared in the area .,no building has appeared in the area and no building has disappeared in the area
11_02_03_cap,1,1,1,none,none,OK,,,N/A,,,N/A,,,N/A,,,N/A,no building has appeared in the area and no building has disappeared in the area .,no building has appeared in the area and no building has disappeared in the area
11_02_04_cap,1,1,1,none,none,OK,,,N/A,,,N/A,,,N/A,,,N/A,no building has appeared in the area and no building has disappeared in the area .,no building has appeared in the area and no building has disappeared in the area
11_02_05_cap,1,1,1,none,none,OK,,,N/A,,,N/A,,,N/A,,,N/A,no building has appeared in the area and no building has disappeared in the area .,no building has appeared in the area and no building has disappeared in the area
11_02_06_cap,1,1,1,none,none,OK,,,N/A,,,N/A,,,N/A,,,N/A,no building has appeared in the area and no building has disappeared in the area .,no building has appeared in the area and no building has disappeared in the area
11_02_07_cap,1,1,1,none,none,OK,,,N/A,,,N/A,,,N/A,,,N/A,no building has appeared in the area and no building has disappeared in the area .,no building has appeared in the area and no building has disappeared in the area
11_03_00_cap,1,1,1,none,none,OK,,,N/A,,,N/A,,,N/A,,,N/A,no building has appeared in the area and no building has disappeared in the area .,no building has appeared in the area and no building has disappeared in the area
11_03_01_cap,1,1,1,none,none,OK,,,N/A,,,N/A,,,N/A,,,N/A,no building has appeared in the area and no building has disappeared in the area .,no building has appeared in the area and no building has disappeared in the area
11_03_02_cap,1,1,1,none,none,OK,,,N/A,,,N/A,,,N/A,,,N/A,no building has appeared in the area and no building has disappeared in the area .,no building has appeared in the area and no building has disappeared in the area
11_03_03_cap,0,1,0,none,appear,WRONG,,,N/A,,,N/A,,,N/A,,,N/A,no building has appeared in the area and no building has disappeared in the area .,a new residential has appeared in the right center in the parking area and no building has disappeared in the area
11_03_04_cap,1,1,1,none,none,OK,,,N/A,,,N/A,,,N/A,,,N/A,no building has appeared in the area and no building has disappeared in the area .,no building has appeared in the area and no building has disappeared in the area
11_03_05_cap,0,0,1,disappear,none,WRONG,one,-,WRONG,bottom|center,-,WRONG,area,-,WRONG,,,N/A,no building has appeared in the area and a building has disappeared in the bottom center in the parking area .,no building has appeared in the area and no building has disappeared in the area
11_03_06_cap,1,1,1,none,none,OK,,,N/A,,,N/A,,,N/A,,,N/A,no building has appeared in the area and no building has disappeared in the area .,no building has appeared in the area and no building has disappeared in the area
11_03_07_cap,1,1,1,none,none,OK,,,N/A,,,N/A,,,N/A,,,N/A,no building has appeared in the area and no building has disappeared in the area .,no building has appeared in the area and no building has disappeared in the area
11_04_00_cap,1,1,1,none,none,OK,,,N/A,,,N/A,,,N/A,,,N/A,no building has appeared in the area and no building has disappeared in the area .,no building has appeared in the area and no building has disappeared in the area
11_04_01_cap,1,1,1,none,none,OK,,,N/A,,,N/A,,,N/A,,,N/A,no building has appeared in the area and no building has disappeared in the area .,no building has appeared in the area and no building has disappeared in the area
11_04_02_cap,1,1,1,none,none,OK,,,N/A,,,N/A,,,N/A,,,N/A,no building has appeared in the area and no building has disappeared in the area .,no building has appeared in the area and no building has disappeared in the area
11_04_03_cap,1,1,1,none,none,OK,,,N/A,,,N/A,,,N/A,,,N/A,no building has appeared in the area and no building has disappeared in the area .,no building has appeared in the area and no building has disappeared in the area
11_04_04_cap,1,1,1,none,none,OK,,,N/A,,,N/A,,,N/A,,,N/A,no building has appeared in the area and no building has disappeared in the area .,no building has appeared in the area and no building has disappeared in the area
11_04_05_cap,0,0,0,disappear,disappear,OK,,,N/A,center,top-left,WRONG,area,area,OK,dense,-,WRONG,no building has appeared in the area and several dense residential have disappeared in the center in the parking area .,no building has appeared in the area and a residential has disappeared in the top left in the parking area
11_04_06_cap,0,1,0,none,disappear,WRONG,,,N/A,,,N/A,,,N/A,,,N/A,no building has appeared in the area and no building has disappeared in the area .,no building has appeared in the area and a residential has disappeared in the top left among the trees
11_04_07_cap,1,1,1,none,none,OK,,,N/A,,,N/A,,,N/A,,,N/A,no building has appeared in the area and no building has disappeared in the area .,no building has appeared in the area and no building has disappeared in the area
11_05_00_cap,1,1,1,none,none,OK,,,N/A,,,N/A,,,N/A,,,N/A,no building has appeared in the area and no building has disappeared in the area .,no building has appeared in the area and no building has disappeared in the area
11_05_01_cap,1,1,1,none,none,OK,,,N/A,,,N/A,,,N/A,,,N/A,no building has appeared in the area and no building has disappeared in the area .,no building has appeared in the area and no building has disappeared in the area
11_05_02_cap,1,1,1,none,none,OK,,,N/A,,,N/A,,,N/A,,,N/A,no building has appeared in the area and no building has disappeared in the area .,no building has appeared in the area and no building has disappeared in the area
11_05_03_cap,0,0,0,disappear,disappear,OK,,,N/A,center|top-right,top-right,WRONG,land,among,WRONG,,,N/A,no building has appeared in the area and several closely located residential have disappeared in the top center to top right on bare land .,no building has appeared in the area and a residential has disappeared in the top right among the trees
11_05_04_cap,0,0,1,disappear,none,WRONG,,,N/A,center|top-left,-,WRONG,land,-,WRONG,,,N/A,no building has appeared in the area and several closely located residential have disappeared in the top left to top center on bare land .,no building has appeared in the area and no building has disappeared in the area
11_05_05_cap,0,0,0,disappear,disappear,OK,,,N/A,center|top-left,top-left,WRONG,land,among,WRONG,,,N/A,no building has appeared in the area and several closely located residential have disappeared in the top left to top center on bare land .,no building has appeared in the area and several closely located residential have disappeared in the top left among the trees
11_05_06_cap,1,1,1,none,none,OK,,,N/A,,,N/A,,,N/A,,,N/A,no building has appeared in the area and no building has disappeared in the area .,no building has appeared in the area and no building has disappeared in the area
11_05_07_cap,1,1,1,none,none,OK,,,N/A,,,N/A,,,N/A,,,N/A,no building has appeared in the area and no building has disappeared in the area .,no building has appeared in the area and no building has disappeared in the area
11_06_00_cap,0,0,0,appear,appear,OK,one,-,WRONG,bottom|center,bottom-left,WRONG,area,area,OK,,,N/A,a new building has appeared in the bottom center in the parking area and no building has disappeared in the area .,a new residential has appeared in the bottom left in the parking area and no building has disappeared in the area
11_06_01_cap,0,0,1,appear,none,WRONG,one,-,WRONG,bottom-left,-,WRONG,area,-,WRONG,,,N/A,a new building has appeared in the bottom left in the parking area and no building has disappeared in the area .,no building has appeared in the area and no building has disappeared in the area
11_06_02_cap,1,1,1,none,none,OK,,,N/A,,,N/A,,,N/A,,,N/A,no building has appeared in the area and no building has disappeared in the area .,no building has appeared in the area and no building has disappeared in the area
11_06_03_cap,1,1,1,none,none,OK,,,N/A,,,N/A,,,N/A,,,N/A,no building has appeared in the area and no building has disappeared in the area .,no building has appeared in the area and no building has disappeared in the area
11_06_04_cap,1,1,1,none,none,OK,,,N/A,,,N/A,,,N/A,,,N/A,no building has appeared in the area and no building has disappeared in the area .,no building has appeared in the area and no building has disappeared in the area
11_06_05_cap,1,1,1,none,none,OK,,,N/A,,,N/A,,,N/A,,,N/A,no building has appeared in the area and no building has disappeared in the area .,no building has appeared in the area and no building has disappeared in the area
11_06_06_cap,1,1,1,none,none,OK,,,N/A,,,N/A,,,N/A,,,N/A,no building has appeared in the area and no building has disappeared in the area .,no building has appeared in the area and no building has disappeared in the area
11_06_07_cap,1,1,1,none,none,OK,,,N/A,,,N/A,,,N/A,,,N/A,no building has appeared in the area and no building has disappeared in the area .,no building has appeared in the area and no building has disappeared in the area
11_07_00_cap,0,0,1,appear,none,WRONG,several,-,WRONG,,,N/A,area,-,WRONG,dense,-,WRONG,several dense new buildings have appeared in different areas in the parking area and no building has disappeared in the area .,no building has appeared in the area and no building has disappeared in the area
11_07_01_cap,0,0,0,appear,appear,OK,,,N/A,top-left,top-left,OK,among|area,land,WRONG,,,N/A,a new residential has appeared in the top left among the trees and no building has disappeared in the area .,a new residential has appeared in the top left on bare land and no building has disappeared in the area
11_07_02_cap,1,1,1,none,none,OK,,,N/A,,,N/A,,,N/A,,,N/A,no building has appeared in the area and no building has disappeared in the area .,no building has appeared in the area and no building has disappeared in the area
11_07_03_cap,1,1,1,none,none,OK,,,N/A,,,N/A,,,N/A,,,N/A,no building has appeared in the area and no building has disappeared in the area .,no building has appeared in the area and no building has disappeared in the area
11_07_04_cap,1,1,1,none,none,OK,,,N/A,,,N/A,,,N/A,,,N/A,no building has appeared in the area and no building has disappeared in the area .,no building has appeared in the area and no building has disappeared in the area
11_07_05_cap,1,1,1,none,none,OK,,,N/A,,,N/A,,,N/A,,,N/A,no building has appeared in the area and no building has disappeared in the area .,no building has appeared in the area and no building has disappeared in the area
11_07_06_cap,1,1,1,none,none,OK,,,N/A,,,N/A,,,N/A,,,N/A,no building has appeared in the area and no building has disappeared in the area .,no building has appeared in the area and no building has disappeared in the area
11_07_07_cap,1,1,1,none,none,OK,,,N/A,,,N/A,,,N/A,,,N/A,no building has appeared in the area and no building has disappeared in the area .,no building has appeared in the area and no building has disappeared in the area
12_00_00_cap,1,1,1,none,none,OK,,,N/A,,,N/A,,,N/A,,,N/A,no building has appeared in the area and no building has disappeared in the area .,no building has appeared in the area and no building has disappeared in the area
12_00_01_cap,1,1,1,none,none,OK,,,N/A,,,N/A,,,N/A,,,N/A,no building has appeared in the area and no building has disappeared in the area .,no building has appeared in the area and no building has disappeared in the area
12_00_02_cap,1,1,1,none,none,OK,,,N/A,,,N/A,,,N/A,,,N/A,no building has appeared in the area and no building has disappeared in the area .,no building has appeared in the area and no building has disappeared in the area
12_00_03_cap,1,1,1,none,none,OK,,,N/A,,,N/A,,,N/A,,,N/A,no building has appeared in the area and no building has disappeared in the area .,no building has appeared in the area and no building has disappeared in the area
12_00_04_cap,1,1,1,none,none,OK,,,N/A,,,N/A,,,N/A,,,N/A,no building has appeared in the area and no building has disappeared in the area .,no building has appeared in the area and no building has disappeared in the area
12_00_05_cap,1,1,1,none,none,OK,,,N/A,,,N/A,,,N/A,,,N/A,no building has appeared in the area and no building has disappeared in the area .,no building has appeared in the area and no building has disappeared in the area
12_00_06_cap,1,1,1,none,none,OK,,,N/A,,,N/A,,,N/A,,,N/A,no building has appeared in the area and no building has disappeared in the area .,no building has appeared in the area and no building has disappeared in the area
12_00_07_cap,1,1,1,none,none,OK,,,N/A,,,N/A,,,N/A,,,N/A,no building has appeared in the area and no building has disappeared in the area .,no building has appeared in the area and no building has disappeared in the area
12_01_00_cap,1,1,1,none,none,OK,,,N/A,,,N/A,,,N/A,,,N/A,no building has appeared in the area and no building has disappeared in the area .,no building has appeared in the area and no building has disappeared in the area
12_01_01_cap,1,1,1,none,none,OK,,,N/A,,,N/A,,,N/A,,,N/A,no building has appeared in the area and no building has disappeared in the area .,no building has appeared in the area and no building has disappeared in the area
12_01_02_cap,1,1,1,none,none,OK,,,N/A,,,N/A,,,N/A,,,N/A,no building has appeared in the area and no building has disappeared in the area .,no building has appeared in the area and no building has disappeared in the area
12_01_03_cap,1,1,1,none,none,OK,,,N/A,,,N/A,,,N/A,,,N/A,no building has appeared in the area and no building has disappeared in the area .,no building has appeared in the area and no building has disappeared in the area
12_01_04_cap,1,1,1,none,none,OK,,,N/A,,,N/A,,,N/A,,,N/A,no building has appeared in the area and no building has disappeared in the area .,no building has appeared in the area and no building has disappeared in the area
12_01_05_cap,1,1,1,none,none,OK,,,N/A,,,N/A,,,N/A,,,N/A,no building has appeared in the area and no building has disappeared in the area .,no building has appeared in the area and no building has disappeared in the area
12_01_06_cap,1,1,1,none,none,OK,,,N/A,,,N/A,,,N/A,,,N/A,no building has appeared in the area and no building has disappeared in the area .,no building has appeared in the area and no building has disappeared in the area
12_01_07_cap,1,1,1,none,none,OK,,,N/A,,,N/A,,,N/A,,,N/A,no building has appeared in the area and no building has disappeared in the area .,no building has appeared in the area and no building has disappeared in the area
12_02_00_cap,1,1,1,none,none,OK,,,N/A,,,N/A,,,N/A,,,N/A,no building has appeared in the area and no building has disappeared in the area .,no building has appeared in the area and no building has disappeared in the area
12_02_01_cap,1,1,1,none,none,OK,,,N/A,,,N/A,,,N/A,,,N/A,no building has appeared in the area and no building has disappeared in the area .,no building has appeared in the area and no building has disappeared in the area
12_02_02_cap,1,1,1,none,none,OK,,,N/A,,,N/A,,,N/A,,,N/A,no building has appeared in the area and no building has disappeared in the area .,no building has appeared in the area and no building has disappeared in the area
12_02_03_cap,1,1,1,none,none,OK,,,N/A,,,N/A,,,N/A,,,N/A,no building has appeared in the area and no building has disappeared in the area .,no building has appeared in the area and no building has disappeared in the area
12_02_04_cap,1,1,1,none,none,OK,,,N/A,,,N/A,,,N/A,,,N/A,no building has appeared in the area and no building has disappeared in the area .,no building has appeared in the area and no building has disappeared in the area
12_02_05_cap,1,1,1,none,none,OK,,,N/A,,,N/A,,,N/A,,,N/A,no building has appeared in the area and no building has disappeared in the area .,no building has appeared in the area and no building has disappeared in the area
12_02_06_cap,1,1,1,none,none,OK,,,N/A,,,N/A,,,N/A,,,N/A,no building has appeared in the area and no building has disappeared in the area .,no building has appeared in the area and no building has disappeared in the area
12_02_07_cap,1,1,1,none,none,OK,,,N/A,,,N/A,,,N/A,,,N/A,no building has appeared in the area and no building has disappeared in the area .,no building has appeared in the area and no building has disappeared in the area
12_03_00_cap,1,1,1,none,none,OK,,,N/A,,,N/A,,,N/A,,,N/A,no building has appeared in the area and no building has disappeared in the area .,no building has appeared in the area and no building has disappeared in the area
12_03_01_cap,1,1,1,none,none,OK,,,N/A,,,N/A,,,N/A,,,N/A,no building has appeared in the area and no building has disappeared in the area .,no building has appeared in the area and no building has disappeared in the area
12_03_02_cap,1,1,1,none,none,OK,,,N/A,,,N/A,,,N/A,,,N/A,no building has appeared in the area and no building has disappeared in the area .,no building has appeared in the area and no building has disappeared in the area
12_03_03_cap,1,1,1,none,none,OK,,,N/A,,,N/A,,,N/A,,,N/A,no building has appeared in the area and no building has disappeared in the area .,no building has appeared in the area and no building has disappeared in the area
12_03_04_cap,1,1,1,none,none,OK,,,N/A,,,N/A,,,N/A,,,N/A,no building has appeared in the area and no building has disappeared in the area .,no building has appeared in the area and no building has disappeared in the area
12_03_05_cap,1,1,1,none,none,OK,,,N/A,,,N/A,,,N/A,,,N/A,no building has appeared in the area and no building has disappeared in the area .,no building has appeared in the area and no building has disappeared in the area
12_03_06_cap,1,1,1,none,none,OK,,,N/A,,,N/A,,,N/A,,,N/A,no building has appeared in the area and no building has disappeared in the area .,no building has appeared in the area and no building has disappeared in the area
12_03_07_cap,1,1,1,none,none,OK,,,N/A,,,N/A,,,N/A,,,N/A,no building has appeared in the area and no building has disappeared in the area .,no building has appeared in the area and no building has disappeared in the area
12_04_00_cap,1,1,1,none,none,OK,,,N/A,,,N/A,,,N/A,,,N/A,no building has appeared in the area and no building has disappeared in the area .,no building has appeared in the area and no building has disappeared in the area
12_04_01_cap,1,1,1,none,none,OK,,,N/A,,,N/A,,,N/A,,,N/A,no building has appeared in the area and no building has disappeared in the area .,no building has appeared in the area and no building has disappeared in the area
12_04_02_cap,1,1,1,none,none,OK,,,N/A,,,N/A,,,N/A,,,N/A,no building has appeared in the area and no building has disappeared in the area .,no building has appeared in the area and no building has disappeared in the area
12_04_03_cap,1,1,1,none,none,OK,,,N/A,,,N/A,,,N/A,,,N/A,no building has appeared in the area and no building has disappeared in the area .,no building has appeared in the area and no building has disappeared in the area
12_04_04_cap,1,1,1,none,none,OK,,,N/A,,,N/A,,,N/A,,,N/A,no building has appeared in the area and no building has disappeared in the area .,no building has appeared in the area and no building has disappeared in the area
12_04_05_cap,1,1,1,none,none,OK,,,N/A,,,N/A,,,N/A,,,N/A,no building has appeared in the area and no building has disappeared in the area .,no building has appeared in the area and no building has disappeared in the area
12_04_06_cap,1,1,1,none,none,OK,,,N/A,,,N/A,,,N/A,,,N/A,no building has appeared in the area and no building has disappeared in the area .,no building has appeared in the area and no building has disappeared in the area
12_04_07_cap,1,1,1,none,none,OK,,,N/A,,,N/A,,,N/A,,,N/A,no building has appeared in the area and no building has disappeared in the area .,no building has appeared in the area and no building has disappeared in the area
12_05_00_cap,1,1,1,none,none,OK,,,N/A,,,N/A,,,N/A,,,N/A,no building has appeared in the area and no building has disappeared in the area .,no building has appeared in the area and no building has disappeared in the area
12_05_01_cap,1,1,1,none,none,OK,,,N/A,,,N/A,,,N/A,,,N/A,no building has appeared in the area and no building has disappeared in the area .,no building has appeared in the area and no building has disappeared in the area
12_05_02_cap,1,1,1,none,none,OK,,,N/A,,,N/A,,,N/A,,,N/A,no building has appeared in the area and no building has disappeared in the area .,no building has appeared in the area and no building has disappeared in the area
12_05_03_cap,1,1,1,none,none,OK,,,N/A,,,N/A,,,N/A,,,N/A,no building has appeared in the area and no building has disappeared in the area .,no building has appeared in the area and no building has disappeared in the area
12_05_04_cap,1,1,1,none,none,OK,,,N/A,,,N/A,,,N/A,,,N/A,no building has appeared in the area and no building has disappeared in the area .,no building has appeared in the area and no building has disappeared in the area
12_05_05_cap,1,1,1,none,none,OK,,,N/A,,,N/A,,,N/A,,,N/A,no building has appeared in the area and no building has disappeared in the area .,no building has appeared in the area and no building has disappeared in the area
12_05_06_cap,1,1,1,none,none,OK,,,N/A,,,N/A,,,N/A,,,N/A,no building has appeared in the area and no building has disappeared in the area .,no building has appeared in the area and no building has disappeared in the area
12_05_07_cap,1,1,1,none,none,OK,,,N/A,,,N/A,,,N/A,,,N/A,no building has appeared in the area and no building has disappeared in the area .,no building has appeared in the area and no building has disappeared in the area
12_06_00_cap,1,1,1,none,none,OK,,,N/A,,,N/A,,,N/A,,,N/A,no building has appeared in the area and no building has disappeared in the area .,no building has appeared in the area and no building has disappeared in the area
12_06_01_cap,1,1,1,none,none,OK,,,N/A,,,N/A,,,N/A,,,N/A,no building has appeared in the area and no building has disappeared in the area .,no building has appeared in the area and no building has disappeared in the area
12_06_02_cap,1,1,1,none,none,OK,,,N/A,,,N/A,,,N/A,,,N/A,no building has appeared in the area and no building has disappeared in the area .,no building has appeared in the area and no building has disappeared in the area
12_06_03_cap,1,1,1,none,none,OK,,,N/A,,,N/A,,,N/A,,,N/A,no building has appeared in the area and no building has disappeared in the area .,no building has appeared in the area and no building has disappeared in the area
12_06_04_cap,1,1,1,none,none,OK,,,N/A,,,N/A,,,N/A,,,N/A,no building has appeared in the area and no building has disappeared in the area .,no building has appeared in the area and no building has disappeared in the area
12_06_05_cap,1,1,1,none,none,OK,,,N/A,,,N/A,,,N/A,,,N/A,no building has appeared in the area and no building has disappeared in the area .,no building has appeared in the area and no building has disappeared in the area
12_06_06_cap,1,1,1,none,none,OK,,,N/A,,,N/A,,,N/A,,,N/A,no building has appeared in the area and no building has disappeared in the area .,no building has appeared in the area and no building has disappeared in the area
12_06_07_cap,1,1,1,none,none,OK,,,N/A,,,N/A,,,N/A,,,N/A,no building has appeared in the area and no building has disappeared in the area .,no building has appeared in the area and no building has disappeared in the area
12_07_00_cap,1,1,1,none,none,OK,,,N/A,,,N/A,,,N/A,,,N/A,no building has appeared in the area and no building has disappeared in the area .,no building has appeared in the area and no building has disappeared in the area
12_07_01_cap,1,1,1,none,none,OK,,,N/A,,,N/A,,,N/A,,,N/A,no building has appeared in the area and no building has disappeared in the area .,no building has appeared in the area and no building has disappeared in the area
12_07_02_cap,1,1,1,none,none,OK,,,N/A,,,N/A,,,N/A,,,N/A,no building has appeared in the area and no building has disappeared in the area .,no building has appeared in the area and no building has disappeared in the area
12_07_03_cap,1,1,1,none,none,OK,,,N/A,,,N/A,,,N/A,,,N/A,no building has appeared in the area and no building has disappeared in the area .,no building has appeared in the area and no building has disappeared in the area
12_07_04_cap,1,1,1,none,none,OK,,,N/A,,,N/A,,,N/A,,,N/A,no building has appeared in the area and no building has disappeared in the area .,no building has appeared in the area and no building has disappeared in the area
12_07_05_cap,1,1,1,none,none,OK,,,N/A,,,N/A,,,N/A,,,N/A,no building has appeared in the area and no building has disappeared in the area .,no building has appeared in the area and no building has disappeared in the area
12_07_06_cap,1,1,1,none,none,OK,,,N/A,,,N/A,,,N/A,,,N/A,no building has appeared in the area and no building has disappeared in the area .,no building has appeared in the area and no building has disappeared in the area
12_07_07_cap,1,1,1,none,none,OK,,,N/A,,,N/A,,,N/A,,,N/A,no building has appeared in the area and no building has disappeared in the area .,no building has appeared in the area and no building has disappeared in the area
21_00_00_cap,1,1,1,none,none,OK,,,N/A,,,N/A,,,N/A,,,N/A,no building has appeared in the area and no building has disappeared in the area .,no building has appeared in the area and no building has disappeared in the area
21_00_01_cap,1,1,1,none,none,OK,,,N/A,,,N/A,,,N/A,,,N/A,no building has appeared in the area and no building has disappeared in the area .,no building has appeared in the area and no building has disappeared in the area
21_00_02_cap,1,1,1,none,none,OK,,,N/A,,,N/A,,,N/A,,,N/A,no building has appeared in the area and no building has disappeared in the area .,no building has appeared in the area and no building has disappeared in the area
21_00_03_cap,1,1,1,none,none,OK,,,N/A,,,N/A,,,N/A,,,N/A,no building has appeared in the area and no building has disappeared in the area .,no building has appeared in the area and no building has disappeared in the area
21_00_04_cap,1,1,1,none,none,OK,,,N/A,,,N/A,,,N/A,,,N/A,no building has appeared in the area and no building has disappeared in the area .,no building has appeared in the area and no building has disappeared in the area
21_00_05_cap,1,1,1,none,none,OK,,,N/A,,,N/A,,,N/A,,,N/A,no building has appeared in the area and no building has disappeared in the area .,no building has appeared in the area and no building has disappeared in the area
21_00_06_cap,1,1,1,none,none,OK,,,N/A,,,N/A,,,N/A,,,N/A,no building has appeared in the area and no building has disappeared in the area .,no building has appeared in the area and no building has disappeared in the area
21_00_07_cap,1,1,1,none,none,OK,,,N/A,,,N/A,,,N/A,,,N/A,no building has appeared in the area and no building has disappeared in the area .,no building has appeared in the area and no building has disappeared in the area
21_01_00_cap,1,1,1,none,none,OK,,,N/A,,,N/A,,,N/A,,,N/A,no building has appeared in the area and no building has disappeared in the area .,no building has appeared in the area and no building has disappeared in the area
21_01_01_cap,1,1,1,none,none,OK,,,N/A,,,N/A,,,N/A,,,N/A,no building has appeared in the area and no building has disappeared in the area .,no building has appeared in the area and no building has disappeared in the area
21_01_02_cap,1,1,1,none,none,OK,,,N/A,,,N/A,,,N/A,,,N/A,no building has appeared in the area and no building has disappeared in the area .,no building has appeared in the area and no building has disappeared in the area
21_01_03_cap,1,1,1,none,none,OK,,,N/A,,,N/A,,,N/A,,,N/A,no building has appeared in the area and no building has disappeared in the area .,no building has appeared in the area and no building has disappeared in the area
21_01_04_cap,1,1,1,none,none,OK,,,N/A,,,N/A,,,N/A,,,N/A,no building has appeared in the area and no building has disappeared in the area .,no building has appeared in the area and no building has disappeared in the area
21_01_05_cap,1,1,1,none,none,OK,,,N/A,,,N/A,,,N/A,,,N/A,no building has appeared in the area and no building has disappeared in the area .,no building has appeared in the area and no building has disappeared in the area
21_01_06_cap,1,1,1,none,none,OK,,,N/A,,,N/A,,,N/A,,,N/A,no building has appeared in the area and no building has disappeared in the area .,no building has appeared in the area and no building has disappeared in the area
21_01_07_cap,1,1,1,none,none,OK,,,N/A,,,N/A,,,N/A,,,N/A,no building has appeared in the area and no building has disappeared in the area .,no building has appeared in the area and no building has disappeared in the area
21_02_00_cap,1,1,1,none,none,OK,,,N/A,,,N/A,,,N/A,,,N/A,no building has appeared in the area and no building has disappeared in the area .,no building has appeared in the area and no building has disappeared in the area
21_02_01_cap,1,1,1,none,none,OK,,,N/A,,,N/A,,,N/A,,,N/A,no building has appeared in the area and no building has disappeared in the area .,no building has appeared in the area and no building has disappeared in the area
21_02_02_cap,1,1,1,none,none,OK,,,N/A,,,N/A,,,N/A,,,N/A,no building has appeared in the area and no building has disappeared in the area .,no building has appeared in the area and no building has disappeared in the area
21_02_03_cap,1,1,1,none,none,OK,,,N/A,,,N/A,,,N/A,,,N/A,no building has appeared in the area and no building has disappeared in the area .,no building has appeared in the area and no building has disappeared in the area
21_02_04_cap,1,1,1,none,none,OK,,,N/A,,,N/A,,,N/A,,,N/A,no building has appeared in the area and no building has disappeared in the area .,no building has appeared in the area and no building has disappeared in the area
21_02_05_cap,1,1,1,none,none,OK,,,N/A,,,N/A,,,N/A,,,N/A,no building has appeared in the area and no building has disappeared in the area .,no building has appeared in the area and no building has disappeared in the area
21_02_06_cap,1,1,1,none,none,OK,,,N/A,,,N/A,,,N/A,,,N/A,no building has appeared in the area and no building has disappeared in the area .,no building has appeared in the area and no building has disappeared in the area
21_02_07_cap,1,1,1,none,none,OK,,,N/A,,,N/A,,,N/A,,,N/A,no building has appeared in the area and no building has disappeared in the area .,no building has appeared in the area and no building has disappeared in the area
21_03_00_cap,1,1,1,none,none,OK,,,N/A,,,N/A,,,N/A,,,N/A,no building has appeared in the area and no building has disappeared in the area .,no building has appeared in the area and no building has disappeared in the area
21_03_01_cap,1,1,1,none,none,OK,,,N/A,,,N/A,,,N/A,,,N/A,no building has appeared in the area and no building has disappeared in the area .,no building has appeared in the area and no building has disappeared in the area
21_03_02_cap,1,1,1,none,none,OK,,,N/A,,,N/A,,,N/A,,,N/A,no building has appeared in the area and no building has disappeared in the area .,no building has appeared in the area and no building has disappeared in the area
21_03_03_cap,0,0,1,disappear,none,WRONG,,,N/A,top-left,-,WRONG,land,-,WRONG,,,N/A,no building has appeared in the area and a residential has disappeared in the top left on bare land .,no building has appeared in the area and no building has disappeared in the area
21_03_04_cap,1,1,1,none,none,OK,,,N/A,,,N/A,,,N/A,,,N/A,no building has appeared in the area and no building has disappeared in the area .,no building has appeared in the area and no building has disappeared in the area
21_03_05_cap,1,1,1,none,none,OK,,,N/A,,,N/A,,,N/A,,,N/A,no building has appeared in the area and no building has disappeared in the area .,no building has appeared in the area and no building has disappeared in the area
21_03_06_cap,1,1,1,none,none,OK,,,N/A,,,N/A,,,N/A,,,N/A,no building has appeared in the area and no building has disappeared in the area .,no building has appeared in the area and no building has disappeared in the area
21_03_07_cap,1,1,1,none,none,OK,,,N/A,,,N/A,,,N/A,,,N/A,no building has appeared in the area and no building has disappeared in the area .,no building has appeared in the area and no building has disappeared in the area
21_04_00_cap,0,0,1,disappear,none,WRONG,,,N/A,bottom-left|center,-,WRONG,land,-,WRONG,,,N/A,no building has appeared in the area and several closely located residential have disappeared in the center to bottom left on bare land .,no building has appeared in the area and no building has disappeared in the area
21_04_01_cap,0,0,1,appear,none,WRONG,,,N/A,bottom-left,-,WRONG,land,-,WRONG,,,N/A,several closely located new residential have appeared in the bottom left on bare land and no building has disappeared in the area .,no building has appeared in the area and no building has disappeared in the area
21_04_02_cap,1,1,1,none,none,OK,,,N/A,,,N/A,,,N/A,,,N/A,no building has appeared in the area and no building has disappeared in the area .,no building has appeared in the area and no building has disappeared in the area
21_04_03_cap,1,1,1,none,none,OK,,,N/A,,,N/A,,,N/A,,,N/A,no building has appeared in the area and no building has disappeared in the area .,no building has appeared in the area and no building has disappeared in the area
21_04_04_cap,1,1,1,none,none,OK,,,N/A,,,N/A,,,N/A,,,N/A,no building has appeared in the area and no building has disappeared in the area .,no building has appeared in the area and no building has disappeared in the area
21_04_05_cap,1,1,1,none,none,OK,,,N/A,,,N/A,,,N/A,,,N/A,no building has appeared in the area and no building has disappeared in the area .,no building has appeared in the area and no building has disappeared in the area
21_04_06_cap,1,1,1,none,none,OK,,,N/A,,,N/A,,,N/A,,,N/A,no building has appeared in the area and no building has disappeared in the area .,no building has appeared in the area and no building has disappeared in the area
21_04_07_cap,1,1,1,none,none,OK,,,N/A,,,N/A,,,N/A,,,N/A,no building has appeared in the area and no building has disappeared in the area .,no building has appeared in the area and no building has disappeared in the area
21_05_00_cap,0,0,1,appear,none,WRONG,one,-,WRONG,top-right,-,WRONG,area,-,WRONG,,,N/A,a new building has appeared in the top right in the parking area and no building has disappeared in the area .,no building has appeared in the area and no building has disappeared in the area
21_05_01_cap,0,0,1,appear,none,WRONG,one,-,WRONG,top-left,-,WRONG,area,-,WRONG,,,N/A,a new building has appeared in the top left in the parking area and no building has disappeared in the area .,no building has appeared in the area and no building has disappeared in the area
21_05_02_cap,1,1,1,none,none,OK,,,N/A,,,N/A,,,N/A,,,N/A,no building has appeared in the area and no building has disappeared in the area .,no building has appeared in the area and no building has disappeared in the area
21_05_03_cap,1,1,1,none,none,OK,,,N/A,,,N/A,,,N/A,,,N/A,no building has appeared in the area and no building has disappeared in the area .,no building has appeared in the area and no building has disappeared in the area
21_05_04_cap,1,1,1,none,none,OK,,,N/A,,,N/A,,,N/A,,,N/A,no building has appeared in the area and no building has disappeared in the area .,no building has appeared in the area and no building has disappeared in the area
21_05_05_cap,1,1,1,none,none,OK,,,N/A,,,N/A,,,N/A,,,N/A,no building has appeared in the area and no building has disappeared in the area .,no building has appeared in the area and no building has disappeared in the area
21_05_06_cap,1,1,1,none,none,OK,,,N/A,,,N/A,,,N/A,,,N/A,no building has appeared in the area and no building has disappeared in the area .,no building has appeared in the area and no building has disappeared in the area
21_05_07_cap,1,1,1,none,none,OK,,,N/A,,,N/A,,,N/A,,,N/A,no building has appeared in the area and no building has disappeared in the area .,no building has appeared in the area and no building has disappeared in the area
21_06_00_cap,1,1,1,none,none,OK,,,N/A,,,N/A,,,N/A,,,N/A,no building has appeared in the area and no building has disappeared in the area .,no building has appeared in the area and no building has disappeared in the area
21_06_01_cap,1,1,1,none,none,OK,,,N/A,,,N/A,,,N/A,,,N/A,no building has appeared in the area and no building has disappeared in the area .,no building has appeared in the area and no building has disappeared in the area
21_06_02_cap,1,1,1,none,none,OK,,,N/A,,,N/A,,,N/A,,,N/A,no building has appeared in the area and no building has disappeared in the area .,no building has appeared in the area and no building has disappeared in the area
21_06_03_cap,1,1,1,none,none,OK,,,N/A,,,N/A,,,N/A,,,N/A,no building has appeared in the area and no building has disappeared in the area .,no building has appeared in the area and no building has disappeared in the area
21_06_04_cap,1,1,1,none,none,OK,,,N/A,,,N/A,,,N/A,,,N/A,no building has appeared in the area and no building has disappeared in the area .,no building has appeared in the area and no building has disappeared in the area
21_06_05_cap,1,1,1,none,none,OK,,,N/A,,,N/A,,,N/A,,,N/A,no building has appeared in the area and no building has disappeared in the area .,no building has appeared in the area and no building has disappeared in the area
21_06_06_cap,1,1,1,none,none,OK,,,N/A,,,N/A,,,N/A,,,N/A,no building has appeared in the area and no building has disappeared in the area .,no building has appeared in the area and no building has disappeared in the area
21_06_07_cap,1,1,1,none,none,OK,,,N/A,,,N/A,,,N/A,,,N/A,no building has appeared in the area and no building has disappeared in the area .,no building has appeared in the area and no building has disappeared in the area
21_07_00_cap,0,0,1,appear,none,WRONG,several,-,WRONG,bottom|center|left,-,WRONG,area,-,WRONG,sparse,-,WRONG,several sparse new buildings have appeared in the bottom center to left center in the parking area and a building has disappeared in the bottom center in the parking area .,no building has appeared in the area and no building has disappeared in the area
21_07_01_cap,1,1,1,none,none,OK,,,N/A,,,N/A,,,N/A,,,N/A,no building has appeared in the area and no building has disappeared in the area .,no building has appeared in the area and no building has disappeared in the area
21_07_02_cap,1,1,1,none,none,OK,,,N/A,,,N/A,,,N/A,,,N/A,no building has appeared in the area and no building has disappeared in the area .,no building has appeared in the area and no building has disappeared in the area
21_07_03_cap,1,1,1,none,none,OK,,,N/A,,,N/A,,,N/A,,,N/A,no building has appeared in the area and no building has disappeared in the area .,no building has appeared in the area and no building has disappeared in the area
21_07_04_cap,1,1,1,none,none,OK,,,N/A,,,N/A,,,N/A,,,N/A,no building has appeared in the area and no building has disappeared in the area .,no building has appeared in the area and no building has disappeared in the area
21_07_05_cap,1,1,1,none,none,OK,,,N/A,,,N/A,,,N/A,,,N/A,no building has appeared in the area and no building has disappeared in the area .,no building has appeared in the area and no building has disappeared in the area
21_07_06_cap,1,1,1,none,none,OK,,,N/A,,,N/A,,,N/A,,,N/A,no building has appeared in the area and no building has disappeared in the area .,no building has appeared in the area and no building has disappeared in the area
21_07_07_cap,1,1,1,none,none,OK,,,N/A,,,N/A,,,N/A,,,N/A,no building has appeared in the area and no building has disappeared in the area .,no building has appeared in the area and no building has disappeared in the area
22_00_00_cap,1,1,1,none,none,OK,,,N/A,,,N/A,,,N/A,,,N/A,no building has appeared in the area and no building has disappeared in the area .,no building has appeared in the area and no building has disappeared in the area
22_00_01_cap,1,1,1,none,none,OK,,,N/A,,,N/A,,,N/A,,,N/A,no building has appeared in the area and no building has disappeared in the area .,no building has appeared in the area and no building has disappeared in the area
22_00_02_cap,1,1,1,none,none,OK,,,N/A,,,N/A,,,N/A,,,N/A,no building has appeared in the area and no building has disappeared in the area .,no building has appeared in the area and no building has disappeared in the area
22_00_03_cap,1,1,1,none,none,OK,,,N/A,,,N/A,,,N/A,,,N/A,no building has appeared in the area and no building has disappeared in the area .,no building has appeared in the area and no building has disappeared in the area
22_00_04_cap,1,1,1,none,none,OK,,,N/A,,,N/A,,,N/A,,,N/A,no building has appeared in the area and no building has disappeared in the area .,no building has appeared in the area and no building has disappeared in the area
22_00_05_cap,1,1,1,none,none,OK,,,N/A,,,N/A,,,N/A,,,N/A,no building has appeared in the area and no building has disappeared in the area .,no building has appeared in the area and no building has disappeared in the area
22_00_06_cap,0,0,0,disappear,disappear,OK,,,N/A,,,N/A,land,land,OK,sparse,-,WRONG,no building has appeared in the area and several sparse residential have disappeared in different areas on bare land .,no building has appeared in the area and a residential has disappeared in the bottom left on bare land
22_00_07_cap,0,0,1,disappear,none,WRONG,,,N/A,bottom-left,-,WRONG,land,-,WRONG,,,N/A,no building has appeared in the area and several closely located residential have disappeared in the bottom left on bare land .,no building has appeared in the area and no building has disappeared in the area
22_01_00_cap,1,1,1,none,none,OK,,,N/A,,,N/A,,,N/A,,,N/A,no building has appeared in the area and no building has disappeared in the area .,no building has appeared in the area and no building has disappeared in the area
22_01_01_cap,1,1,1,none,none,OK,,,N/A,,,N/A,,,N/A,,,N/A,no building has appeared in the area and no building has disappeared in the area .,no building has appeared in the area and no building has disappeared in the area
22_01_02_cap,0,0,1,disappear,none,WRONG,one,-,WRONG,bottom-right,-,WRONG,among,-,WRONG,,,N/A,no building has appeared in the area and a building has disappeared in the bottom right among the trees .,no building has appeared in the area and no building has disappeared in the area
22_01_03_cap,1,1,1,none,none,OK,,,N/A,,,N/A,,,N/A,,,N/A,no building has appeared in the area and no building has disappeared in the area .,no building has appeared in the area and no building has disappeared in the area
22_01_04_cap,1,1,1,none,none,OK,,,N/A,,,N/A,,,N/A,,,N/A,no building has appeared in the area and no building has disappeared in the area .,no building has appeared in the area and no building has disappeared in the area
22_01_05_cap,1,1,1,none,none,OK,,,N/A,,,N/A,,,N/A,,,N/A,no building has appeared in the area and no building has disappeared in the area .,no building has appeared in the area and no building has disappeared in the area
22_01_06_cap,0,0,0,disappear,disappear,OK,,,N/A,center|right|top,center|top-right,WRONG,area,land,WRONG,sparse,-,WRONG,no building has appeared in the area and several sparse residential have disappeared in the top center to right center in the parking area .,no building has appeared in the area and several closely located residential have disappeared in the top center to top right on bare land
22_01_07_cap,0,0,1,appear,none,WRONG,,,N/A,top-left,-,WRONG,land,-,WRONG,sparse,-,WRONG,a new residential has appeared in the top left on bare land and several sparse residential have disappeared in the top left on bare land .,no building has appeared in the area and no building has disappeared in the area
22_02_00_cap,1,1,1,none,none,OK,,,N/A,,,N/A,,,N/A,,,N/A,no building has appeared in the area and no building has disappeared in the area .,no building has appeared in the area and no building has disappeared in the area
22_02_01_cap,1,1,1,none,none,OK,,,N/A,,,N/A,,,N/A,,,N/A,no building has appeared in the area and no building has disappeared in the area .,no building has appeared in the area and no building has disappeared in the area
22_02_02_cap,0,0,1,disappear,none,WRONG,,,N/A,bottom|center,-,WRONG,area,-,WRONG,sparse,-,WRONG,no building has appeared in the area and several sparse residential have disappeared in the bottom center in the parking area .,no building has appeared in the area and no building has disappeared in the area
22_02_03_cap,1,1,1,none,none,OK,,,N/A,,,N/A,,,N/A,,,N/A,no building has appeared in the area and no building has disappeared in the area .,no building has appeared in the area and no building has disappeared in the area
22_02_04_cap,1,1,1,none,none,OK,,,N/A,,,N/A,,,N/A,,,N/A,no building has appeared in the area and no building has disappeared in the area .,no building has appeared in the area and no building has disappeared in the area
22_02_05_cap,1,1,1,none,none,OK,,,N/A,,,N/A,,,N/A,,,N/A,no building has appeared in the area and no building has disappeared in the area .,no building has appeared in the area and no building has disappeared in the area
22_02_06_cap,1,1,1,none,none,OK,,,N/A,,,N/A,,,N/A,,,N/A,no building has appeared in the area and no building has disappeared in the area .,no building has appeared in the area and no building has disappeared in the area
22_02_07_cap,1,1,1,none,none,OK,,,N/A,,,N/A,,,N/A,,,N/A,no building has appeared in the area and no building has disappeared in the area .,no building has appeared in the area and no building has disappeared in the area
22_03_00_cap,1,1,1,none,none,OK,,,N/A,,,N/A,,,N/A,,,N/A,no building has appeared in the area and no building has disappeared in the area .,no building has appeared in the area and no building has disappeared in the area
22_03_01_cap,1,1,1,none,none,OK,,,N/A,,,N/A,,,N/A,,,N/A,no building has appeared in the area and no building has disappeared in the area .,no building has appeared in the area and no building has disappeared in the area
22_03_02_cap,0,0,0,disappear,disappear,OK,one,-,WRONG,center|top,bottom-right|top-right,WRONG,area,land,WRONG,,,N/A,no building has appeared in the area and a building has disappeared in the top center in the parking area .,no building has appeared in the area and several sparse residential have disappeared in the top right to bottom right on bare land
22_03_03_cap,1,1,1,none,none,OK,,,N/A,,,N/A,,,N/A,,,N/A,no building has appeared in the area and no building has disappeared in the area .,no building has appeared in the area and no building has disappeared in the area
22_03_04_cap,1,1,1,none,none,OK,,,N/A,,,N/A,,,N/A,,,N/A,no building has appeared in the area and no building has disappeared in the area .,no building has appeared in the area and no building has disappeared in the area
22_03_05_cap,1,1,1,none,none,OK,,,N/A,,,N/A,,,N/A,,,N/A,no building has appeared in the area and no building has disappeared in the area .,no building has appeared in the area and no building has disappeared in the area
22_03_06_cap,0,0,1,appear,none,WRONG,,,N/A,bottom-right,-,WRONG,along|area,-,WRONG,,,N/A,a new residential has appeared in the bottom right along the roads and no building has disappeared in the area .,no building has appeared in the area and no building has disappeared in the area
22_03_07_cap,0,0,1,appear,none,WRONG,one,-,WRONG,center,-,WRONG,area,-,WRONG,,,N/A,a new building has appeared in the center in the parking area and no building has disappeared in the area .,no building has appeared in the area and no building has disappeared in the area
22_04_00_cap,1,1,1,none,none,OK,,,N/A,,,N/A,,,N/A,,,N/A,no building has appeared in the area and no building has disappeared in the area .,no building has appeared in the area and no building has disappeared in the area
22_04_01_cap,1,1,1,none,none,OK,,,N/A,,,N/A,,,N/A,,,N/A,no building has appeared in the area and no building has disappeared in the area .,no building has appeared in the area and no building has disappeared in the area
22_04_02_cap,1,1,1,none,none,OK,,,N/A,,,N/A,,,N/A,,,N/A,no building has appeared in the area and no building has disappeared in the area .,no building has appeared in the area and no building has disappeared in the area
22_04_03_cap,1,1,1,none,none,OK,,,N/A,,,N/A,,,N/A,,,N/A,no building has appeared in the area and no building has disappeared in the area .,no building has appeared in the area and no building has disappeared in the area
22_04_04_cap,1,1,1,none,none,OK,,,N/A,,,N/A,,,N/A,,,N/A,no building has appeared in the area and no building has disappeared in the area .,no building has appeared in the area and no building has disappeared in the area
22_04_05_cap,1,1,1,none,none,OK,,,N/A,,,N/A,,,N/A,,,N/A,no building has appeared in the area and no building has disappeared in the area .,no building has appeared in the area and no building has disappeared in the area
22_04_06_cap,1,1,1,none,none,OK,,,N/A,,,N/A,,,N/A,,,N/A,no building has appeared in the area and no building has disappeared in the area .,no building has appeared in the area and no building has disappeared in the area
22_04_07_cap,1,1,1,none,none,OK,,,N/A,,,N/A,,,N/A,,,N/A,no building has appeared in the area and no building has disappeared in the area .,no building has appeared in the area and no building has disappeared in the area
22_05_00_cap,1,1,1,none,none,OK,,,N/A,,,N/A,,,N/A,,,N/A,no building has appeared in the area and no building has disappeared in the area .,no building has appeared in the area and no building has disappeared in the area
22_05_01_cap,0,0,1,appear,none,WRONG,,,N/A,bottom-right,-,WRONG,land,-,WRONG,,,N/A,a new residential has appeared in the bottom right on bare land and no building has disappeared in the area .,no building has appeared in the area and no building has disappeared in the area
22_05_02_cap,0,0,0,appear,appear,OK,several,-,WRONG,bottom-right,bottom|center,WRONG,area,area,OK,dense,-,WRONG,several dense new buildings have appeared in the bottom right in the parking area and no building has disappeared in the area .,a new residential has appeared in the bottom center in the parking area and no building has disappeared in the area
22_05_03_cap,0,0,1,appear,none,WRONG,several,-,WRONG,bottom-left|bottom-right|center,-,WRONG,area,-,WRONG,sparse,-,WRONG,several sparse new buildings have appeared in the bottom left to bottom right in the parking area and a building has disappeared in the bottom center in the parking area .,no building has appeared in the area and no building has disappeared in the area
22_05_04_cap,1,1,1,none,none,OK,,,N/A,,,N/A,,,N/A,,,N/A,no building has appeared in the area and no building has disappeared in the area .,no building has appeared in the area and no building has disappeared in the area
22_05_05_cap,1,1,1,none,none,OK,,,N/A,,,N/A,,,N/A,,,N/A,no building has appeared in the area and no building has disappeared in the area .,no building has appeared in the area and no building has disappeared in the area
22_05_06_cap,1,1,1,none,none,OK,,,N/A,,,N/A,,,N/A,,,N/A,no building has appeared in the area and no building has disappeared in the area .,no building has appeared in the area and no building has disappeared in the area
22_05_07_cap,0,0,0,appear,appear,OK,,,N/A,center|top-right,bottom-right,WRONG,area|road,land,WRONG,,,N/A,several closely located new residential have appeared in the top right to right center in the parking area and several closely located residential have disappeared in the top center to right center along the roads .,a new residential has appeared in the bottom right on bare land and no building has disappeared in the area
22_06_00_cap,0,0,0,appear,appear,OK,,,N/A,center|right,bottom-right|center,WRONG,area,area,OK,,,N/A,several <UNK> new residential have appeared in the right center in the parking area and no building has disappeared in the area .,several sparse new residential have appeared in the bottom right to right center in the parking area and no building has disappeared in the area
22_06_01_cap,0,0,0,appear,appear,OK,several,-,WRONG,,,N/A,area,area,OK,dense,sparse,WRONG,several dense new buildings have appeared in different areas in the parking area and no building has disappeared in the area .,several sparse new residential have appeared in the bottom left to bottom right in the parking area and no building has disappeared in the area
22_06_02_cap,0,0,0,appear,appear,OK,several,several,OK,bottom-left,bottom|center,WRONG,area,area,OK,dense,sparse,WRONG,several dense new buildings have appeared in the bottom left in the parking area and no building has disappeared in the area .,several sparse new buildings have appeared in the bottom center in the parking area and no building has disappeared in the area
22_06_03_cap,0,0,0,appear,appear,OK,several,several,OK,bottom-left|top-right,bottom-left|bottom-right,WRONG,area|land,land,PART,dense,sparse,WRONG,several dense new buildings have appeared in the top right to bottom left in the parking area and several sparse buildings have disappeared in the bottom left on bare land .,several sparse new buildings have appeared in the bottom left to bottom right on bare land and no building has disappeared in the area
22_06_04_cap,1,1,1,none,none,OK,,,N/A,,,N/A,,,N/A,,,N/A,no building has appeared in the area and no building has disappeared in the area .,no building has appeared in the area and no building has disappeared in the area
22_06_05_cap,1,1,1,none,none,OK,,,N/A,,,N/A,,,N/A,,,N/A,no building has appeared in the area and no building has disappeared in the area .,no building has appeared in the area and no building has disappeared in the area
22_06_06_cap,1,1,1,none,none,OK,,,N/A,,,N/A,,,N/A,,,N/A,no building has appeared in the area and no building has disappeared in the area .,no building has appeared in the area and no building has disappeared in the area
22_06_07_cap,1,1,1,none,none,OK,,,N/A,,,N/A,,,N/A,,,N/A,no building has appeared in the area and no building has disappeared in the area .,no building has appeared in the area and no building has disappeared in the area
22_07_00_cap,0,0,0,appear,appear,OK,,,N/A,center|top-right,top-right,WRONG,area|tree,area,PART,,,N/A,several closely located new residential have appeared in the top right to right center among the trees and no building has disappeared in the area .,several closely located new residential have appeared in the top right in the parking area and no building has disappeared in the area
22_07_01_cap,0,0,0,appear,appear,OK,several,-,WRONG,center|top-right,top-right,WRONG,area|land,area,PART,dense,sparse,WRONG,several dense new buildings have appeared in the top right in the parking area and a residential has disappeared in the right center on bare land .,several sparse new residential have appeared in the top right in the parking area and no building has disappeared in the area
22_07_02_cap,0,0,1,appear,none,WRONG,,,N/A,center|left|top,-,WRONG,among,-,WRONG,sparse,-,WRONG,several sparse new residential have appeared in the top center among the trees and several sparse residential have disappeared in the left center among the trees .,no building has appeared in the area and no building has disappeared in the area
22_07_03_cap,0,0,1,appear,none,WRONG,,,N/A,top-left,-,WRONG,among,-,WRONG,,,N/A,several <UNK> new residential have appeared in the top left among the trees and a residential has disappeared in the top left among the trees .,no building has appeared in the area and no building has disappeared in the area
22_07_04_cap,1,1,1,none,none,OK,,,N/A,,,N/A,,,N/A,,,N/A,no building has appeared in the area and no building has disappeared in the area .,no building has appeared in the area and no building has disappeared in the area
22_07_05_cap,1,1,1,none,none,OK,,,N/A,,,N/A,,,N/A,,,N/A,no building has appeared in the area and no building has disappeared in the area .,no building has appeared in the area and no building has disappeared in the area
22_07_06_cap,1,1,1,none,none,OK,,,N/A,,,N/A,,,N/A,,,N/A,no building has appeared in the area and no building has disappeared in the area .,no building has appeared in the area and no building has disappeared in the area
22_07_07_cap,1,1,1,none,none,OK,,,N/A,,,N/A,,,N/A,,,N/A,no building has appeared in the area and no building has disappeared in the area .,no building has appeared in the area and no building has disappeared in the area
26_00_00_cap,1,1,1,none,none,OK,,,N/A,,,N/A,,,N/A,,,N/A,no building has appeared in the area and no building has disappeared in the area .,no building has appeared in the area and no building has disappeared in the area
26_00_01_cap,1,1,1,none,none,OK,,,N/A,,,N/A,,,N/A,,,N/A,no building has appeared in the area and no building has disappeared in the area .,no building has appeared in the area and no building has disappeared in the area
26_00_02_cap,1,1,1,none,none,OK,,,N/A,,,N/A,,,N/A,,,N/A,no building has appeared in the area and no building has disappeared in the area .,no building has appeared in the area and no building has disappeared in the area
26_00_03_cap,1,1,1,none,none,OK,,,N/A,,,N/A,,,N/A,,,N/A,no building has appeared in the area and no building has disappeared in the area .,no building has appeared in the area and no building has disappeared in the area
26_00_04_cap,1,1,1,none,none,OK,,,N/A,,,N/A,,,N/A,,,N/A,no building has appeared in the area and no building has disappeared in the area .,no building has appeared in the area and no building has disappeared in the area
26_00_05_cap,0,0,1,disappear,none,WRONG,,,N/A,top-right,-,WRONG,among,-,WRONG,,,N/A,no building has appeared in the area and a residential has disappeared in the top right among the trees .,no building has appeared in the area and no building has disappeared in the area
26_00_06_cap,0,0,1,disappear,none,WRONG,,,N/A,top-right,-,WRONG,among,-,WRONG,,,N/A,no building has appeared in the area and a residential has disappeared in the top right among the trees .,no building has appeared in the area and no building has disappeared in the area
26_00_07_cap,0,0,1,disappear,none,WRONG,,,N/A,center|top,-,WRONG,land,-,WRONG,,,N/A,no building has appeared in the area and a residential has disappeared in the top center on bare land .,no building has appeared in the area and no building has disappeared in the area
26_01_00_cap,1,1,1,none,none,OK,,,N/A,,,N/A,,,N/A,,,N/A,no building has appeared in the area and no building has disappeared in the area .,no building has appeared in the area and no building has disappeared in the area
26_01_01_cap,1,1,1,none,none,OK,,,N/A,,,N/A,,,N/A,,,N/A,no building has appeared in the area and no building has disappeared in the area .,no building has appeared in the area and no building has disappeared in the area
26_01_02_cap,1,1,1,none,none,OK,,,N/A,,,N/A,,,N/A,,,N/A,no building has appeared in the area and no building has disappeared in the area .,no building has appeared in the area and no building has disappeared in the area
26_01_03_cap,1,1,1,none,none,OK,,,N/A,,,N/A,,,N/A,,,N/A,no building has appeared in the area and no building has disappeared in the area .,no building has appeared in the area and no building has disappeared in the area
26_01_04_cap,1,1,1,none,none,OK,,,N/A,,,N/A,,,N/A,,,N/A,no building has appeared in the area and no building has disappeared in the area .,no building has appeared in the area and no building has disappeared in the area
26_01_05_cap,1,1,1,none,none,OK,,,N/A,,,N/A,,,N/A,,,N/A,no building has appeared in the area and no building has disappeared in the area .,no building has appeared in the area and no building has disappeared in the area
26_01_06_cap,1,1,1,none,none,OK,,,N/A,,,N/A,,,N/A,,,N/A,no building has appeared in the area and no building has disappeared in the area .,no building has appeared in the area and no building has disappeared in the area
26_01_07_cap,1,1,1,none,none,OK,,,N/A,,,N/A,,,N/A,,,N/A,no building has appeared in the area and no building has disappeared in the area .,no building has appeared in the area and no building has disappeared in the area
26_02_00_cap,1,1,1,none,none,OK,,,N/A,,,N/A,,,N/A,,,N/A,no building has appeared in the area and no building has disappeared in the area .,no building has appeared in the area and no building has disappeared in the area
26_02_01_cap,1,1,1,none,none,OK,,,N/A,,,N/A,,,N/A,,,N/A,no building has appeared in the area and no building has disappeared in the area .,no building has appeared in the area and no building has disappeared in the area
26_02_02_cap,1,1,1,none,none,OK,,,N/A,,,N/A,,,N/A,,,N/A,no building has appeared in the area and no building has disappeared in the area .,no building has appeared in the area and no building has disappeared in the area
26_02_03_cap,1,1,1,none,none,OK,,,N/A,,,N/A,,,N/A,,,N/A,no building has appeared in the area and no building has disappeared in the area .,no building has appeared in the area and no building has disappeared in the area
26_02_04_cap,1,1,1,none,none,OK,,,N/A,,,N/A,,,N/A,,,N/A,no building has appeared in the area and no building has disappeared in the area .,no building has appeared in the area and no building has disappeared in the area
26_02_05_cap,1,1,1,none,none,OK,,,N/A,,,N/A,,,N/A,,,N/A,no building has appeared in the area and no building has disappeared in the area .,no building has appeared in the area and no building has disappeared in the area
26_02_06_cap,1,1,1,none,none,OK,,,N/A,,,N/A,,,N/A,,,N/A,no building has appeared in the area and no building has disappeared in the area .,no building has appeared in the area and no building has disappeared in the area
26_02_07_cap,1,1,1,none,none,OK,,,N/A,,,N/A,,,N/A,,,N/A,no building has appeared in the area and no building has disappeared in the area .,no building has appeared in the area and no building has disappeared in the area
26_03_00_cap,1,1,1,none,none,OK,,,N/A,,,N/A,,,N/A,,,N/A,no building has appeared in the area and no building has disappeared in the area .,no building has appeared in the area and no building has disappeared in the area
26_03_01_cap,1,1,1,none,none,OK,,,N/A,,,N/A,,,N/A,,,N/A,no building has appeared in the area and no building has disappeared in the area .,no building has appeared in the area and no building has disappeared in the area
26_03_02_cap,1,1,1,none,none,OK,,,N/A,,,N/A,,,N/A,,,N/A,no building has appeared in the area and no building has disappeared in the area .,no building has appeared in the area and no building has disappeared in the area
26_03_03_cap,1,1,1,none,none,OK,,,N/A,,,N/A,,,N/A,,,N/A,no building has appeared in the area and no building has disappeared in the area .,no building has appeared in the area and no building has disappeared in the area
26_03_04_cap,1,1,1,none,none,OK,,,N/A,,,N/A,,,N/A,,,N/A,no building has appeared in the area and no building has disappeared in the area .,no building has appeared in the area and no building has disappeared in the area
26_03_05_cap,1,1,1,none,none,OK,,,N/A,,,N/A,,,N/A,,,N/A,no building has appeared in the area and no building has disappeared in the area .,no building has appeared in the area and no building has disappeared in the area
26_03_06_cap,1,1,1,none,none,OK,,,N/A,,,N/A,,,N/A,,,N/A,no building has appeared in the area and no building has disappeared in the area .,no building has appeared in the area and no building has disappeared in the area
26_03_07_cap,1,1,1,none,none,OK,,,N/A,,,N/A,,,N/A,,,N/A,no building has appeared in the area and no building has disappeared in the area .,no building has appeared in the area and no building has disappeared in the area
26_04_00_cap,1,1,1,none,none,OK,,,N/A,,,N/A,,,N/A,,,N/A,no building has appeared in the area and no building has disappeared in the area .,no building has appeared in the area and no building has disappeared in the area
26_04_01_cap,1,1,1,none,none,OK,,,N/A,,,N/A,,,N/A,,,N/A,no building has appeared in the area and no building has disappeared in the area .,no building has appeared in the area and no building has disappeared in the area
26_04_02_cap,1,1,1,none,none,OK,,,N/A,,,N/A,,,N/A,,,N/A,no building has appeared in the area and no building has disappeared in the area .,no building has appeared in the area and no building has disappeared in the area
26_04_03_cap,1,1,1,none,none,OK,,,N/A,,,N/A,,,N/A,,,N/A,no building has appeared in the area and no building has disappeared in the area .,no building has appeared in the area and no building has disappeared in the area
26_04_04_cap,1,1,1,none,none,OK,,,N/A,,,N/A,,,N/A,,,N/A,no building has appeared in the area and no building has disappeared in the area .,no building has appeared in the area and no building has disappeared in the area
26_04_05_cap,1,1,1,none,none,OK,,,N/A,,,N/A,,,N/A,,,N/A,no building has appeared in the area and no building has disappeared in the area .,no building has appeared in the area and no building has disappeared in the area
26_04_06_cap,1,1,1,none,none,OK,,,N/A,,,N/A,,,N/A,,,N/A,no building has appeared in the area and no building has disappeared in the area .,no building has appeared in the area and no building has disappeared in the area
26_04_07_cap,1,1,1,none,none,OK,,,N/A,,,N/A,,,N/A,,,N/A,no building has appeared in the area and no building has disappeared in the area .,no building has appeared in the area and no building has disappeared in the area
26_05_00_cap,1,1,1,none,none,OK,,,N/A,,,N/A,,,N/A,,,N/A,no building has appeared in the area and no building has disappeared in the area .,no building has appeared in the area and no building has disappeared in the area
26_05_01_cap,1,1,1,none,none,OK,,,N/A,,,N/A,,,N/A,,,N/A,no building has appeared in the area and no building has disappeared in the area .,no building has appeared in the area and no building has disappeared in the area
26_05_02_cap,1,1,1,none,none,OK,,,N/A,,,N/A,,,N/A,,,N/A,no building has appeared in the area and no building has disappeared in the area .,no building has appeared in the area and no building has disappeared in the area
26_05_03_cap,1,1,1,none,none,OK,,,N/A,,,N/A,,,N/A,,,N/A,no building has appeared in the area and no building has disappeared in the area .,no building has appeared in the area and no building has disappeared in the area
26_05_04_cap,1,1,1,none,none,OK,,,N/A,,,N/A,,,N/A,,,N/A,no building has appeared in the area and no building has disappeared in the area .,no building has appeared in the area and no building has disappeared in the area
26_05_05_cap,1,1,1,none,none,OK,,,N/A,,,N/A,,,N/A,,,N/A,no building has appeared in the area and no building has disappeared in the area .,no building has appeared in the area and no building has disappeared in the area
26_05_06_cap,1,1,1,none,none,OK,,,N/A,,,N/A,,,N/A,,,N/A,no building has appeared in the area and no building has disappeared in the area .,no building has appeared in the area and no building has disappeared in the area
26_05_07_cap,1,1,1,none,none,OK,,,N/A,,,N/A,,,N/A,,,N/A,no building has appeared in the area and no building has disappeared in the area .,no building has appeared in the area and no building has disappeared in the area
26_06_00_cap,1,1,1,none,none,OK,,,N/A,,,N/A,,,N/A,,,N/A,no building has appeared in the area and no building has disappeared in the area .,no building has appeared in the area and no building has disappeared in the area
26_06_01_cap,1,1,1,none,none,OK,,,N/A,,,N/A,,,N/A,,,N/A,no building has appeared in the area and no building has disappeared in the area .,no building has appeared in the area and no building has disappeared in the area
26_06_02_cap,1,1,1,none,none,OK,,,N/A,,,N/A,,,N/A,,,N/A,no building has appeared in the area and no building has disappeared in the area .,no building has appeared in the area and no building has disappeared in the area
26_06_03_cap,1,1,1,none,none,OK,,,N/A,,,N/A,,,N/A,,,N/A,no building has appeared in the area and no building has disappeared in the area .,no building has appeared in the area and no building has disappeared in the area
26_06_04_cap,1,1,1,none,none,OK,,,N/A,,,N/A,,,N/A,,,N/A,no building has appeared in the area and no building has disappeared in the area .,no building has appeared in the area and no building has disappeared in the area
26_06_05_cap,1,1,1,none,none,OK,,,N/A,,,N/A,,,N/A,,,N/A,no building has appeared in the area and no building has disappeared in the area .,no building has appeared in the area and no building has disappeared in the area
26_06_06_cap,1,1,1,none,none,OK,,,N/A,,,N/A,,,N/A,,,N/A,no building has appeared in the area and no building has disappeared in the area .,no building has appeared in the area and no building has disappeared in the area
26_06_07_cap,1,1,1,none,none,OK,,,N/A,,,N/A,,,N/A,,,N/A,no building has appeared in the area and no building has disappeared in the area .,no building has appeared in the area and no building has disappeared in the area
26_07_00_cap,1,1,1,none,none,OK,,,N/A,,,N/A,,,N/A,,,N/A,no building has appeared in the area and no building has disappeared in the area .,no building has appeared in the area and no building has disappeared in the area
26_07_01_cap,1,1,1,none,none,OK,,,N/A,,,N/A,,,N/A,,,N/A,no building has appeared in the area and no building has disappeared in the area .,no building has appeared in the area and no building has disappeared in the area
26_07_02_cap,1,1,1,none,none,OK,,,N/A,,,N/A,,,N/A,,,N/A,no building has appeared in the area and no building has disappeared in the area .,no building has appeared in the area and no building has disappeared in the area
26_07_03_cap,1,1,1,none,none,OK,,,N/A,,,N/A,,,N/A,,,N/A,no building has appeared in the area and no building has disappeared in the area .,no building has appeared in the area and no building has disappeared in the area
26_07_04_cap,0,0,1,appear,none,WRONG,,,N/A,center|right,-,WRONG,land,-,WRONG,,,N/A,several <UNK> new residential have appeared in the right center on bare land and no building has disappeared in the area .,no building has appeared in the area and no building has disappeared in the area
26_07_05_cap,0,0,1,appear,none,WRONG,,,N/A,center|left,-,WRONG,area,-,WRONG,,,N/A,several <UNK> new residential have appeared in the left center in the parking area and no building has disappeared in the area .,no building has appeared in the area and no building has disappeared in the area
26_07_06_cap,1,1,1,none,none,OK,,,N/A,,,N/A,,,N/A,,,N/A,no building has appeared in the area and no building has disappeared in the area .,no building has appeared in the area and no building has disappeared in the area
26_07_07_cap,1,1,1,none,none,OK,,,N/A,,,N/A,,,N/A,,,N/A,no building has appeared in the area and no building has disappeared in the area .,no building has appeared in the area and no building has disappeared in the area
2_00_00_cap,1,1,1,none,none,OK,,,N/A,,,N/A,,,N/A,,,N/A,no building has appeared in the area and no building has disappeared in the area .,no building has appeared in the area and no building has disappeared in the area
2_00_01_cap,1,1,1,none,none,OK,,,N/A,,,N/A,,,N/A,,,N/A,no building has appeared in the area and no building has disappeared in the area .,no building has appeared in the area and no building has disappeared in the area
2_00_02_cap,0,0,1,appear,none,WRONG,,,N/A,center|right,-,WRONG,among|area,-,WRONG,,,N/A,a new residential has appeared in the right center among the trees and no building has disappeared in the area .,no building has appeared in the area and no building has disappeared in the area
2_00_03_cap,0,0,0,appear,appear,OK,,,N/A,bottom|center|left,center,WRONG,area,area,OK,,,N/A,several closely located new buildings have appeared in the bottom center to left center in the parking area and no building has disappeared in the area .,several sparse new residential have appeared in the center in the parking area and no building has disappeared in the area
2_00_04_cap,0,0,1,appear,none,WRONG,several,-,WRONG,bottom-right,-,WRONG,area,-,WRONG,dense,-,WRONG,several dense new residential have appeared in different areas in the parking area and several sparse buildings have disappeared in the bottom right in the parking area .,no building has appeared in the area and no building has disappeared in the area
2_00_05_cap,0,0,0,appear,disappear,WRONG,,,N/A,bottom-left,bottom-left,OK,among|area,area,PART,sparse,-,WRONG,several sparse new residential have appeared in different areas in the parking area and several sparse residential have disappeared in the bottom left among the trees .,no building has appeared in the area and several closely located residential have disappeared in the bottom left in the parking area
2_00_06_cap,1,1,1,none,none,OK,,,N/A,,,N/A,,,N/A,,,N/A,no building has appeared in the area and no building has disappeared in the area .,no building has appeared in the area and no building has disappeared in the area
2_00_07_cap,1,1,1,none,none,OK,,,N/A,,,N/A,,,N/A,,,N/A,no building has appeared in the area and no building has disappeared in the area .,no building has appeared in the area and no building has disappeared in the area
2_01_00_cap,1,1,1,none,none,OK,,,N/A,,,N/A,,,N/A,,,N/A,no building has appeared in the area and no building has disappeared in the area .,no building has appeared in the area and no building has disappeared in the area
2_01_01_cap,1,1,1,none,none,OK,,,N/A,,,N/A,,,N/A,,,N/A,no building has appeared in the area and no building has disappeared in the area .,no building has appeared in the area and no building has disappeared in the area
2_01_02_cap,1,1,1,none,none,OK,,,N/A,,,N/A,,,N/A,,,N/A,no building has appeared in the area and no building has disappeared in the area .,no building has appeared in the area and no building has disappeared in the area
2_01_03_cap,1,1,1,none,none,OK,,,N/A,,,N/A,,,N/A,,,N/A,no building has appeared in the area and no building has disappeared in the area .,no building has appeared in the area and no building has disappeared in the area
2_01_04_cap,0,0,0,appear,appear,OK,,,N/A,center|top,bottom-right|center|top,WRONG,along|area,area|tree,PART,,,N/A,a new residential has appeared in the top center along the roads and no building has disappeared in the area .,several closely located new residential have appeared in the top center to bottom right among the trees and no building has disappeared in the area
2_01_05_cap,0,0,0,disappear,disappear,OK,,,N/A,top-left,center|top-left,WRONG,along,land,WRONG,,,N/A,no building has appeared in the area and a residential has disappeared in the top left along the roads .,no building has appeared in the area and several closely located residential have disappeared in the top left to top center on bare land
2_01_06_cap,1,1,1,none,none,OK,,,N/A,,,N/A,,,N/A,,,N/A,no building has appeared in the area and no building has disappeared in the area .,no building has appeared in the area and no building has disappeared in the area
2_01_07_cap,1,1,1,none,none,OK,,,N/A,,,N/A,,,N/A,,,N/A,no building has appeared in the area and no building has disappeared in the area .,no building has appeared in the area and no building has disappeared in the area
2_02_00_cap,1,1,1,none,none,OK,,,N/A,,,N/A,,,N/A,,,N/A,no building has appeared in the area and no building has disappeared in the area .,no building has appeared in the area and no building has disappeared in the area
2_02_01_cap,1,1,1,none,none,OK,,,N/A,,,N/A,,,N/A,,,N/A,no building has appeared in the area and no building has disappeared in the area .,no building has appeared in the area and no building has disappeared in the area
2_02_02_cap,1,1,1,none,none,OK,,,N/A,,,N/A,,,N/A,,,N/A,no building has appeared in the area and no building has disappeared in the area .,no building has appeared in the area and no building has disappeared in the area
2_02_03_cap,1,1,1,none,none,OK,,,N/A,,,N/A,,,N/A,,,N/A,no building has appeared in the area and no building has disappeared in the area .,no building has appeared in the area and no building has disappeared in the area
2_02_04_cap,1,1,1,none,none,OK,,,N/A,,,N/A,,,N/A,,,N/A,no building has appeared in the area and no building has disappeared in the area .,no building has appeared in the area and no building has disappeared in the area
2_02_05_cap,1,1,1,none,none,OK,,,N/A,,,N/A,,,N/A,,,N/A,no building has appeared in the area and no building has disappeared in the area .,no building has appeared in the area and no building has disappeared in the area
2_02_06_cap,0,1,0,none,appear,WRONG,,,N/A,,,N/A,,,N/A,,,N/A,no building has appeared in the area and no building has disappeared in the area .,a new residential has appeared in the bottom right on bare land and no building has disappeared in the area
2_02_07_cap,0,0,1,appear,none,WRONG,,,N/A,bottom|center,-,WRONG,area,-,WRONG,,,N/A,a new residential has appeared in the bottom center in the parking area and no building has disappeared in the area .,no building has appeared in the area and no building has disappeared in the area
2_03_00_cap,1,1,1,none,none,OK,,,N/A,,,N/A,,,N/A,,,N/A,no building has appeared in the area and no building has disappeared in the area .,no building has appeared in the area and no building has disappeared in the area
2_03_01_cap,1,1,1,none,none,OK,,,N/A,,,N/A,,,N/A,,,N/A,no building has appeared in the area and no building has disappeared in the area .,no building has appeared in the area and no building has disappeared in the area
2_03_02_cap,1,1,1,none,none,OK,,,N/A,,,N/A,,,N/A,,,N/A,no building has appeared in the area and no building has disappeared in the area .,no building has appeared in the area and no building has disappeared in the area
2_03_03_cap,0,0,0,appear,appear,OK,,,N/A,bottom-left|bottom-right,bottom-right,WRONG,area,land,WRONG,sparse,-,WRONG,several sparse new residential have appeared in the bottom left to bottom right in the parking area and no building has disappeared in the area .,a new residential has appeared in the bottom right on bare land and no building has disappeared in the area
2_03_04_cap,0,0,1,appear,none,WRONG,,,N/A,bottom-left|center,-,WRONG,area,-,WRONG,,,N/A,several closely located new residential have appeared in the bottom left to bottom center in the parking area and no building has disappeared in the area .,no building has appeared in the area and no building has disappeared in the area
2_03_05_cap,0,0,0,appear,appear,OK,several,-,WRONG,,,N/A,area,land,WRONG,dense,sparse,WRONG,several dense new buildings have appeared in different areas in the parking area and no building has disappeared in the area .,several sparse new residential have appeared in the bottom center to bottom right on bare land and no building has disappeared in the area
2_03_06_cap,0,0,0,appear,appear,OK,,,N/A,center|left,center|top-left,WRONG,land,land,OK,,,N/A,a new residential has appeared in the left center on bare land and no building has disappeared in the area .,several closely located new residential have appeared in the top left to left center on bare land and no building has disappeared in the area
2_03_07_cap,0,0,1,appear,none,WRONG,,,N/A,bottom-left|top-left,-,WRONG,along|among,-,WRONG,,,N/A,a new residential has appeared in the top left along the roads and a residential has disappeared in the bottom left among the trees .,no building has appeared in the area and no building has disappeared in the area
2_04_00_cap,1,1,1,none,none,OK,,,N/A,,,N/A,,,N/A,,,N/A,no building has appeared in the area and no building has disappeared in the area .,no building has appeared in the area and no building has disappeared in the area
2_04_01_cap,1,1,1,none,none,OK,,,N/A,,,N/A,,,N/A,,,N/A,no building has appeared in the area and no building has disappeared in the area .,no building has appeared in the area and no building has disappeared in the area
2_04_02_cap,0,0,1,appear,none,WRONG,,,N/A,bottom-right|center,-,WRONG,among|tree,-,WRONG,,,N/A,a new residential has appeared in the right center among the trees and several closely located residential have disappeared in the bottom center to bottom right among the trees .,no building has appeared in the area and no building has disappeared in the area
2_04_03_cap,0,0,0,appear,appear,OK,,,N/A,center|left,top-right,WRONG,area,area,OK,dense,sparse,WRONG,several dense new residential have appeared in the left center in the parking area and no building has disappeared in the area .,several sparse new residential have appeared in the top right in the parking area and no building has disappeared in the area
2_04_04_cap,0,0,0,appear,appear,OK,,,N/A,top-left,top-left,OK,among|area,area,PART,dense,-,WRONG,several dense new residential have appeared in the top left among the trees and no building has disappeared in the area .,a new residential has appeared in the top left in the parking area and no building has disappeared in the area
2_04_05_cap,0,0,1,appear,none,WRONG,,,N/A,bottom-right|top-left,-,WRONG,along|among,-,WRONG,,,N/A,a new residential has appeared in the top left among the trees and a residential has disappeared in the bottom right along the roads .,no building has appeared in the area and no building has disappeared in the area
2_04_06_cap,0,0,0,appear,disappear,WRONG,,,N/A,bottom-left|center|right,bottom-right,WRONG,among|land,land,PART,sparse,-,WRONG,a new residential has appeared in the bottom left among the trees and several sparse residential have disappeared in the right center on bare land .,no building has appeared in the area and a residential has disappeared in the bottom right on bare land
2_04_07_cap,0,0,0,disappear,appear,WRONG,,,N/A,center|left,bottom-left,WRONG,area,area|land,PART,,,N/A,no building has appeared in the area and several <UNK> residential have disappeared in the left center in the parking area .,a new residential has appeared in the bottom left in the parking area and several closely located residential have disappeared in the bottom left on bare land
2_05_00_cap,1,1,1,none,none,OK,,,N/A,,,N/A,,,N/A,,,N/A,no building has appeared in the area and no building has disappeared in the area .,no building has appeared in the area and no building has disappeared in the area
2_05_01_cap,1,1,1,none,none,OK,,,N/A,,,N/A,,,N/A,,,N/A,no building has appeared in the area and no building has disappeared in the area .,no building has appeared in the area and no building has disappeared in the area
2_05_02_cap,0,0,0,disappear,disappear,OK,,,N/A,center|top-right,top-right,WRONG,road,land,WRONG,,,N/A,no building has appeared in the area and several closely located residential have disappeared in the top center to top right along the roads .,no building has appeared in the area and a residential has disappeared in the top right on bare land
2_05_03_cap,0,0,1,disappear,none,WRONG,,,N/A,top-left,-,WRONG,land,-,WRONG,,,N/A,no building has appeared in the area and a residential has disappeared in the top left on bare land .,no building has appeared in the area and no building has disappeared in the area
2_05_04_cap,0,0,0,appear,appear,OK,,,N/A,center|right,bottom-right|center,WRONG,area|land,area,PART,sparse,-,WRONG,a new residential has appeared in the center in the parking area and several sparse residential have disappeared in the right center on bare land .,several closely located new residential have appeared in the center to bottom right in the parking area and no building has disappeared in the area
2_05_05_cap,0,0,0,appear,appear,OK,several,-,WRONG,,,N/A,area,area,OK,sparse,-,WRONG,several sparse new buildings have appeared in different areas in the parking area and several sparse buildings have disappeared in different areas in the parking area .,a new residential has appeared in the center in the parking area and no building has disappeared in the area
2_05_06_cap,0,0,1,disappear,none,WRONG,,,N/A,top-left,-,WRONG,area,-,WRONG,,,N/A,no building has appeared in the area and a residential has disappeared in the top left in the parking area .,no building has appeared in the area and no building has disappeared in the area
2_05_07_cap,1,1,1,none,none,OK,,,N/A,,,N/A,,,N/A,,,N/A,no building has appeared in the area and no building has disappeared in the area .,no building has appeared in the area and no building has disappeared in the area
2_06_00_cap,1,1,1,none,none,OK,,,N/A,,,N/A,,,N/A,,,N/A,no building has appeared in the area and no building has disappeared in the area .,no building has appeared in the area and no building has disappeared in the area
2_06_01_cap,1,1,1,none,none,OK,,,N/A,,,N/A,,,N/A,,,N/A,no building has appeared in the area and no building has disappeared in the area .,no building has appeared in the area and no building has disappeared in the area
2_06_02_cap,1,1,1,none,none,OK,,,N/A,,,N/A,,,N/A,,,N/A,no building has appeared in the area and no building has disappeared in the area .,no building has appeared in the area and no building has disappeared in the area
2_06_03_cap,1,1,1,none,none,OK,,,N/A,,,N/A,,,N/A,,,N/A,no building has appeared in the area and no building has disappeared in the area .,no building has appeared in the area and no building has disappeared in the area
2_06_04_cap,1,1,1,none,none,OK,,,N/A,,,N/A,,,N/A,,,N/A,no building has appeared in the area and no building has disappeared in the area .,no building has appeared in the area and no building has disappeared in the area
2_06_05_cap,0,0,1,disappear,none,WRONG,,,N/A,center|top,-,WRONG,among,-,WRONG,,,N/A,no building has appeared in the area and a residential has disappeared in the top center among the trees .,no building has appeared in the area and no building has disappeared in the area
2_06_06_cap,0,0,0,disappear,disappear,OK,,,N/A,,,N/A,area,area,OK,sparse,-,WRONG,no building has appeared in the area and several sparse residential have disappeared in different areas in the parking area .,no building has appeared in the area and a residential has disappeared in the top left in the parking area
2_06_07_cap,0,1,0,none,appear,WRONG,,,N/A,,,N/A,,,N/A,,,N/A,no building has appeared in the area and no building has disappeared in the area .,a new building has appeared in the left center in the parking area and no building has disappeared in the area
2_07_00_cap,1,1,1,none,none,OK,,,N/A,,,N/A,,,N/A,,,N/A,no building has appeared in the area and no building has disappeared in the area .,no building has appeared in the area and no building has disappeared in the area
2_07_01_cap,1,1,1,none,none,OK,,,N/A,,,N/A,,,N/A,,,N/A,no building has appeared in the area and no building has disappeared in the area .,no building has appeared in the area and no building has disappeared in the area
2_07_02_cap,1,1,1,none,none,OK,,,N/A,,,N/A,,,N/A,,,N/A,no building has appeared in the area and no building has disappeared in the area .,no building has appeared in the area and no building has disappeared in the area
2_07_03_cap,1,1,1,none,none,OK,,,N/A,,,N/A,,,N/A,,,N/A,no building has appeared in the area and no building has disappeared in the area .,no building has appeared in the area and no building has disappeared in the area
2_07_04_cap,1,1,1,none,none,OK,,,N/A,,,N/A,,,N/A,,,N/A,no building has appeared in the area and no building has disappeared in the area .,no building has appeared in the area and no building has disappeared in the area
2_07_05_cap,1,1,1,none,none,OK,,,N/A,,,N/A,,,N/A,,,N/A,no building has appeared in the area and no building has disappeared in the area .,no building has appeared in the area and no building has disappeared in the area
2_07_06_cap,0,0,1,disappear,none,WRONG,several,-,WRONG,,,N/A,area,-,WRONG,sparse,-,WRONG,no building has appeared in the area and several sparse buildings have disappeared in different areas in the parking area .,no building has appeared in the area and no building has disappeared in the area
2_07_07_cap,1,1,1,none,none,OK,,,N/A,,,N/A,,,N/A,,,N/A,no building has appeared in the area and no building has disappeared in the area .,no building has appeared in the area and no building has disappeared in the area
37_00_00_cap,1,1,1,none,none,OK,,,N/A,,,N/A,,,N/A,,,N/A,no building has appeared in the area and no building has disappeared in the area .,no building has appeared in the area and no building has disappeared in the area
37_00_01_cap,1,1,1,none,none,OK,,,N/A,,,N/A,,,N/A,,,N/A,no building has appeared in the area and no building has disappeared in the area .,no building has appeared in the area and no building has disappeared in the area
37_00_02_cap,1,1,1,none,none,OK,,,N/A,,,N/A,,,N/A,,,N/A,no building has appeared in the area and no building has disappeared in the area .,no building has appeared in the area and no building has disappeared in the area
37_00_03_cap,1,1,1,none,none,OK,,,N/A,,,N/A,,,N/A,,,N/A,no building has appeared in the area and no building has disappeared in the area .,no building has appeared in the area and no building has disappeared in the area
37_00_04_cap,0,0,1,appear,none,WRONG,,,N/A,center|right,-,WRONG,area,-,WRONG,,,N/A,a new residential has appeared in the right center in the parking area and no building has disappeared in the area .,no building has appeared in the area and no building has disappeared in the area
37_00_05_cap,0,0,1,appear,none,WRONG,several,-,WRONG,center|top-left,-,WRONG,area,-,WRONG,sparse,-,WRONG,several sparse new buildings have appeared in the top left to center in the parking area and no building has disappeared in the area .,no building has appeared in the area and no building has disappeared in the area
37_00_06_cap,1,1,1,none,none,OK,,,N/A,,,N/A,,,N/A,,,N/A,no building has appeared in the area and no building has disappeared in the area .,no building has appeared in the area and no building has disappeared in the area
37_00_07_cap,0,0,1,appear,none,WRONG,,,N/A,bottom-left|center,-,WRONG,area,-,WRONG,,,N/A,several closely located new residential have appeared in the bottom center in the parking area and several closely located buildings have disappeared in the bottom left in the parking area .,no building has appeared in the area and no building has disappeared in the area
37_01_00_cap,1,1,1,none,none,OK,,,N/A,,,N/A,,,N/A,,,N/A,no building has appeared in the area and no building has disappeared in the area .,no building has appeared in the area and no building has disappeared in the area
37_01_01_cap,1,1,1,none,none,OK,,,N/A,,,N/A,,,N/A,,,N/A,no building has appeared in the area and no building has disappeared in the area .,no building has appeared in the area and no building has disappeared in the area
37_01_02_cap,1,1,1,none,none,OK,,,N/A,,,N/A,,,N/A,,,N/A,no building has appeared in the area and no building has disappeared in the area .,no building has appeared in the area and no building has disappeared in the area
37_01_03_cap,1,1,1,none,none,OK,,,N/A,,,N/A,,,N/A,,,N/A,no building has appeared in the area and no building has disappeared in the area .,no building has appeared in the area and no building has disappeared in the area
37_01_04_cap,1,1,1,none,none,OK,,,N/A,,,N/A,,,N/A,,,N/A,no building has appeared in the area and no building has disappeared in the area .,no building has appeared in the area and no building has disappeared in the area
37_01_05_cap,0,0,1,appear,none,WRONG,,,N/A,center|top,-,WRONG,land,-,WRONG,,,N/A,a new residential has appeared in the top center on bare land and no building has disappeared in the area .,no building has appeared in the area and no building has disappeared in the area
37_01_06_cap,0,0,1,appear,none,WRONG,,,N/A,center|top,-,WRONG,among|area,-,WRONG,,,N/A,a new residential has appeared in the top center among the trees and no building has disappeared in the area .,no building has appeared in the area and no building has disappeared in the area
37_01_07_cap,0,0,0,appear,appear,OK,,,N/A,bottom|center|top-left,bottom|center,WRONG,land,area,WRONG,sparse,-,WRONG,several sparse new residential have appeared in the bottom center on bare land and several closely located residential have disappeared in the top left on bare land .,a new residential has appeared in the bottom center in the parking area and no building has disappeared in the area
37_02_00_cap,1,1,1,none,none,OK,,,N/A,,,N/A,,,N/A,,,N/A,no building has appeared in the area and no building has disappeared in the area .,no building has appeared in the area and no building has disappeared in the area
37_02_01_cap,1,1,1,none,none,OK,,,N/A,,,N/A,,,N/A,,,N/A,no building has appeared in the area and no building has disappeared in the area .,no building has appeared in the area and no building has disappeared in the area
37_02_02_cap,1,1,1,none,none,OK,,,N/A,,,N/A,,,N/A,,,N/A,no building has appeared in the area and no building has disappeared in the area .,no building has appeared in the area and no building has disappeared in the area
37_02_03_cap,1,1,1,none,none,OK,,,N/A,,,N/A,,,N/A,,,N/A,no building has appeared in the area and no building has disappeared in the area .,no building has appeared in the area and no building has disappeared in the area
37_02_04_cap,1,1,1,none,none,OK,,,N/A,,,N/A,,,N/A,,,N/A,no building has appeared in the area and no building has disappeared in the area .,no building has appeared in the area and no building has disappeared in the area
37_02_05_cap,0,0,0,appear,appear,OK,,,N/A,bottom-right,bottom-right|center,WRONG,among|area,area|road,PART,,,N/A,a new residential has appeared in the bottom right among the trees and no building has disappeared in the area .,several closely located new residential have appeared in the bottom right to right center along the roads and no building has disappeared in the area
37_02_06_cap,0,0,0,appear,appear,OK,,,N/A,bottom-left|center|right,bottom-left|bottom-right|center,WRONG,among|area,area,PART,,,N/A,several closely located new residential have appeared in the bottom left in the parking area and several <UNK> residential have disappeared in the right center among the trees .,several sparse new residential have appeared in the bottom left to left center and several sparse buildings have disappeared in the bottom right to right center in the parking area
37_02_07_cap,0,0,0,appear,disappear,WRONG,,,N/A,center|left|top,bottom-left,WRONG,area|land,land,PART,dense,-,WRONG,several closely located new residential have appeared in the top center on bare land and several dense residential have disappeared in the left center in the parking area .,no building has appeared in the area and a residential has disappeared in the bottom left on bare land
37_03_00_cap,1,1,1,none,none,OK,,,N/A,,,N/A,,,N/A,,,N/A,no building has appeared in the area and no building has disappeared in the area .,no building has appeared in the area and no building has disappeared in the area
37_03_01_cap,1,1,1,none,none,OK,,,N/A,,,N/A,,,N/A,,,N/A,no building has appeared in the area and no building has disappeared in the area .,no building has appeared in the area and no building has disappeared in the area
37_03_02_cap,1,1,1,none,none,OK,,,N/A,,,N/A,,,N/A,,,N/A,no building has appeared in the area and no building has disappeared in the area .,no building has appeared in the area and no building has disappeared in the area
37_03_03_cap,1,1,1,none,none,OK,,,N/A,,,N/A,,,N/A,,,N/A,no building has appeared in the area and no building has disappeared in the area .,no building has appeared in the area and no building has disappeared in the area
37_03_04_cap,1,1,1,none,none,OK,,,N/A,,,N/A,,,N/A,,,N/A,no building has appeared in the area and no building has disappeared in the area .,no building has appeared in the area and no building has disappeared in the area
37_03_05_cap,0,0,0,appear,disappear,WRONG,,,N/A,center|top-right,center|right,WRONG,area,area,OK,sparse,-,WRONG,several sparse new residential have appeared in the top center to top right in the parking area and no building has disappeared in the area .,no building has appeared in the area and a residential has disappeared in the right center in the parking area
37_03_06_cap,0,0,1,appear,none,WRONG,one,-,WRONG,top-left,-,WRONG,area,-,WRONG,,,N/A,a new building has appeared in the top left in the parking area and no building has disappeared in the area .,no building has appeared in the area and no building has disappeared in the area
37_03_07_cap,0,1,0,none,appear,WRONG,,,N/A,,,N/A,,,N/A,,,N/A,no building has appeared in the area and no building has disappeared in the area .,a new residential has appeared in the top right in the parking area and no building has disappeared in the area
37_04_00_cap,1,1,1,none,none,OK,,,N/A,,,N/A,,,N/A,,,N/A,no building has appeared in the area and no building has disappeared in the area .,no building has appeared in the area and no building has disappeared in the area
37_04_01_cap,1,1,1,none,none,OK,,,N/A,,,N/A,,,N/A,,,N/A,no building has appeared in the area and no building has disappeared in the area .,no building has appeared in the area and no building has disappeared in the area
37_04_02_cap,1,1,1,none,none,OK,,,N/A,,,N/A,,,N/A,,,N/A,no building has appeared in the area and no building has disappeared in the area .,no building has appeared in the area and no building has disappeared in the area
37_04_03_cap,1,1,1,none,none,OK,,,N/A,,,N/A,,,N/A,,,N/A,no building has appeared in the area and no building has disappeared in the area .,no building has appeared in the area and no building has disappeared in the area
37_04_04_cap,0,0,1,appear,none,WRONG,,,N/A,top-left,-,WRONG,among|area,-,WRONG,,,N/A,a new residential has appeared in the top left among the trees and no building has disappeared in the area .,no building has appeared in the area and no building has disappeared in the area
37_04_05_cap,1,1,1,none,none,OK,,,N/A,,,N/A,,,N/A,,,N/A,no building has appeared in the area and no building has disappeared in the area .,no building has appeared in the area and no building has disappeared in the area
37_04_06_cap,0,1,0,none,appear,WRONG,,,N/A,,,N/A,,,N/A,,,N/A,no building has appeared in the area and no building has disappeared in the area .,a new residential has appeared in the top right in the parking area and no building has disappeared in the area
37_04_07_cap,0,0,1,disappear,none,WRONG,,,N/A,center|left,-,WRONG,among,-,WRONG,,,N/A,no building has appeared in the area and several closely located residential have disappeared in the left center among the trees .,no building has appeared in the area and no building has disappeared in the area
37_05_00_cap,1,1,1,none,none,OK,,,N/A,,,N/A,,,N/A,,,N/A,no building has appeared in the area and no building has disappeared in the area .,no building has appeared in the area and no building has disappeared in the area
37_05_01_cap,1,1,1,none,none,OK,,,N/A,,,N/A,,,N/A,,,N/A,no building has appeared in the area and no building has disappeared in the area .,no building has appeared in the area and no building has disappeared in the area
37_05_02_cap,1,1,1,none,none,OK,,,N/A,,,N/A,,,N/A,,,N/A,no building has appeared in the area and no building has disappeared in the area .,no building has appeared in the area and no building has disappeared in the area
37_05_03_cap,1,1,1,none,none,OK,,,N/A,,,N/A,,,N/A,,,N/A,no building has appeared in the area and no building has disappeared in the area .,no building has appeared in the area and no building has disappeared in the area
37_05_04_cap,1,1,1,none,none,OK,,,N/A,,,N/A,,,N/A,,,N/A,no building has appeared in the area and no building has disappeared in the area .,no building has appeared in the area and no building has disappeared in the area
37_05_05_cap,1,1,1,none,none,OK,,,N/A,,,N/A,,,N/A,,,N/A,no building has appeared in the area and no building has disappeared in the area .,no building has appeared in the area and no building has disappeared in the area
37_05_06_cap,0,0,0,appear,appear,OK,,,N/A,bottom-right,bottom-right,OK,among|area,area,PART,,,N/A,a new residential has appeared in the bottom right among the trees and no building has disappeared in the area .,a new residential has appeared in the bottom right in the parking area and no building has disappeared in the area
37_05_07_cap,0,0,1,appear,none,WRONG,,,N/A,bottom-left,-,WRONG,along|area,-,WRONG,,,N/A,a new residential has appeared in the bottom left along the roads and no building has disappeared in the area .,no building has appeared in the area and no building has disappeared in the area
37_06_00_cap,1,1,1,none,none,OK,,,N/A,,,N/A,,,N/A,,,N/A,no building has appeared in the area and no building has disappeared in the area .,no building has appeared in the area and no building has disappeared in the area
37_06_01_cap,1,1,1,none,none,OK,,,N/A,,,N/A,,,N/A,,,N/A,no building has appeared in the area and no building has disappeared in the area .,no building has appeared in the area and no building has disappeared in the area
37_06_02_cap,1,1,1,none,none,OK,,,N/A,,,N/A,,,N/A,,,N/A,no building has appeared in the area and no building has disappeared in the area .,no building has appeared in the area and no building has disappeared in the area
37_06_03_cap,1,1,1,none,none,OK,,,N/A,,,N/A,,,N/A,,,N/A,no building has appeared in the area and no building has disappeared in the area .,no building has appeared in the area and no building has disappeared in the area
37_06_04_cap,1,1,1,none,none,OK,,,N/A,,,N/A,,,N/A,,,N/A,no building has appeared in the area and no building has disappeared in the area .,no building has appeared in the area and no building has disappeared in the area
37_06_05_cap,1,1,1,none,none,OK,,,N/A,,,N/A,,,N/A,,,N/A,no building has appeared in the area and no building has disappeared in the area .,no building has appeared in the area and no building has disappeared in the area
37_06_06_cap,1,1,1,none,none,OK,,,N/A,,,N/A,,,N/A,,,N/A,no building has appeared in the area and no building has disappeared in the area .,no building has appeared in the area and no building has disappeared in the area
37_06_07_cap,1,1,1,none,none,OK,,,N/A,,,N/A,,,N/A,,,N/A,no building has appeared in the area and no building has disappeared in the area .,no building has appeared in the area and no building has disappeared in the area
37_07_00_cap,0,0,0,disappear,appear,WRONG,,,N/A,center|left,center|top,WRONG,area,area,OK,sparse,-,WRONG,no building has appeared in the area and several sparse residential have disappeared in the center to left center in the parking area .,a new residential has appeared in the top center in the parking area and no building has disappeared in the area
37_07_01_cap,1,1,1,none,none,OK,,,N/A,,,N/A,,,N/A,,,N/A,no building has appeared in the area and no building has disappeared in the area .,no building has appeared in the area and no building has disappeared in the area
37_07_02_cap,1,1,1,none,none,OK,,,N/A,,,N/A,,,N/A,,,N/A,no building has appeared in the area and no building has disappeared in the area .,no building has appeared in the area and no building has disappeared in the area
37_07_03_cap,1,1,1,none,none,OK,,,N/A,,,N/A,,,N/A,,,N/A,no building has appeared in the area and no building has disappeared in the area .,no building has appeared in the area and no building has disappeared in the area
37_07_04_cap,1,1,1,none,none,OK,,,N/A,,,N/A,,,N/A,,,N/A,no building has appeared in the area and no building has disappeared in the area .,no building has appeared in the area and no building has disappeared in the area
37_07_05_cap,1,1,1,none,none,OK,,,N/A,,,N/A,,,N/A,,,N/A,no building has appeared in the area and no building has disappeared in the area .,no building has appeared in the area and no building has disappeared in the area
37_07_06_cap,1,1,1,none,none,OK,,,N/A,,,N/A,,,N/A,,,N/A,no building has appeared in the area and no building has disappeared in the area .,no building has appeared in the area and no building has disappeared in the area
37_07_07_cap,1,1,1,none,none,OK,,,N/A,,,N/A,,,N/A,,,N/A,no building has appeared in the area and no building has disappeared in the area .,no building has appeared in the area and no building has disappeared in the area
38_00_00_cap,1,1,1,none,none,OK,,,N/A,,,N/A,,,N/A,,,N/A,no building has appeared in the area and no building has disappeared in the area .,no building has appeared in the area and no building has disappeared in the area
38_00_01_cap,1,1,1,none,none,OK,,,N/A,,,N/A,,,N/A,,,N/A,no building has appeared in the area and no building has disappeared in the area .,no building has appeared in the area and no building has disappeared in the area
38_00_02_cap,1,1,1,none,none,OK,,,N/A,,,N/A,,,N/A,,,N/A,no building has appeared in the area and no building has disappeared in the area .,no building has appeared in the area and no building has disappeared in the area
38_00_03_cap,1,1,1,none,none,OK,,,N/A,,,N/A,,,N/A,,,N/A,no building has appeared in the area and no building has disappeared in the area .,no building has appeared in the area and no building has disappeared in the area
38_00_04_cap,1,1,1,none,none,OK,,,N/A,,,N/A,,,N/A,,,N/A,no building has appeared in the area and no building has disappeared in the area .,no building has appeared in the area and no building has disappeared in the area
38_00_05_cap,1,1,1,none,none,OK,,,N/A,,,N/A,,,N/A,,,N/A,no building has appeared in the area and no building has disappeared in the area .,no building has appeared in the area and no building has disappeared in the area
38_00_06_cap,1,1,1,none,none,OK,,,N/A,,,N/A,,,N/A,,,N/A,no building has appeared in the area and no building has disappeared in the area .,no building has appeared in the area and no building has disappeared in the area
38_00_07_cap,1,1,1,none,none,OK,,,N/A,,,N/A,,,N/A,,,N/A,no building has appeared in the area and no building has disappeared in the area .,no building has appeared in the area and no building has disappeared in the area
38_01_00_cap,1,1,1,none,none,OK,,,N/A,,,N/A,,,N/A,,,N/A,no building has appeared in the area and no building has disappeared in the area .,no building has appeared in the area and no building has disappeared in the area
38_01_01_cap,1,1,1,none,none,OK,,,N/A,,,N/A,,,N/A,,,N/A,no building has appeared in the area and no building has disappeared in the area .,no building has appeared in the area and no building has disappeared in the area
38_01_02_cap,1,1,1,none,none,OK,,,N/A,,,N/A,,,N/A,,,N/A,no building has appeared in the area and no building has disappeared in the area .,no building has appeared in the area and no building has disappeared in the area
38_01_03_cap,1,1,1,none,none,OK,,,N/A,,,N/A,,,N/A,,,N/A,no building has appeared in the area and no building has disappeared in the area .,no building has appeared in the area and no building has disappeared in the area
38_01_04_cap,1,1,1,none,none,OK,,,N/A,,,N/A,,,N/A,,,N/A,no building has appeared in the area and no building has disappeared in the area .,no building has appeared in the area and no building has disappeared in the area
38_01_05_cap,1,1,1,none,none,OK,,,N/A,,,N/A,,,N/A,,,N/A,no building has appeared in the area and no building has disappeared in the area .,no building has appeared in the area and no building has disappeared in the area
38_01_06_cap,1,1,1,none,none,OK,,,N/A,,,N/A,,,N/A,,,N/A,no building has appeared in the area and no building has disappeared in the area .,no building has appeared in the area and no building has disappeared in the area
38_01_07_cap,1,1,1,none,none,OK,,,N/A,,,N/A,,,N/A,,,N/A,no building has appeared in the area and no building has disappeared in the area .,no building has appeared in the area and no building has disappeared in the area
38_02_00_cap,0,0,1,appear,none,WRONG,one,-,WRONG,center|left,-,WRONG,area,-,WRONG,,,N/A,a new building has appeared in the left center in the parking area and no building has disappeared in the area .,no building has appeared in the area and no building has disappeared in the area
38_02_01_cap,1,1,1,none,none,OK,,,N/A,,,N/A,,,N/A,,,N/A,no building has appeared in the area and no building has disappeared in the area .,no building has appeared in the area and no building has disappeared in the area
38_02_02_cap,1,1,1,none,none,OK,,,N/A,,,N/A,,,N/A,,,N/A,no building has appeared in the area and no building has disappeared in the area .,no building has appeared in the area and no building has disappeared in the area
38_02_03_cap,1,1,1,none,none,OK,,,N/A,,,N/A,,,N/A,,,N/A,no building has appeared in the area and no building has disappeared in the area .,no building has appeared in the area and no building has disappeared in the area
38_02_04_cap,1,1,1,none,none,OK,,,N/A,,,N/A,,,N/A,,,N/A,no building has appeared in the area and no building has disappeared in the area .,no building has appeared in the area and no building has disappeared in the area
38_02_05_cap,1,1,1,none,none,OK,,,N/A,,,N/A,,,N/A,,,N/A,no building has appeared in the area and no building has disappeared in the area .,no building has appeared in the area and no building has disappeared in the area
38_02_06_cap,1,1,1,none,none,OK,,,N/A,,,N/A,,,N/A,,,N/A,no building has appeared in the area and no building has disappeared in the area .,no building has appeared in the area and no building has disappeared in the area
38_02_07_cap,1,1,1,none,none,OK,,,N/A,,,N/A,,,N/A,,,N/A,no building has appeared in the area and no building has disappeared in the area .,no building has appeared in the area and no building has disappeared in the area
38_03_00_cap,1,1,1,none,none,OK,,,N/A,,,N/A,,,N/A,,,N/A,no building has appeared in the area and no building has disappeared in the area .,no building has appeared in the area and no building has disappeared in the area
38_03_01_cap,1,1,1,none,none,OK,,,N/A,,,N/A,,,N/A,,,N/A,no building has appeared in the area and no building has disappeared in the area .,no building has appeared in the area and no building has disappeared in the area
38_03_02_cap,1,1,1,none,none,OK,,,N/A,,,N/A,,,N/A,,,N/A,no building has appeared in the area and no building has disappeared in the area .,no building has appeared in the area and no building has disappeared in the area
38_03_03_cap,1,1,1,none,none,OK,,,N/A,,,N/A,,,N/A,,,N/A,no building has appeared in the area and no building has disappeared in the area .,no building has appeared in the area and no building has disappeared in the area
38_03_04_cap,1,1,1,none,none,OK,,,N/A,,,N/A,,,N/A,,,N/A,no building has appeared in the area and no building has disappeared in the area .,no building has appeared in the area and no building has disappeared in the area
38_03_05_cap,1,1,1,none,none,OK,,,N/A,,,N/A,,,N/A,,,N/A,no building has appeared in the area and no building has disappeared in the area .,no building has appeared in the area and no building has disappeared in the area
38_03_06_cap,1,1,1,none,none,OK,,,N/A,,,N/A,,,N/A,,,N/A,no building has appeared in the area and no building has disappeared in the area .,no building has appeared in the area and no building has disappeared in the area
38_03_07_cap,1,1,1,none,none,OK,,,N/A,,,N/A,,,N/A,,,N/A,no building has appeared in the area and no building has disappeared in the area .,no building has appeared in the area and no building has disappeared in the area
38_04_00_cap,1,1,1,none,none,OK,,,N/A,,,N/A,,,N/A,,,N/A,no building has appeared in the area and no building has disappeared in the area .,no building has appeared in the area and no building has disappeared in the area
38_04_01_cap,1,1,1,none,none,OK,,,N/A,,,N/A,,,N/A,,,N/A,no building has appeared in the area and no building has disappeared in the area .,no building has appeared in the area and no building has disappeared in the area
38_04_02_cap,1,1,1,none,none,OK,,,N/A,,,N/A,,,N/A,,,N/A,no building has appeared in the area and no building has disappeared in the area .,no building has appeared in the area and no building has disappeared in the area
38_04_03_cap,1,1,1,none,none,OK,,,N/A,,,N/A,,,N/A,,,N/A,no building has appeared in the area and no building has disappeared in the area .,no building has appeared in the area and no building has disappeared in the area
38_04_04_cap,1,1,1,none,none,OK,,,N/A,,,N/A,,,N/A,,,N/A,no building has appeared in the area and no building has disappeared in the area .,no building has appeared in the area and no building has disappeared in the area
38_04_05_cap,1,1,1,none,none,OK,,,N/A,,,N/A,,,N/A,,,N/A,no building has appeared in the area and no building has disappeared in the area .,no building has appeared in the area and no building has disappeared in the area
38_04_06_cap,1,1,1,none,none,OK,,,N/A,,,N/A,,,N/A,,,N/A,no building has appeared in the area and no building has disappeared in the area .,no building has appeared in the area and no building has disappeared in the area
38_04_07_cap,1,1,1,none,none,OK,,,N/A,,,N/A,,,N/A,,,N/A,no building has appeared in the area and no building has disappeared in the area .,no building has appeared in the area and no building has disappeared in the area
38_05_00_cap,1,1,1,none,none,OK,,,N/A,,,N/A,,,N/A,,,N/A,no building has appeared in the area and no building has disappeared in the area .,no building has appeared in the area and no building has disappeared in the area
38_05_01_cap,1,1,1,none,none,OK,,,N/A,,,N/A,,,N/A,,,N/A,no building has appeared in the area and no building has disappeared in the area .,no building has appeared in the area and no building has disappeared in the area
38_05_02_cap,1,1,1,none,none,OK,,,N/A,,,N/A,,,N/A,,,N/A,no building has appeared in the area and no building has disappeared in the area .,no building has appeared in the area and no building has disappeared in the area
38_05_03_cap,1,1,1,none,none,OK,,,N/A,,,N/A,,,N/A,,,N/A,no building has appeared in the area and no building has disappeared in the area .,no building has appeared in the area and no building has disappeared in the area
38_05_04_cap,1,1,1,none,none,OK,,,N/A,,,N/A,,,N/A,,,N/A,no building has appeared in the area and no building has disappeared in the area .,no building has appeared in the area and no building has disappeared in the area
38_05_05_cap,1,1,1,none,none,OK,,,N/A,,,N/A,,,N/A,,,N/A,no building has appeared in the area and no building has disappeared in the area .,no building has appeared in the area and no building has disappeared in the area
38_05_06_cap,1,1,1,none,none,OK,,,N/A,,,N/A,,,N/A,,,N/A,no building has appeared in the area and no building has disappeared in the area .,no building has appeared in the area and no building has disappeared in the area
38_05_07_cap,1,1,1,none,none,OK,,,N/A,,,N/A,,,N/A,,,N/A,no building has appeared in the area and no building has disappeared in the area .,no building has appeared in the area and no building has disappeared in the area
38_06_00_cap,1,1,1,none,none,OK,,,N/A,,,N/A,,,N/A,,,N/A,no building has appeared in the area and no building has disappeared in the area .,no building has appeared in the area and no building has disappeared in the area
38_06_01_cap,1,1,1,none,none,OK,,,N/A,,,N/A,,,N/A,,,N/A,no building has appeared in the area and no building has disappeared in the area .,no building has appeared in the area and no building has disappeared in the area
38_06_02_cap,1,1,1,none,none,OK,,,N/A,,,N/A,,,N/A,,,N/A,no building has appeared in the area and no building has disappeared in the area .,no building has appeared in the area and no building has disappeared in the area
38_06_03_cap,1,1,1,none,none,OK,,,N/A,,,N/A,,,N/A,,,N/A,no building has appeared in the area and no building has disappeared in the area .,no building has appeared in the area and no building has disappeared in the area
38_06_04_cap,0,0,1,appear,none,WRONG,,,N/A,center|left,-,WRONG,among|area,-,WRONG,,,N/A,a new residential has appeared in the left center among the trees and no building has disappeared in the area .,no building has appeared in the area and no building has disappeared in the area
38_06_05_cap,1,1,1,none,none,OK,,,N/A,,,N/A,,,N/A,,,N/A,no building has appeared in the area and no building has disappeared in the area .,no building has appeared in the area and no building has disappeared in the area
38_06_06_cap,1,1,1,none,none,OK,,,N/A,,,N/A,,,N/A,,,N/A,no building has appeared in the area and no building has disappeared in the area .,no building has appeared in the area and no building has disappeared in the area
38_06_07_cap,0,0,1,appear,none,WRONG,,,N/A,bottom|center,-,WRONG,land,-,WRONG,,,N/A,a new residential has appeared in the bottom center on bare land and no building has disappeared in the area .,no building has appeared in the area and no building has disappeared in the area
38_07_00_cap,1,1,1,none,none,OK,,,N/A,,,N/A,,,N/A,,,N/A,no building has appeared in the area and no building has disappeared in the area .,no building has appeared in the area and no building has disappeared in the area
38_07_01_cap,1,1,1,none,none,OK,,,N/A,,,N/A,,,N/A,,,N/A,no building has appeared in the area and no building has disappeared in the area .,no building has appeared in the area and no building has disappeared in the area
38_07_02_cap,1,1,1,none,none,OK,,,N/A,,,N/A,,,N/A,,,N/A,no building has appeared in the area and no building has disappeared in the area .,no building has appeared in the area and no building has disappeared in the area
38_07_03_cap,1,1,1,none,none,OK,,,N/A,,,N/A,,,N/A,,,N/A,no building has appeared in the area and no building has disappeared in the area .,no building has appeared in the area and no building has disappeared in the area
38_07_04_cap,1,1,1,none,none,OK,,,N/A,,,N/A,,,N/A,,,N/A,no building has appeared in the area and no building has disappeared in the area .,no building has appeared in the area and no building has disappeared in the area
38_07_05_cap,1,1,1,none,none,OK,,,N/A,,,N/A,,,N/A,,,N/A,no building has appeared in the area and no building has disappeared in the area .,no building has appeared in the area and no building has disappeared in the area
38_07_06_cap,1,1,1,none,none,OK,,,N/A,,,N/A,,,N/A,,,N/A,no building has appeared in the area and no building has disappeared in the area .,no building has appeared in the area and no building has disappeared in the area
38_07_07_cap,0,0,1,appear,none,WRONG,,,N/A,center|top-left,-,WRONG,land|tree,-,WRONG,sparse,-,WRONG,several sparse new residential have appeared in the top left to top center among the trees and several closely located residential have disappeared in the top left on bare land .,no building has appeared in the area and no building has disappeared in the area
39_00_00_cap,1,1,1,none,none,OK,,,N/A,,,N/A,,,N/A,,,N/A,no building has appeared in the area and no building has disappeared in the area .,no building has appeared in the area and no building has disappeared in the area
39_00_01_cap,1,1,1,none,none,OK,,,N/A,,,N/A,,,N/A,,,N/A,no building has appeared in the area and no building has disappeared in the area .,no building has appeared in the area and no building has disappeared in the area
39_00_02_cap,0,0,1,disappear,none,WRONG,,,N/A,bottom-right,-,WRONG,along,-,WRONG,,,N/A,no building has appeared in the area and a residential has disappeared in the bottom right along the roads .,no building has appeared in the area and no building has disappeared in the area
39_00_03_cap,0,0,0,disappear,disappear,OK,several,-,WRONG,bottom-right|center,bottom-right,WRONG,area,land,WRONG,dense,dense,OK,no building has appeared in the area and several dense buildings have disappeared in the bottom right to right center in the parking area .,no building has appeared in the area and several dense residential have disappeared in the bottom right to bottom right on bare land
39_00_04_cap,0,0,0,disappear,disappear,OK,,,N/A,top-right,bottom-right,WRONG,among,land,WRONG,dense,sparse,WRONG,no building has appeared in the area and several dense residential have disappeared in the top right among the trees .,no building has appeared in the area and several sparse residential have disappeared in the bottom right on bare land
39_00_05_cap,0,0,0,disappear,disappear,OK,several,-,WRONG,,,N/A,area,land,WRONG,sparse,sparse,OK,no building has appeared in the area and several sparse buildings have disappeared in different areas in the parking area .,no building has appeared in the area and several sparse residential have disappeared in the bottom right on bare land
39_00_06_cap,0,0,1,disappear,none,WRONG,,,N/A,center|left,-,WRONG,area,-,WRONG,,,N/A,no building has appeared in the area and a residential has disappeared in the left center in the parking area .,no building has appeared in the area and no building has disappeared in the area
39_00_07_cap,1,1,1,none,none,OK,,,N/A,,,N/A,,,N/A,,,N/A,no building has appeared in the area and no building has disappeared in the area .,no building has appeared in the area and no building has disappeared in the area
39_01_00_cap,1,1,1,none,none,OK,,,N/A,,,N/A,,,N/A,,,N/A,no building has appeared in the area and no building has disappeared in the area .,no building has appeared in the area and no building has disappeared in the area
39_01_01_cap,1,1,1,none,none,OK,,,N/A,,,N/A,,,N/A,,,N/A,no building has appeared in the area and no building has disappeared in the area .,no building has appeared in the area and no building has disappeared in the area
39_01_02_cap,1,0,0,disappear,disappear,OK,,,N/A,top-right,top-right,OK,land,land,OK,,,N/A,no building has appeared in the area and a residential has disappeared in the top right on bare land .,no building has appeared in the area and several closely located residential have disappeared in the top right on bare land
39_01_03_cap,0,0,0,disappear,disappear,OK,,,N/A,top-right,bottom-right|top-right,WRONG,area,land,WRONG,dense,sparse,WRONG,no building has appeared in the area and several dense residential have disappeared in the top right in the parking area .,no building has appeared in the area and several sparse buildings have disappeared in the top right to bottom right on bare land
39_01_04_cap,1,0,0,disappear,disappear,OK,,,N/A,,,N/A,area,area,OK,dense,dense,OK,no building has appeared in the area and several dense residential have disappeared in different areas in the parking area .,no building has appeared in the area and several dense buildings have disappeared in the top left to bottom right in the parking area
39_01_05_cap,0,0,0,disappear,disappear,OK,several,several,OK,bottom|center,bottom-left|bottom-right,WRONG,area,land,WRONG,dense,dense,OK,no building has appeared in the area and several dense buildings have disappeared in the bottom center in the parking area .,no building has appeared in the area and several dense buildings have disappeared in the bottom left to bottom right on bare land
39_01_06_cap,1,1,1,none,none,OK,,,N/A,,,N/A,,,N/A,,,N/A,no building has appeared in the area and no building has disappeared in the area .,no building has appeared in the area and no building has disappeared in the area
39_01_07_cap,1,1,1,none,none,OK,,,N/A,,,N/A,,,N/A,,,N/A,no building has appeared in the area and no building has disappeared in the area .,no building has appeared in the area and no building has disappeared in the area
39_02_00_cap,1,1,1,none,none,OK,,,N/A,,,N/A,,,N/A,,,N/A,no building has appeared in the area and no building has disappeared in the area .,no building has appeared in the area and no building has disappeared in the area
39_02_01_cap,1,1,1,none,none,OK,,,N/A,,,N/A,,,N/A,,,N/A,no building has appeared in the area and no building has disappeared in the area .,no building has appeared in the area and no building has disappeared in the area
39_02_02_cap,1,1,1,none,none,OK,,,N/A,,,N/A,,,N/A,,,N/A,no building has appeared in the area and no building has disappeared in the area .,no building has appeared in the area and no building has disappeared in the area
39_02_03_cap,0,0,1,disappear,none,WRONG,,,N/A,center|top,-,WRONG,land,-,WRONG,,,N/A,no building has appeared in the area and several <UNK> residential have disappeared in the top center on bare land .,no building has appeared in the area and no building has disappeared in the area
39_02_04_cap,0,0,0,disappear,disappear,OK,several,-,WRONG,,,N/A,land,land,OK,dense,sparse,WRONG,no building has appeared in the area and several dense buildings have disappeared in different areas on bare land .,no building has appeared in the area and several sparse residential have disappeared in the top left to bottom right on bare land
39_02_05_cap,0,0,0,disappear,disappear,OK,,,N/A,center|top-left,center,WRONG,area,land,WRONG,,,N/A,no building has appeared in the area and several closely located buildings have disappeared in the top left to top center in the parking area .,no building has appeared in the area and several dense buildings have disappeared in the center on bare land
39_02_06_cap,1,1,1,none,none,OK,,,N/A,,,N/A,,,N/A,,,N/A,no building has appeared in the area and no building has disappeared in the area .,no building has appeared in the area and no building has disappeared in the area
39_02_07_cap,1,1,1,none,none,OK,,,N/A,,,N/A,,,N/A,,,N/A,no building has appeared in the area and no building has disappeared in the area .,no building has appeared in the area and no building has disappeared in the area
39_03_00_cap,1,1,1,none,none,OK,,,N/A,,,N/A,,,N/A,,,N/A,no building has appeared in the area and no building has disappeared in the area .,no building has appeared in the area and no building has disappeared in the area
39_03_01_cap,1,1,1,none,none,OK,,,N/A,,,N/A,,,N/A,,,N/A,no building has appeared in the area and no building has disappeared in the area .,no building has appeared in the area and no building has disappeared in the area
39_03_02_cap,1,1,1,none,none,OK,,,N/A,,,N/A,,,N/A,,,N/A,no building has appeared in the area and no building has disappeared in the area .,no building has appeared in the area and no building has disappeared in the area
39_03_03_cap,1,1,1,none,none,OK,,,N/A,,,N/A,,,N/A,,,N/A,no building has appeared in the area and no building has disappeared in the area .,no building has appeared in the area and no building has disappeared in the area
39_03_04_cap,0,0,0,disappear,disappear,OK,,,N/A,center|right,bottom-right,WRONG,among,among,OK,,,N/A,no building has appeared in the area and several <UNK> residential have disappeared in the right center among the trees .,no building has appeared in the area and several sparse residential have disappeared in the bottom right among the trees
39_03_05_cap,0,0,0,disappear,disappear,OK,,,N/A,center|left,bottom-left|bottom-right,WRONG,land,land,OK,sparse,sparse,OK,no building has appeared in the area and several sparse residential have disappeared in the left center on bare land .,no building has appeared in the area and several sparse residential have disappeared in the bottom left to bottom right on bare land
39_03_06_cap,1,1,1,none,none,OK,,,N/A,,,N/A,,,N/A,,,N/A,no building has appeared in the area and no building has disappeared in the area .,no building has appeared in the area and no building has disappeared in the area
39_03_07_cap,1,1,1,none,none,OK,,,N/A,,,N/A,,,N/A,,,N/A,no building has appeared in the area and no building has disappeared in the area .,no building has appeared in the area and no building has disappeared in the area
39_04_00_cap,1,1,1,none,none,OK,,,N/A,,,N/A,,,N/A,,,N/A,no building has appeared in the area and no building has disappeared in the area .,no building has appeared in the area and no building has disappeared in the area
39_04_01_cap,1,1,1,none,none,OK,,,N/A,,,N/A,,,N/A,,,N/A,no building has appeared in the area and no building has disappeared in the area .,no building has appeared in the area and no building has disappeared in the area
39_04_02_cap,1,1,1,none,none,OK,,,N/A,,,N/A,,,N/A,,,N/A,no building has appeared in the area and no building has disappeared in the area .,no building has appeared in the area and no building has disappeared in the area
39_04_03_cap,1,1,1,none,none,OK,,,N/A,,,N/A,,,N/A,,,N/A,no building has appeared in the area and no building has disappeared in the area .,no building has appeared in the area and no building has disappeared in the area
39_04_04_cap,0,0,0,disappear,disappear,OK,,,N/A,center|top,top-right,WRONG,among,among,OK,,,N/A,no building has appeared in the area and a residential has disappeared in the top center among the trees .,no building has appeared in the area and several sparse residential have disappeared in the top right among the trees
39_04_05_cap,0,0,0,disappear,disappear,OK,,,N/A,top-right,bottom-right|top-left,WRONG,land,land,OK,,,N/A,no building has appeared in the area and a residential has disappeared in the top right on bare land .,no building has appeared in the area and several sparse residential have disappeared in the top left to bottom right on bare land
39_04_06_cap,1,1,1,none,none,OK,,,N/A,,,N/A,,,N/A,,,N/A,no building has appeared in the area and no building has disappeared in the area .,no building has appeared in the area and no building has disappeared in the area
39_04_07_cap,1,1,1,none,none,OK,,,N/A,,,N/A,,,N/A,,,N/A,no building has appeared in the area and no building has disappeared in the area .,no building has appeared in the area and no building has disappeared in the area
39_05_00_cap,1,1,1,none,none,OK,,,N/A,,,N/A,,,N/A,,,N/A,no building has appeared in the area and no building has disappeared in the area .,no building has appeared in the area and no building has disappeared in the area
39_05_01_cap,1,1,1,none,none,OK,,,N/A,,,N/A,,,N/A,,,N/A,no building has appeared in the area and no building has disappeared in the area .,no building has appeared in the area and no building has disappeared in the area
39_05_02_cap,0,0,1,appear,none,WRONG,,,N/A,bottom|center,-,WRONG,among|area,-,WRONG,,,N/A,a new residential has appeared in the bottom center among the trees and no building has disappeared in the area .,no building has appeared in the area and no building has disappeared in the area
39_05_03_cap,0,0,0,appear,appear,OK,,,N/A,bottom-left|bottom-right,bottom-left|bottom-right,OK,among|land,land|tree,PART,,,N/A,a new residential has appeared in the bottom right on bare land and several closely located residential have disappeared in the bottom left among the trees .,several closely located new residential have appeared in the bottom right to bottom right among the trees and a residential has disappeared in the bottom left on bare land
39_05_04_cap,0,0,0,appear,appear,OK,one,-,WRONG,bottom-right|center|left,bottom-left,WRONG,among|area,land,WRONG,,,N/A,a new building has appeared in the left center in the parking area and a residential has disappeared in the bottom right among the trees .,a new residential has appeared in the bottom left on bare land and no building has disappeared in the area
39_05_05_cap,0,0,0,disappear,disappear,OK,,,N/A,bottom-left|center,bottom-left|center,OK,area,land,WRONG,,,N/A,no building has appeared in the area and several closely located buildings have disappeared in the bottom left to left center in the parking area .,no building has appeared in the area and several closely located residential have disappeared in the bottom left to left center on bare land
39_05_06_cap,1,1,1,none,none,OK,,,N/A,,,N/A,,,N/A,,,N/A,no building has appeared in the area and no building has disappeared in the area .,no building has appeared in the area and no building has disappeared in the area
39_05_07_cap,1,1,1,none,none,OK,,,N/A,,,N/A,,,N/A,,,N/A,no building has appeared in the area and no building has disappeared in the area .,no building has appeared in the area and no building has disappeared in the area
39_06_00_cap,0,0,0,disappear,disappear,OK,,,N/A,,,N/A,land,land,OK,sparse,-,WRONG,no building has appeared in the area and several sparse residential have disappeared in different areas on bare land .,no building has appeared in the area and several closely located residential have disappeared in the bottom right on bare land
39_06_01_cap,0,0,1,disappear,none,WRONG,several,-,WRONG,bottom-left|center,-,WRONG,land,-,WRONG,sparse,-,WRONG,no building has appeared in the area and several sparse buildings have disappeared in the bottom left to left center on bare land .,no building has appeared in the area and no building has disappeared in the area
39_06_02_cap,1,1,1,none,none,OK,,,N/A,,,N/A,,,N/A,,,N/A,no building has appeared in the area and no building has disappeared in the area .,no building has appeared in the area and no building has disappeared in the area
39_06_03_cap,0,0,1,appear,none,WRONG,,,N/A,center|top-left|top-right,-,WRONG,land|tree,-,WRONG,,,N/A,a new residential has appeared in the top right on bare land and several closely located residential have disappeared in the top left to top center among the trees .,no building has appeared in the area and no building has disappeared in the area
39_06_04_cap,0,0,1,appear,none,WRONG,one,-,WRONG,center|left,-,WRONG,area,-,WRONG,,,N/A,a new building has appeared in the left center in the parking area and no building has disappeared in the area .,no building has appeared in the area and no building has disappeared in the area
39_06_05_cap,1,1,1,none,none,OK,,,N/A,,,N/A,,,N/A,,,N/A,no building has appeared in the area and no building has disappeared in the area .,no building has appeared in the area and no building has disappeared in the area
39_06_06_cap,1,1,1,none,none,OK,,,N/A,,,N/A,,,N/A,,,N/A,no building has appeared in the area and no building has disappeared in the area .,no building has appeared in the area and no building has disappeared in the area
39_06_07_cap,1,1,1,none,none,OK,,,N/A,,,N/A,,,N/A,,,N/A,no building has appeared in the area and no building has disappeared in the area .,no building has appeared in the area and no building has disappeared in the area
39_07_00_cap,0,0,1,disappear,none,WRONG,,,N/A,center|top-right,-,WRONG,land,-,WRONG,sparse,-,WRONG,no building has appeared in the area and several sparse residential have disappeared in the top right to right center on bare land .,no building has appeared in the area and no building has disappeared in the area
39_07_01_cap,0,0,0,disappear,disappear,OK,,,N/A,top-left,top-left,OK,among,along,WRONG,,,N/A,no building has appeared in the area and a residential has disappeared in the top left among the trees .,no building has appeared in the area and a residential has disappeared in the top left along the roads
39_07_02_cap,1,1,1,none,none,OK,,,N/A,,,N/A,,,N/A,,,N/A,no building has appeared in the area and no building has disappeared in the area .,no building has appeared in the area and no building has disappeared in the area
39_07_03_cap,1,1,1,none,none,OK,,,N/A,,,N/A,,,N/A,,,N/A,no building has appeared in the area and no building has disappeared in the area .,no building has appeared in the area and no building has disappeared in the area
39_07_04_cap,1,1,1,none,none,OK,,,N/A,,,N/A,,,N/A,,,N/A,no building has appeared in the area and no building has disappeared in the area .,no building has appeared in the area and no building has disappeared in the area
39_07_05_cap,1,1,1,none,none,OK,,,N/A,,,N/A,,,N/A,,,N/A,no building has appeared in the area and no building has disappeared in the area .,no building has appeared in the area and no building has disappeared in the area
39_07_06_cap,1,1,1,none,none,OK,,,N/A,,,N/A,,,N/A,,,N/A,no building has appeared in the area and no building has disappeared in the area .,no building has appeared in the area and no building has disappeared in the area
39_07_07_cap,1,1,1,none,none,OK,,,N/A,,,N/A,,,N/A,,,N/A,no building has appeared in the area and no building has disappeared in the area .,no building has appeared in the area and no building has disappeared in the area
41_00_00_cap,1,1,1,none,none,OK,,,N/A,,,N/A,,,N/A,,,N/A,no building has appeared in the area and no building has disappeared in the area .,no building has appeared in the area and no building has disappeared in the area
41_00_01_cap,1,1,1,none,none,OK,,,N/A,,,N/A,,,N/A,,,N/A,no building has appeared in the area and no building has disappeared in the area .,no building has appeared in the area and no building has disappeared in the area
41_00_02_cap,1,1,1,none,none,OK,,,N/A,,,N/A,,,N/A,,,N/A,no building has appeared in the area and no building has disappeared in the area .,no building has appeared in the area and no building has disappeared in the area
41_00_03_cap,1,1,1,none,none,OK,,,N/A,,,N/A,,,N/A,,,N/A,no building has appeared in the area and no building has disappeared in the area .,no building has appeared in the area and no building has disappeared in the area
41_00_04_cap,1,1,1,none,none,OK,,,N/A,,,N/A,,,N/A,,,N/A,no building has appeared in the area and no building has disappeared in the area .,no building has appeared in the area and no building has disappeared in the area
41_00_05_cap,1,1,1,none,none,OK,,,N/A,,,N/A,,,N/A,,,N/A,no building has appeared in the area and no building has disappeared in the area .,no building has appeared in the area and no building has disappeared in the area
41_00_06_cap,1,1,1,none,none,OK,,,N/A,,,N/A,,,N/A,,,N/A,no building has appeared in the area and no building has disappeared in the area .,no building has appeared in the area and no building has disappeared in the area
41_00_07_cap,1,1,1,none,none,OK,,,N/A,,,N/A,,,N/A,,,N/A,no building has appeared in the area and no building has disappeared in the area .,no building has appeared in the area and no building has disappeared in the area
41_01_00_cap,1,1,1,none,none,OK,,,N/A,,,N/A,,,N/A,,,N/A,no building has appeared in the area and no building has disappeared in the area .,no building has appeared in the area and no building has disappeared in the area
41_01_01_cap,1,1,1,none,none,OK,,,N/A,,,N/A,,,N/A,,,N/A,no building has appeared in the area and no building has disappeared in the area .,no building has appeared in the area and no building has disappeared in the area
41_01_02_cap,1,1,1,none,none,OK,,,N/A,,,N/A,,,N/A,,,N/A,no building has appeared in the area and no building has disappeared in the area .,no building has appeared in the area and no building has disappeared in the area
41_01_03_cap,1,1,1,none,none,OK,,,N/A,,,N/A,,,N/A,,,N/A,no building has appeared in the area and no building has disappeared in the area .,no building has appeared in the area and no building has disappeared in the area
41_01_04_cap,1,1,1,none,none,OK,,,N/A,,,N/A,,,N/A,,,N/A,no building has appeared in the area and no building has disappeared in the area .,no building has appeared in the area and no building has disappeared in the area
41_01_05_cap,1,1,1,none,none,OK,,,N/A,,,N/A,,,N/A,,,N/A,no building has appeared in the area and no building has disappeared in the area .,no building has appeared in the area and no building has disappeared in the area
41_01_06_cap,1,1,1,none,none,OK,,,N/A,,,N/A,,,N/A,,,N/A,no building has appeared in the area and no building has disappeared in the area .,no building has appeared in the area and no building has disappeared in the area
41_01_07_cap,1,1,1,none,none,OK,,,N/A,,,N/A,,,N/A,,,N/A,no building has appeared in the area and no building has disappeared in the area .,no building has appeared in the area and no building has disappeared in the area
41_02_00_cap,1,1,1,none,none,OK,,,N/A,,,N/A,,,N/A,,,N/A,no building has appeared in the area and no building has disappeared in the area .,no building has appeared in the area and no building has disappeared in the area
41_02_01_cap,1,1,1,none,none,OK,,,N/A,,,N/A,,,N/A,,,N/A,no building has appeared in the area and no building has disappeared in the area .,no building has appeared in the area and no building has disappeared in the area
41_02_02_cap,1,1,1,none,none,OK,,,N/A,,,N/A,,,N/A,,,N/A,no building has appeared in the area and no building has disappeared in the area .,no building has appeared in the area and no building has disappeared in the area
41_02_03_cap,1,1,1,none,none,OK,,,N/A,,,N/A,,,N/A,,,N/A,no building has appeared in the area and no building has disappeared in the area .,no building has appeared in the area and no building has disappeared in the area
41_02_04_cap,1,1,1,none,none,OK,,,N/A,,,N/A,,,N/A,,,N/A,no building has appeared in the area and no building has disappeared in the area .,no building has appeared in the area and no building has disappeared in the area
41_02_05_cap,0,0,1,appear,none,WRONG,one,-,WRONG,center,-,WRONG,area,-,WRONG,,,N/A,a new building has appeared in the center in the parking area and no building has disappeared in the area .,no building has appeared in the area and no building has disappeared in the area
41_02_06_cap,1,1,1,none,none,OK,,,N/A,,,N/A,,,N/A,,,N/A,no building has appeared in the area and no building has disappeared in the area .,no building has appeared in the area and no building has disappeared in the area
41_02_07_cap,1,1,1,none,none,OK,,,N/A,,,N/A,,,N/A,,,N/A,no building has appeared in the area and no building has disappeared in the area .,no building has appeared in the area and no building has disappeared in the area
41_03_00_cap,1,1,1,none,none,OK,,,N/A,,,N/A,,,N/A,,,N/A,no building has appeared in the area and no building has disappeared in the area .,no building has appeared in the area and no building has disappeared in the area
41_03_01_cap,1,1,1,none,none,OK,,,N/A,,,N/A,,,N/A,,,N/A,no building has appeared in the area and no building has disappeared in the area .,no building has appeared in the area and no building has disappeared in the area
41_03_02_cap,1,1,1,none,none,OK,,,N/A,,,N/A,,,N/A,,,N/A,no building has appeared in the area and no building has disappeared in the area .,no building has appeared in the area and no building has disappeared in the area
41_03_03_cap,1,1,1,none,none,OK,,,N/A,,,N/A,,,N/A,,,N/A,no building has appeared in the area and no building has disappeared in the area .,no building has appeared in the area and no building has disappeared in the area
41_03_04_cap,1,1,1,none,none,OK,,,N/A,,,N/A,,,N/A,,,N/A,no building has appeared in the area and no building has disappeared in the area .,no building has appeared in the area and no building has disappeared in the area
41_03_05_cap,1,1,1,none,none,OK,,,N/A,,,N/A,,,N/A,,,N/A,no building has appeared in the area and no building has disappeared in the area .,no building has appeared in the area and no building has disappeared in the area
41_03_06_cap,1,1,1,none,none,OK,,,N/A,,,N/A,,,N/A,,,N/A,no building has appeared in the area and no building has disappeared in the area .,no building has appeared in the area and no building has disappeared in the area
41_03_07_cap,1,1,1,none,none,OK,,,N/A,,,N/A,,,N/A,,,N/A,no building has appeared in the area and no building has disappeared in the area .,no building has appeared in the area and no building has disappeared in the area
41_04_00_cap,1,1,1,none,none,OK,,,N/A,,,N/A,,,N/A,,,N/A,no building has appeared in the area and no building has disappeared in the area .,no building has appeared in the area and no building has disappeared in the area
41_04_01_cap,1,1,1,none,none,OK,,,N/A,,,N/A,,,N/A,,,N/A,no building has appeared in the area and no building has disappeared in the area .,no building has appeared in the area and no building has disappeared in the area
41_04_02_cap,1,1,1,none,none,OK,,,N/A,,,N/A,,,N/A,,,N/A,no building has appeared in the area and no building has disappeared in the area .,no building has appeared in the area and no building has disappeared in the area
41_04_03_cap,1,1,1,none,none,OK,,,N/A,,,N/A,,,N/A,,,N/A,no building has appeared in the area and no building has disappeared in the area .,no building has appeared in the area and no building has disappeared in the area
41_04_04_cap,1,1,1,none,none,OK,,,N/A,,,N/A,,,N/A,,,N/A,no building has appeared in the area and no building has disappeared in the area .,no building has appeared in the area and no building has disappeared in the area
41_04_05_cap,1,1,1,none,none,OK,,,N/A,,,N/A,,,N/A,,,N/A,no building has appeared in the area and no building has disappeared in the area .,no building has appeared in the area and no building has disappeared in the area
41_04_06_cap,1,1,1,none,none,OK,,,N/A,,,N/A,,,N/A,,,N/A,no building has appeared in the area and no building has disappeared in the area .,no building has appeared in the area and no building has disappeared in the area
41_04_07_cap,1,1,1,none,none,OK,,,N/A,,,N/A,,,N/A,,,N/A,no building has appeared in the area and no building has disappeared in the area .,no building has appeared in the area and no building has disappeared in the area
41_05_00_cap,1,1,1,none,none,OK,,,N/A,,,N/A,,,N/A,,,N/A,no building has appeared in the area and no building has disappeared in the area .,no building has appeared in the area and no building has disappeared in the area
41_05_01_cap,1,1,1,none,none,OK,,,N/A,,,N/A,,,N/A,,,N/A,no building has appeared in the area and no building has disappeared in the area .,no building has appeared in the area and no building has disappeared in the area
41_05_02_cap,1,1,1,none,none,OK,,,N/A,,,N/A,,,N/A,,,N/A,no building has appeared in the area and no building has disappeared in the area .,no building has appeared in the area and no building has disappeared in the area
41_05_03_cap,1,1,1,none,none,OK,,,N/A,,,N/A,,,N/A,,,N/A,no building has appeared in the area and no building has disappeared in the area .,no building has appeared in the area and no building has disappeared in the area
41_05_04_cap,1,1,1,none,none,OK,,,N/A,,,N/A,,,N/A,,,N/A,no building has appeared in the area and no building has disappeared in the area .,no building has appeared in the area and no building has disappeared in the area
41_05_05_cap,1,1,1,none,none,OK,,,N/A,,,N/A,,,N/A,,,N/A,no building has appeared in the area and no building has disappeared in the area .,no building has appeared in the area and no building has disappeared in the area
41_05_06_cap,1,1,1,none,none,OK,,,N/A,,,N/A,,,N/A,,,N/A,no building has appeared in the area and no building has disappeared in the area .,no building has appeared in the area and no building has disappeared in the area
41_05_07_cap,1,1,1,none,none,OK,,,N/A,,,N/A,,,N/A,,,N/A,no building has appeared in the area and no building has disappeared in the area .,no building has appeared in the area and no building has disappeared in the area
41_06_00_cap,1,1,1,none,none,OK,,,N/A,,,N/A,,,N/A,,,N/A,no building has appeared in the area and no building has disappeared in the area .,no building has appeared in the area and no building has disappeared in the area
41_06_01_cap,1,1,1,none,none,OK,,,N/A,,,N/A,,,N/A,,,N/A,no building has appeared in the area and no building has disappeared in the area .,no building has appeared in the area and no building has disappeared in the area
41_06_02_cap,1,1,1,none,none,OK,,,N/A,,,N/A,,,N/A,,,N/A,no building has appeared in the area and no building has disappeared in the area .,no building has appeared in the area and no building has disappeared in the area
41_06_03_cap,1,1,1,none,none,OK,,,N/A,,,N/A,,,N/A,,,N/A,no building has appeared in the area and no building has disappeared in the area .,no building has appeared in the area and no building has disappeared in the area
41_06_04_cap,1,1,1,none,none,OK,,,N/A,,,N/A,,,N/A,,,N/A,no building has appeared in the area and no building has disappeared in the area .,no building has appeared in the area and no building has disappeared in the area
41_06_05_cap,1,1,1,none,none,OK,,,N/A,,,N/A,,,N/A,,,N/A,no building has appeared in the area and no building has disappeared in the area .,no building has appeared in the area and no building has disappeared in the area
41_06_06_cap,1,1,1,none,none,OK,,,N/A,,,N/A,,,N/A,,,N/A,no building has appeared in the area and no building has disappeared in the area .,no building has appeared in the area and no building has disappeared in the area
41_06_07_cap,1,1,1,none,none,OK,,,N/A,,,N/A,,,N/A,,,N/A,no building has appeared in the area and no building has disappeared in the area .,no building has appeared in the area and no building has disappeared in the area
41_07_00_cap,1,1,1,none,none,OK,,,N/A,,,N/A,,,N/A,,,N/A,no building has appeared in the area and no building has disappeared in the area .,no building has appeared in the area and no building has disappeared in the area
41_07_01_cap,1,1,1,none,none,OK,,,N/A,,,N/A,,,N/A,,,N/A,no building has appeared in the area and no building has disappeared in the area .,no building has appeared in the area and no building has disappeared in the area
41_07_02_cap,1,1,1,none,none,OK,,,N/A,,,N/A,,,N/A,,,N/A,no building has appeared in the area and no building has disappeared in the area .,no building has appeared in the area and no building has disappeared in the area
41_07_03_cap,1,1,1,none,none,OK,,,N/A,,,N/A,,,N/A,,,N/A,no building has appeared in the area and no building has disappeared in the area .,no building has appeared in the area and no building has disappeared in the area
41_07_04_cap,1,1,1,none,none,OK,,,N/A,,,N/A,,,N/A,,,N/A,no building has appeared in the area and no building has disappeared in the area .,no building has appeared in the area and no building has disappeared in the area
41_07_05_cap,1,1,1,none,none,OK,,,N/A,,,N/A,,,N/A,,,N/A,no building has appeared in the area and no building has disappeared in the area .,no building has appeared in the area and no building has disappeared in the area
41_07_06_cap,1,1,1,none,none,OK,,,N/A,,,N/A,,,N/A,,,N/A,no building has appeared in the area and no building has disappeared in the area .,no building has appeared in the area and no building has disappeared in the area
41_07_07_cap,1,1,1,none,none,OK,,,N/A,,,N/A,,,N/A,,,N/A,no building has appeared in the area and no building has disappeared in the area .,no building has appeared in the area and no building has disappeared in the area
45_00_00_cap,1,1,1,none,none,OK,,,N/A,,,N/A,,,N/A,,,N/A,no building has appeared in the area and no building has disappeared in the area .,no building has appeared in the area and no building has disappeared in the area
45_00_01_cap,1,1,1,none,none,OK,,,N/A,,,N/A,,,N/A,,,N/A,no building has appeared in the area and no building has disappeared in the area .,no building has appeared in the area and no building has disappeared in the area
45_00_02_cap,1,1,1,none,none,OK,,,N/A,,,N/A,,,N/A,,,N/A,no building has appeared in the area and no building has disappeared in the area .,no building has appeared in the area and no building has disappeared in the area
45_00_03_cap,1,1,1,none,none,OK,,,N/A,,,N/A,,,N/A,,,N/A,no building has appeared in the area and no building has disappeared in the area .,no building has appeared in the area and no building has disappeared in the area
45_00_04_cap,1,1,1,none,none,OK,,,N/A,,,N/A,,,N/A,,,N/A,no building has appeared in the area and no building has disappeared in the area .,no building has appeared in the area and no building has disappeared in the area
45_00_05_cap,1,1,1,none,none,OK,,,N/A,,,N/A,,,N/A,,,N/A,no building has appeared in the area and no building has disappeared in the area .,no building has appeared in the area and no building has disappeared in the area
45_00_06_cap,1,1,1,none,none,OK,,,N/A,,,N/A,,,N/A,,,N/A,no building has appeared in the area and no building has disappeared in the area .,no building has appeared in the area and no building has disappeared in the area
45_00_07_cap,1,1,1,none,none,OK,,,N/A,,,N/A,,,N/A,,,N/A,no building has appeared in the area and no building has disappeared in the area .,no building has appeared in the area and no building has disappeared in the area
45_01_00_cap,1,1,1,none,none,OK,,,N/A,,,N/A,,,N/A,,,N/A,no building has appeared in the area and no building has disappeared in the area .,no building has appeared in the area and no building has disappeared in the area
45_01_01_cap,1,1,1,none,none,OK,,,N/A,,,N/A,,,N/A,,,N/A,no building has appeared in the area and no building has disappeared in the area .,no building has appeared in the area and no building has disappeared in the area
45_01_02_cap,1,1,1,none,none,OK,,,N/A,,,N/A,,,N/A,,,N/A,no building has appeared in the area and no building has disappeared in the area .,no building has appeared in the area and no building has disappeared in the area
45_01_03_cap,1,1,1,none,none,OK,,,N/A,,,N/A,,,N/A,,,N/A,no building has appeared in the area and no building has disappeared in the area .,no building has appeared in the area and no building has disappeared in the area
45_01_04_cap,1,1,1,none,none,OK,,,N/A,,,N/A,,,N/A,,,N/A,no building has appeared in the area and no building has disappeared in the area .,no building has appeared in the area and no building has disappeared in the area
45_01_05_cap,1,1,1,none,none,OK,,,N/A,,,N/A,,,N/A,,,N/A,no building has appeared in the area and no building has disappeared in the area .,no building has appeared in the area and no building has disappeared in the area
45_01_06_cap,1,1,1,none,none,OK,,,N/A,,,N/A,,,N/A,,,N/A,no building has appeared in the area and no building has disappeared in the area .,no building has appeared in the area and no building has disappeared in the area
45_01_07_cap,1,1,1,none,none,OK,,,N/A,,,N/A,,,N/A,,,N/A,no building has appeared in the area and no building has disappeared in the area .,no building has appeared in the area and no building has disappeared in the area
45_02_00_cap,1,1,1,none,none,OK,,,N/A,,,N/A,,,N/A,,,N/A,no building has appeared in the area and no building has disappeared in the area .,no building has appeared in the area and no building has disappeared in the area
45_02_01_cap,0,0,0,appear,appear,OK,,,N/A,bottom-right,bottom-right|top-right,WRONG,land,land,OK,,,N/A,a new residential has appeared in the bottom right on bare land and no building has disappeared in the area .,a new residential has appeared in the bottom right on bare land and several sparse residential have disappeared in the top right on bare land
45_02_02_cap,0,0,0,appear,appear,OK,,,N/A,bottom|center,bottom-right,WRONG,area,area,OK,dense,dense,OK,several dense new residential have appeared in the bottom center in the parking area and no building has disappeared in the area .,several dense new residential have appeared in the bottom right in the parking area and no building has disappeared in the area
45_02_03_cap,0,0,0,appear,appear,OK,,,N/A,center|top-right,bottom-right|center,WRONG,among|area,area,PART,dense,sparse,WRONG,several dense new residential have appeared in the top right to right center in the parking area and a residential has disappeared in the right center among the trees .,several sparse new residential have appeared in the center in the parking area and a residential has disappeared in the bottom right in the parking area
45_02_04_cap,0,0,0,appear,appear,OK,several,-,WRONG,center|left,bottom-left,WRONG,area|land,area,PART,dense,-,WRONG,several dense new buildings have appeared in the left center in the parking area and a residential has disappeared in the left center on bare land .,a new residential has appeared in the bottom left in the parking area and no building has disappeared in the area
45_02_05_cap,1,1,1,none,none,OK,,,N/A,,,N/A,,,N/A,,,N/A,no building has appeared in the area and no building has disappeared in the area .,no building has appeared in the area and no building has disappeared in the area
45_02_06_cap,1,1,1,none,none,OK,,,N/A,,,N/A,,,N/A,,,N/A,no building has appeared in the area and no building has disappeared in the area .,no building has appeared in the area and no building has disappeared in the area
45_02_07_cap,1,1,1,none,none,OK,,,N/A,,,N/A,,,N/A,,,N/A,no building has appeared in the area and no building has disappeared in the area .,no building has appeared in the area and no building has disappeared in the area
45_03_00_cap,1,1,1,none,none,OK,,,N/A,,,N/A,,,N/A,,,N/A,no building has appeared in the area and no building has disappeared in the area .,no building has appeared in the area and no building has disappeared in the area
45_03_01_cap,0,0,0,appear,appear,OK,,,N/A,top-right,top-right,OK,among|area,among|area,OK,sparse,-,WRONG,several sparse new residential have appeared in the top right among the trees and no building has disappeared in the area .,a new residential has appeared in the top right among the trees and no building has disappeared in the area
45_03_02_cap,0,0,0,appear,appear,OK,,,N/A,center,center,OK,land,area,WRONG,dense,sparse,WRONG,several dense new residential have appeared in the center on bare land and no building has disappeared in the area .,several sparse new residential have appeared in the center in the parking area and no building has disappeared in the area
45_03_03_cap,0,0,1,appear,none,WRONG,,,N/A,bottom-left|center,-,WRONG,area,-,WRONG,dense,-,WRONG,several dense new residential have appeared in the bottom left to bottom center in the parking area and no building has disappeared in the area .,no building has appeared in the area and no building has disappeared in the area
45_03_04_cap,0,0,0,appear,appear,OK,,,N/A,bottom-left,bottom-left,OK,among|area,land,WRONG,sparse,-,WRONG,several sparse new residential have appeared in the bottom left among the trees and no building has disappeared in the area .,several closely located new residential have appeared in the bottom left on bare land and no building has disappeared in the area
45_03_05_cap,0,0,0,appear,appear,OK,,,N/A,top-right,center|top-right,WRONG,among|area,area|tree,PART,,,N/A,a new residential has appeared in the top right among the trees and no building has disappeared in the area .,several closely located new residential have appeared in the top right to right center among the trees and no building has disappeared in the area
45_03_06_cap,0,0,0,appear,appear,OK,one,one,OK,center,bottom|center,WRONG,area,area,OK,,,N/A,a new building has appeared in the center in the parking area and no building has disappeared in the area .,a new building has appeared in the bottom center in the parking area and no building has disappeared in the area
45_03_07_cap,0,0,1,appear,none,WRONG,,,N/A,top-left,-,WRONG,area,-,WRONG,,,N/A,a new residential has appeared in the top left in the parking area and no building has disappeared in the area .,no building has appeared in the area and no building has disappeared in the area
45_04_00_cap,1,1,1,none,none,OK,,,N/A,,,N/A,,,N/A,,,N/A,no building has appeared in the area and no building has disappeared in the area .,no building has appeared in the area and no building has disappeared in the area
45_04_01_cap,1,1,1,none,none,OK,,,N/A,,,N/A,,,N/A,,,N/A,no building has appeared in the area and no building has disappeared in the area .,no building has appeared in the area and no building has disappeared in the area
45_04_02_cap,0,0,0,appear,appear,OK,,,N/A,top-right,center|right,WRONG,area,land,WRONG,dense,-,WRONG,several dense new residential have appeared in the top right in the parking area and no building has disappeared in the area .,a new building has appeared in the right center on bare land and no building has disappeared in the area
45_04_03_cap,0,0,1,appear,none,WRONG,several,-,WRONG,top-right,-,WRONG,area,-,WRONG,sparse,-,WRONG,several sparse new buildings have appeared in the top right in the parking area and no building has disappeared in the area .,no building has appeared in the area and no building has disappeared in the area
45_04_04_cap,0,0,0,appear,disappear,WRONG,one,-,WRONG,bottom-left|center|top-left,bottom-right,WRONG,area,area,OK,,,N/A,a new building has appeared in the top left in the parking area and several closely located buildings have disappeared in the bottom left to bottom center in the parking area .,no building has appeared in the area and several sparse residential have disappeared in the bottom right in the parking area
45_04_05_cap,0,1,0,none,disappear,WRONG,,,N/A,,,N/A,,,N/A,,,N/A,no building has appeared in the area and no building has disappeared in the area .,no building has appeared in the area and a residential has disappeared in the bottom left along the roads
45_04_06_cap,1,1,1,none,none,OK,,,N/A,,,N/A,,,N/A,,,N/A,no building has appeared in the area and no building has disappeared in the area .,no building has appeared in the area and no building has disappeared in the area
45_04_07_cap,1,1,1,none,none,OK,,,N/A,,,N/A,,,N/A,,,N/A,no building has appeared in the area and no building has disappeared in the area .,no building has appeared in the area and no building has disappeared in the area
45_05_00_cap,1,1,1,none,none,OK,,,N/A,,,N/A,,,N/A,,,N/A,no building has appeared in the area and no building has disappeared in the area .,no building has appeared in the area and no building has disappeared in the area
45_05_01_cap,1,1,1,none,none,OK,,,N/A,,,N/A,,,N/A,,,N/A,no building has appeared in the area and no building has disappeared in the area .,no building has appeared in the area and no building has disappeared in the area
45_05_02_cap,1,1,1,none,none,OK,,,N/A,,,N/A,,,N/A,,,N/A,no building has appeared in the area and no building has disappeared in the area .,no building has appeared in the area and no building has disappeared in the area
45_05_03_cap,1,0,0,disappear,disappear,OK,one,one,OK,center|top,center|top,OK,area,area,OK,,,N/A,no building has appeared in the area and a building has disappeared in the top center in the parking area .,no building has appeared in the area and a building has disappeared in the top center in the parking area
45_05_04_cap,0,0,0,disappear,appear,WRONG,one,-,WRONG,top-left,center|top-left,WRONG,area,area,OK,,,N/A,no building has appeared in the area and a building has disappeared in the top left in the parking area .,several closely located new residential have appeared in the top left to left center in the parking area and several closely located residential have disappeared in the top left in the parking area
45_05_05_cap,1,1,1,none,none,OK,,,N/A,,,N/A,,,N/A,,,N/A,no building has appeared in the area and no building has disappeared in the area .,no building has appeared in the area and no building has disappeared in the area
45_05_06_cap,1,1,1,none,none,OK,,,N/A,,,N/A,,,N/A,,,N/A,no building has appeared in the area and no building has disappeared in the area .,no building has appeared in the area and no building has disappeared in the area
45_05_07_cap,1,1,1,none,none,OK,,,N/A,,,N/A,,,N/A,,,N/A,no building has appeared in the area and no building has disappeared in the area .,no building has appeared in the area and no building has disappeared in the area
45_06_00_cap,1,1,1,none,none,OK,,,N/A,,,N/A,,,N/A,,,N/A,no building has appeared in the area and no building has disappeared in the area .,no building has appeared in the area and no building has disappeared in the area
45_06_01_cap,1,1,1,none,none,OK,,,N/A,,,N/A,,,N/A,,,N/A,no building has appeared in the area and no building has disappeared in the area .,no building has appeared in the area and no building has disappeared in the area
45_06_02_cap,1,1,1,none,none,OK,,,N/A,,,N/A,,,N/A,,,N/A,no building has appeared in the area and no building has disappeared in the area .,no building has appeared in the area and no building has disappeared in the area
45_06_03_cap,1,1,1,none,none,OK,,,N/A,,,N/A,,,N/A,,,N/A,no building has appeared in the area and no building has disappeared in the area .,no building has appeared in the area and no building has disappeared in the area
45_06_04_cap,0,0,1,disappear,none,WRONG,,,N/A,center,-,WRONG,area,-,WRONG,,,N/A,no building has appeared in the area and a residential has disappeared in the center in the parking area .,no building has appeared in the area and no building has disappeared in the area
45_06_05_cap,1,1,1,none,none,OK,,,N/A,,,N/A,,,N/A,,,N/A,no building has appeared in the area and no building has disappeared in the area .,no building has appeared in the area and no building has disappeared in the area
45_06_06_cap,1,1,1,none,none,OK,,,N/A,,,N/A,,,N/A,,,N/A,no building has appeared in the area and no building has disappeared in the area .,no building has appeared in the area and no building has disappeared in the area
45_06_07_cap,1,1,1,none,none,OK,,,N/A,,,N/A,,,N/A,,,N/A,no building has appeared in the area and no building has disappeared in the area .,no building has appeared in the area and no building has disappeared in the area
45_07_00_cap,1,1,1,none,none,OK,,,N/A,,,N/A,,,N/A,,,N/A,no building has appeared in the area and no building has disappeared in the area .,no building has appeared in the area and no building has disappeared in the area
45_07_01_cap,1,1,1,none,none,OK,,,N/A,,,N/A,,,N/A,,,N/A,no building has appeared in the area and no building has disappeared in the area .,no building has appeared in the area and no building has disappeared in the area
45_07_02_cap,1,1,1,none,none,OK,,,N/A,,,N/A,,,N/A,,,N/A,no building has appeared in the area and no building has disappeared in the area .,no building has appeared in the area and no building has disappeared in the area
45_07_03_cap,1,1,1,none,none,OK,,,N/A,,,N/A,,,N/A,,,N/A,no building has appeared in the area and no building has disappeared in the area .,no building has appeared in the area and no building has disappeared in the area
45_07_04_cap,1,1,1,none,none,OK,,,N/A,,,N/A,,,N/A,,,N/A,no building has appeared in the area and no building has disappeared in the area .,no building has appeared in the area and no building has disappeared in the area
45_07_05_cap,1,1,1,none,none,OK,,,N/A,,,N/A,,,N/A,,,N/A,no building has appeared in the area and no building has disappeared in the area .,no building has appeared in the area and no building has disappeared in the area
45_07_06_cap,1,1,1,none,none,OK,,,N/A,,,N/A,,,N/A,,,N/A,no building has appeared in the area and no building has disappeared in the area .,no building has appeared in the area and no building has disappeared in the area
45_07_07_cap,1,1,1,none,none,OK,,,N/A,,,N/A,,,N/A,,,N/A,no building has appeared in the area and no building has disappeared in the area .,no building has appeared in the area and no building has disappeared in the area
46_00_00_cap,1,1,1,none,none,OK,,,N/A,,,N/A,,,N/A,,,N/A,no building has appeared in the area and no building has disappeared in the area .,no building has appeared in the area and no building has disappeared in the area
46_00_01_cap,1,1,1,none,none,OK,,,N/A,,,N/A,,,N/A,,,N/A,no building has appeared in the area and no building has disappeared in the area .,no building has appeared in the area and no building has disappeared in the area
46_00_02_cap,1,1,1,none,none,OK,,,N/A,,,N/A,,,N/A,,,N/A,no building has appeared in the area and no building has disappeared in the area .,no building has appeared in the area and no building has disappeared in the area
46_00_03_cap,1,1,1,none,none,OK,,,N/A,,,N/A,,,N/A,,,N/A,no building has appeared in the area and no building has disappeared in the area .,no building has appeared in the area and no building has disappeared in the area
46_00_04_cap,1,1,1,none,none,OK,,,N/A,,,N/A,,,N/A,,,N/A,no building has appeared in the area and no building has disappeared in the area .,no building has appeared in the area and no building has disappeared in the area
46_00_05_cap,1,1,1,none,none,OK,,,N/A,,,N/A,,,N/A,,,N/A,no building has appeared in the area and no building has disappeared in the area .,no building has appeared in the area and no building has disappeared in the area
46_00_06_cap,1,0,0,disappear,disappear,OK,,,N/A,center|right,center|right,OK,area,area,OK,,,N/A,no building has appeared in the area and a residential has disappeared in the right center in the parking area .,no building has appeared in the area and several sparse residential have disappeared in the right center in the parking area
46_00_07_cap,0,0,1,disappear,none,WRONG,,,N/A,center|left,-,WRONG,area,-,WRONG,,,N/A,no building has appeared in the area and a residential has disappeared in the left center in the parking area .,no building has appeared in the area and no building has disappeared in the area
46_01_00_cap,1,1,1,none,none,OK,,,N/A,,,N/A,,,N/A,,,N/A,no building has appeared in the area and no building has disappeared in the area .,no building has appeared in the area and no building has disappeared in the area
46_01_01_cap,1,1,1,none,none,OK,,,N/A,,,N/A,,,N/A,,,N/A,no building has appeared in the area and no building has disappeared in the area .,no building has appeared in the area and no building has disappeared in the area
46_01_02_cap,1,1,1,none,none,OK,,,N/A,,,N/A,,,N/A,,,N/A,no building has appeared in the area and no building has disappeared in the area .,no building has appeared in the area and no building has disappeared in the area
46_01_03_cap,1,1,1,none,none,OK,,,N/A,,,N/A,,,N/A,,,N/A,no building has appeared in the area and no building has disappeared in the area .,no building has appeared in the area and no building has disappeared in the area
46_01_04_cap,0,1,0,none,disappear,WRONG,,,N/A,,,N/A,,,N/A,,,N/A,no building has appeared in the area and no building has disappeared in the area .,no building has appeared in the area and several closely located residential have disappeared in the left center in the parking area
46_01_05_cap,1,1,1,none,none,OK,,,N/A,,,N/A,,,N/A,,,N/A,no building has appeared in the area and no building has disappeared in the area .,no building has appeared in the area and no building has disappeared in the area
46_01_06_cap,0,0,1,disappear,none,WRONG,,,N/A,top-right,-,WRONG,area,-,WRONG,,,N/A,no building has appeared in the area and a residential has disappeared in the top right in the parking area .,no building has appeared in the area and no building has disappeared in the area
46_01_07_cap,1,0,0,disappear,disappear,OK,,,N/A,top-left,top-left,OK,area,area,OK,,,N/A,no building has appeared in the area and a residential has disappeared in the top left in the parking area .,no building has appeared in the area and a residential has disappeared in the top left in the parking area
46_02_00_cap,1,1,1,none,none,OK,,,N/A,,,N/A,,,N/A,,,N/A,no building has appeared in the area and no building has disappeared in the area .,no building has appeared in the area and no building has disappeared in the area
46_02_01_cap,1,1,1,none,none,OK,,,N/A,,,N/A,,,N/A,,,N/A,no building has appeared in the area and no building has disappeared in the area .,no building has appeared in the area and no building has disappeared in the area
46_02_02_cap,1,1,1,none,none,OK,,,N/A,,,N/A,,,N/A,,,N/A,no building has appeared in the area and no building has disappeared in the area .,no building has appeared in the area and no building has disappeared in the area
46_02_03_cap,1,1,1,none,none,OK,,,N/A,,,N/A,,,N/A,,,N/A,no building has appeared in the area and no building has disappeared in the area .,no building has appeared in the area and no building has disappeared in the area
46_02_04_cap,1,1,1,none,none,OK,,,N/A,,,N/A,,,N/A,,,N/A,no building has appeared in the area and no building has disappeared in the area .,no building has appeared in the area and no building has disappeared in the area
46_02_05_cap,1,1,1,none,none,OK,,,N/A,,,N/A,,,N/A,,,N/A,no building has appeared in the area and no building has disappeared in the area .,no building has appeared in the area and no building has disappeared in the area
46_02_06_cap,1,1,1,none,none,OK,,,N/A,,,N/A,,,N/A,,,N/A,no building has appeared in the area and no building has disappeared in the area .,no building has appeared in the area and no building has disappeared in the area
46_02_07_cap,1,1,1,none,none,OK,,,N/A,,,N/A,,,N/A,,,N/A,no building has appeared in the area and no building has disappeared in the area .,no building has appeared in the area and no building has disappeared in the area
46_03_00_cap,1,1,1,none,none,OK,,,N/A,,,N/A,,,N/A,,,N/A,no building has appeared in the area and no building has disappeared in the area .,no building has appeared in the area and no building has disappeared in the area
46_03_01_cap,1,0,0,disappear,disappear,OK,,,N/A,bottom-right,bottom-right,OK,area,area,OK,,,N/A,no building has appeared in the area and several <UNK> buildings have disappeared in the bottom right in the parking area .,no building has appeared in the area and several <UNK> buildings have disappeared in the bottom right in the parking area
46_03_02_cap,0,0,0,disappear,disappear,OK,,,N/A,bottom-left,bottom-right,WRONG,area,area,OK,dense,sparse,WRONG,no building has appeared in the area and several dense residential have disappeared in the bottom left in the parking area .,no building has appeared in the area and several sparse buildings have disappeared in the bottom right in the parking area
46_03_03_cap,0,0,0,disappear,disappear,OK,,,N/A,bottom-left,bottom-left,OK,area,among,WRONG,,,N/A,no building has appeared in the area and several closely located buildings have disappeared in the bottom left in the parking area .,no building has appeared in the area and a residential has disappeared in the bottom left among the trees
46_03_04_cap,1,1,1,none,none,OK,,,N/A,,,N/A,,,N/A,,,N/A,no building has appeared in the area and no building has disappeared in the area .,no building has appeared in the area and no building has disappeared in the area
46_03_05_cap,1,1,1,none,none,OK,,,N/A,,,N/A,,,N/A,,,N/A,no building has appeared in the area and no building has disappeared in the area .,no building has appeared in the area and no building has disappeared in the area
46_03_06_cap,1,1,1,none,none,OK,,,N/A,,,N/A,,,N/A,,,N/A,no building has appeared in the area and no building has disappeared in the area .,no building has appeared in the area and no building has disappeared in the area
46_03_07_cap,0,1,0,none,appear,WRONG,,,N/A,,,N/A,,,N/A,,,N/A,no building has appeared in the area and no building has disappeared in the area .,a new building has appeared in the right center in the parking area and no building has disappeared in the area
46_04_00_cap,1,1,1,none,none,OK,,,N/A,,,N/A,,,N/A,,,N/A,no building has appeared in the area and no building has disappeared in the area .,no building has appeared in the area and no building has disappeared in the area
46_04_01_cap,1,0,0,disappear,disappear,OK,,,N/A,top-right,top-right,OK,area,area,OK,,,N/A,no building has appeared in the area and several closely located buildings have disappeared in the top right in the parking area .,no building has appeared in the area and several sparse buildings have disappeared in the top right in the parking area
46_04_02_cap,0,0,0,disappear,disappear,OK,,,N/A,center|top,top-left|top-right,WRONG,area,area,OK,,,N/A,no building has appeared in the area and several closely located buildings have disappeared in the top center in the parking area .,no building has appeared in the area and several sparse buildings have disappeared in the top left to top right in the parking area
46_04_03_cap,0,0,0,disappear,disappear,OK,one,-,WRONG,top-left,top-left,OK,area,along,WRONG,,,N/A,no building has appeared in the area and a building has disappeared in the top left in the parking area .,no building has appeared in the area and several closely located residential have disappeared in the top left along the roads
46_04_04_cap,1,1,1,none,none,OK,,,N/A,,,N/A,,,N/A,,,N/A,no building has appeared in the area and no building has disappeared in the area .,no building has appeared in the area and no building has disappeared in the area
46_04_05_cap,1,1,1,none,none,OK,,,N/A,,,N/A,,,N/A,,,N/A,no building has appeared in the area and no building has disappeared in the area .,no building has appeared in the area and no building has disappeared in the area
46_04_06_cap,1,1,1,none,none,OK,,,N/A,,,N/A,,,N/A,,,N/A,no building has appeared in the area and no building has disappeared in the area .,no building has appeared in the area and no building has disappeared in the area
46_04_07_cap,1,1,1,none,none,OK,,,N/A,,,N/A,,,N/A,,,N/A,no building has appeared in the area and no building has disappeared in the area .,no building has appeared in the area and no building has disappeared in the area
46_05_00_cap,0,0,0,appear,appear,OK,,,N/A,top-left,top-left|top-right,WRONG,land,area,WRONG,,,N/A,several <UNK> new buildings have appeared in the top left on bare land and no building has disappeared in the area .,several closely located new residential have appeared in the top left to top right in the parking area and no building has disappeared in the area
46_05_01_cap,1,1,1,none,none,OK,,,N/A,,,N/A,,,N/A,,,N/A,no building has appeared in the area and no building has disappeared in the area .,no building has appeared in the area and no building has disappeared in the area
46_05_02_cap,1,1,1,none,none,OK,,,N/A,,,N/A,,,N/A,,,N/A,no building has appeared in the area and no building has disappeared in the area .,no building has appeared in the area and no building has disappeared in the area
46_05_03_cap,1,1,1,none,none,OK,,,N/A,,,N/A,,,N/A,,,N/A,no building has appeared in the area and no building has disappeared in the area .,no building has appeared in the area and no building has disappeared in the area
46_05_04_cap,1,1,1,none,none,OK,,,N/A,,,N/A,,,N/A,,,N/A,no building has appeared in the area and no building has disappeared in the area .,no building has appeared in the area and no building has disappeared in the area
46_05_05_cap,1,1,1,none,none,OK,,,N/A,,,N/A,,,N/A,,,N/A,no building has appeared in the area and no building has disappeared in the area .,no building has appeared in the area and no building has disappeared in the area
46_05_06_cap,0,0,1,appear,none,WRONG,,,N/A,bottom-right,-,WRONG,among|area,-,WRONG,,,N/A,several closely located new buildings have appeared in the bottom right among the trees and no building has disappeared in the area .,no building has appeared in the area and no building has disappeared in the area
46_05_07_cap,0,0,0,appear,appear,OK,several,-,WRONG,,,N/A,land,area,WRONG,dense,sparse,WRONG,several dense new buildings have appeared in different areas on bare land and no building has disappeared in the area .,several sparse new residential have appeared in the bottom right in the parking area and no building has disappeared in the area
46_06_00_cap,1,1,1,none,none,OK,,,N/A,,,N/A,,,N/A,,,N/A,no building has appeared in the area and no building has disappeared in the area .,no building has appeared in the area and no building has disappeared in the area
46_06_01_cap,1,1,1,none,none,OK,,,N/A,,,N/A,,,N/A,,,N/A,no building has appeared in the area and no building has disappeared in the area .,no building has appeared in the area and no building has disappeared in the area
46_06_02_cap,1,1,1,none,none,OK,,,N/A,,,N/A,,,N/A,,,N/A,no building has appeared in the area and no building has disappeared in the area .,no building has appeared in the area and no building has disappeared in the area
46_06_03_cap,1,1,1,none,none,OK,,,N/A,,,N/A,,,N/A,,,N/A,no building has appeared in the area and no building has disappeared in the area .,no building has appeared in the area and no building has disappeared in the area
46_06_04_cap,1,1,1,none,none,OK,,,N/A,,,N/A,,,N/A,,,N/A,no building has appeared in the area and no building has disappeared in the area .,no building has appeared in the area and no building has disappeared in the area
46_06_05_cap,1,1,1,none,none,OK,,,N/A,,,N/A,,,N/A,,,N/A,no building has appeared in the area and no building has disappeared in the area .,no building has appeared in the area and no building has disappeared in the area
46_06_06_cap,0,0,0,appear,appear,OK,,,N/A,bottom-right|center,center|right,WRONG,area,area,OK,,,N/A,several closely located new residential have appeared in the bottom right to right center in the parking area and no building has disappeared in the area .,several closely located new buildings have appeared in the right center in the parking area and no building has disappeared in the area
46_06_07_cap,0,0,0,appear,appear,OK,several,one,WRONG,,,N/A,area,area,OK,dense,sparse,WRONG,several dense new buildings have appeared in different areas in the parking area and no building has disappeared in the area .,several sparse new residential have appeared in the center in the parking area and a building has disappeared in the top center in the parking area
46_07_00_cap,1,1,1,none,none,OK,,,N/A,,,N/A,,,N/A,,,N/A,no building has appeared in the area and no building has disappeared in the area .,no building has appeared in the area and no building has disappeared in the area
46_07_01_cap,1,1,1,none,none,OK,,,N/A,,,N/A,,,N/A,,,N/A,no building has appeared in the area and no building has disappeared in the area .,no building has appeared in the area and no building has disappeared in the area
46_07_02_cap,1,1,1,none,none,OK,,,N/A,,,N/A,,,N/A,,,N/A,no building has appeared in the area and no building has disappeared in the area .,no building has appeared in the area and no building has disappeared in the area
46_07_03_cap,1,1,1,none,none,OK,,,N/A,,,N/A,,,N/A,,,N/A,no building has appeared in the area and no building has disappeared in the area .,no building has appeared in the area and no building has disappeared in the area
46_07_04_cap,1,1,1,none,none,OK,,,N/A,,,N/A,,,N/A,,,N/A,no building has appeared in the area and no building has disappeared in the area .,no building has appeared in the area and no building has disappeared in the area
46_07_05_cap,1,1,1,none,none,OK,,,N/A,,,N/A,,,N/A,,,N/A,no building has appeared in the area and no building has disappeared in the area .,no building has appeared in the area and no building has disappeared in the area
46_07_06_cap,1,1,1,none,none,OK,,,N/A,,,N/A,,,N/A,,,N/A,no building has appeared in the area and no building has disappeared in the area .,no building has appeared in the area and no building has disappeared in the area
46_07_07_cap,1,1,1,none,none,OK,,,N/A,,,N/A,,,N/A,,,N/A,no building has appeared in the area and no building has disappeared in the area .,no building has appeared in the area and no building has disappeared in the area
66_00_00_cap,1,1,1,none,none,OK,,,N/A,,,N/A,,,N/A,,,N/A,no building has appeared in the area and no building has disappeared in the area .,no building has appeared in the area and no building has disappeared in the area
66_00_01_cap,1,1,1,none,none,OK,,,N/A,,,N/A,,,N/A,,,N/A,no building has appeared in the area and no building has disappeared in the area .,no building has appeared in the area and no building has disappeared in the area
66_00_02_cap,1,1,1,none,none,OK,,,N/A,,,N/A,,,N/A,,,N/A,no building has appeared in the area and no building has disappeared in the area .,no building has appeared in the area and no building has disappeared in the area
66_00_03_cap,1,1,1,none,none,OK,,,N/A,,,N/A,,,N/A,,,N/A,no building has appeared in the area and no building has disappeared in the area .,no building has appeared in the area and no building has disappeared in the area
66_00_04_cap,1,1,1,none,none,OK,,,N/A,,,N/A,,,N/A,,,N/A,no building has appeared in the area and no building has disappeared in the area .,no building has appeared in the area and no building has disappeared in the area
66_00_05_cap,1,1,1,none,none,OK,,,N/A,,,N/A,,,N/A,,,N/A,no building has appeared in the area and no building has disappeared in the area .,no building has appeared in the area and no building has disappeared in the area
66_00_06_cap,1,1,1,none,none,OK,,,N/A,,,N/A,,,N/A,,,N/A,no building has appeared in the area and no building has disappeared in the area .,no building has appeared in the area and no building has disappeared in the area
66_00_07_cap,1,1,1,none,none,OK,,,N/A,,,N/A,,,N/A,,,N/A,no building has appeared in the area and no building has disappeared in the area .,no building has appeared in the area and no building has disappeared in the area
66_01_00_cap,1,1,1,none,none,OK,,,N/A,,,N/A,,,N/A,,,N/A,no building has appeared in the area and no building has disappeared in the area .,no building has appeared in the area and no building has disappeared in the area
66_01_01_cap,1,1,1,none,none,OK,,,N/A,,,N/A,,,N/A,,,N/A,no building has appeared in the area and no building has disappeared in the area .,no building has appeared in the area and no building has disappeared in the area
66_01_02_cap,1,1,1,none,none,OK,,,N/A,,,N/A,,,N/A,,,N/A,no building has appeared in the area and no building has disappeared in the area .,no building has appeared in the area and no building has disappeared in the area
66_01_03_cap,1,1,1,none,none,OK,,,N/A,,,N/A,,,N/A,,,N/A,no building has appeared in the area and no building has disappeared in the area .,no building has appeared in the area and no building has disappeared in the area
66_01_04_cap,1,1,1,none,none,OK,,,N/A,,,N/A,,,N/A,,,N/A,no building has appeared in the area and no building has disappeared in the area .,no building has appeared in the area and no building has disappeared in the area
66_01_05_cap,1,1,1,none,none,OK,,,N/A,,,N/A,,,N/A,,,N/A,no building has appeared in the area and no building has disappeared in the area .,no building has appeared in the area and no building has disappeared in the area
66_01_06_cap,1,1,1,none,none,OK,,,N/A,,,N/A,,,N/A,,,N/A,no building has appeared in the area and no building has disappeared in the area .,no building has appeared in the area and no building has disappeared in the area
66_01_07_cap,1,1,1,none,none,OK,,,N/A,,,N/A,,,N/A,,,N/A,no building has appeared in the area and no building has disappeared in the area .,no building has appeared in the area and no building has disappeared in the area
66_02_00_cap,1,1,1,none,none,OK,,,N/A,,,N/A,,,N/A,,,N/A,no building has appeared in the area and no building has disappeared in the area .,no building has appeared in the area and no building has disappeared in the area
66_02_01_cap,1,1,1,none,none,OK,,,N/A,,,N/A,,,N/A,,,N/A,no building has appeared in the area and no building has disappeared in the area .,no building has appeared in the area and no building has disappeared in the area
66_02_02_cap,1,1,1,none,none,OK,,,N/A,,,N/A,,,N/A,,,N/A,no building has appeared in the area and no building has disappeared in the area .,no building has appeared in the area and no building has disappeared in the area
66_02_03_cap,1,1,1,none,none,OK,,,N/A,,,N/A,,,N/A,,,N/A,no building has appeared in the area and no building has disappeared in the area .,no building has appeared in the area and no building has disappeared in the area
66_02_04_cap,1,1,1,none,none,OK,,,N/A,,,N/A,,,N/A,,,N/A,no building has appeared in the area and no building has disappeared in the area .,no building has appeared in the area and no building has disappeared in the area
66_02_05_cap,1,1,1,none,none,OK,,,N/A,,,N/A,,,N/A,,,N/A,no building has appeared in the area and no building has disappeared in the area .,no building has appeared in the area and no building has disappeared in the area
66_02_06_cap,1,1,1,none,none,OK,,,N/A,,,N/A,,,N/A,,,N/A,no building has appeared in the area and no building has disappeared in the area .,no building has appeared in the area and no building has disappeared in the area
66_02_07_cap,1,1,1,none,none,OK,,,N/A,,,N/A,,,N/A,,,N/A,no building has appeared in the area and no building has disappeared in the area .,no building has appeared in the area and no building has disappeared in the area
66_03_00_cap,1,1,1,none,none,OK,,,N/A,,,N/A,,,N/A,,,N/A,no building has appeared in the area and no building has disappeared in the area .,no building has appeared in the area and no building has disappeared in the area
66_03_01_cap,1,1,1,none,none,OK,,,N/A,,,N/A,,,N/A,,,N/A,no building has appeared in the area and no building has disappeared in the area .,no building has appeared in the area and no building has disappeared in the area
66_03_02_cap,1,1,1,none,none,OK,,,N/A,,,N/A,,,N/A,,,N/A,no building has appeared in the area and no building has disappeared in the area .,no building has appeared in the area and no building has disappeared in the area
66_03_03_cap,1,1,1,none,none,OK,,,N/A,,,N/A,,,N/A,,,N/A,no building has appeared in the area and no building has disappeared in the area .,no building has appeared in the area and no building has disappeared in the area
66_03_04_cap,1,1,1,none,none,OK,,,N/A,,,N/A,,,N/A,,,N/A,no building has appeared in the area and no building has disappeared in the area .,no building has appeared in the area and no building has disappeared in the area
66_03_05_cap,1,1,1,none,none,OK,,,N/A,,,N/A,,,N/A,,,N/A,no building has appeared in the area and no building has disappeared in the area .,no building has appeared in the area and no building has disappeared in the area
66_03_06_cap,1,1,1,none,none,OK,,,N/A,,,N/A,,,N/A,,,N/A,no building has appeared in the area and no building has disappeared in the area .,no building has appeared in the area and no building has disappeared in the area
66_03_07_cap,1,1,1,none,none,OK,,,N/A,,,N/A,,,N/A,,,N/A,no building has appeared in the area and no building has disappeared in the area .,no building has appeared in the area and no building has disappeared in the area
66_04_00_cap,1,1,1,none,none,OK,,,N/A,,,N/A,,,N/A,,,N/A,no building has appeared in the area and no building has disappeared in the area .,no building has appeared in the area and no building has disappeared in the area
66_04_01_cap,1,1,1,none,none,OK,,,N/A,,,N/A,,,N/A,,,N/A,no building has appeared in the area and no building has disappeared in the area .,no building has appeared in the area and no building has disappeared in the area
66_04_02_cap,1,1,1,none,none,OK,,,N/A,,,N/A,,,N/A,,,N/A,no building has appeared in the area and no building has disappeared in the area .,no building has appeared in the area and no building has disappeared in the area
66_04_03_cap,1,1,1,none,none,OK,,,N/A,,,N/A,,,N/A,,,N/A,no building has appeared in the area and no building has disappeared in the area .,no building has appeared in the area and no building has disappeared in the area
66_04_04_cap,1,1,1,none,none,OK,,,N/A,,,N/A,,,N/A,,,N/A,no building has appeared in the area and no building has disappeared in the area .,no building has appeared in the area and no building has disappeared in the area
66_04_05_cap,1,1,1,none,none,OK,,,N/A,,,N/A,,,N/A,,,N/A,no building has appeared in the area and no building has disappeared in the area .,no building has appeared in the area and no building has disappeared in the area
66_04_06_cap,1,1,1,none,none,OK,,,N/A,,,N/A,,,N/A,,,N/A,no building has appeared in the area and no building has disappeared in the area .,no building has appeared in the area and no building has disappeared in the area
66_04_07_cap,1,1,1,none,none,OK,,,N/A,,,N/A,,,N/A,,,N/A,no building has appeared in the area and no building has disappeared in the area .,no building has appeared in the area and no building has disappeared in the area
66_05_00_cap,1,1,1,none,none,OK,,,N/A,,,N/A,,,N/A,,,N/A,no building has appeared in the area and no building has disappeared in the area .,no building has appeared in the area and no building has disappeared in the area
66_05_01_cap,1,1,1,none,none,OK,,,N/A,,,N/A,,,N/A,,,N/A,no building has appeared in the area and no building has disappeared in the area .,no building has appeared in the area and no building has disappeared in the area
66_05_02_cap,1,1,1,none,none,OK,,,N/A,,,N/A,,,N/A,,,N/A,no building has appeared in the area and no building has disappeared in the area .,no building has appeared in the area and no building has disappeared in the area
66_05_03_cap,1,1,1,none,none,OK,,,N/A,,,N/A,,,N/A,,,N/A,no building has appeared in the area and no building has disappeared in the area .,no building has appeared in the area and no building has disappeared in the area
66_05_04_cap,1,1,1,none,none,OK,,,N/A,,,N/A,,,N/A,,,N/A,no building has appeared in the area and no building has disappeared in the area .,no building has appeared in the area and no building has disappeared in the area
66_05_05_cap,1,1,1,none,none,OK,,,N/A,,,N/A,,,N/A,,,N/A,no building has appeared in the area and no building has disappeared in the area .,no building has appeared in the area and no building has disappeared in the area
66_05_06_cap,1,1,1,none,none,OK,,,N/A,,,N/A,,,N/A,,,N/A,no building has appeared in the area and no building has disappeared in the area .,no building has appeared in the area and no building has disappeared in the area
66_05_07_cap,1,1,1,none,none,OK,,,N/A,,,N/A,,,N/A,,,N/A,no building has appeared in the area and no building has disappeared in the area .,no building has appeared in the area and no building has disappeared in the area
66_06_00_cap,1,1,1,none,none,OK,,,N/A,,,N/A,,,N/A,,,N/A,no building has appeared in the area and no building has disappeared in the area .,no building has appeared in the area and no building has disappeared in the area
66_06_01_cap,1,1,1,none,none,OK,,,N/A,,,N/A,,,N/A,,,N/A,no building has appeared in the area and no building has disappeared in the area .,no building has appeared in the area and no building has disappeared in the area
66_06_02_cap,1,1,1,none,none,OK,,,N/A,,,N/A,,,N/A,,,N/A,no building has appeared in the area and no building has disappeared in the area .,no building has appeared in the area and no building has disappeared in the area
66_06_03_cap,1,1,1,none,none,OK,,,N/A,,,N/A,,,N/A,,,N/A,no building has appeared in the area and no building has disappeared in the area .,no building has appeared in the area and no building has disappeared in the area
66_06_04_cap,1,1,1,none,none,OK,,,N/A,,,N/A,,,N/A,,,N/A,no building has appeared in the area and no building has disappeared in the area .,no building has appeared in the area and no building has disappeared in the area
66_06_05_cap,1,1,1,none,none,OK,,,N/A,,,N/A,,,N/A,,,N/A,no building has appeared in the area and no building has disappeared in the area .,no building has appeared in the area and no building has disappeared in the area
66_06_06_cap,1,1,1,none,none,OK,,,N/A,,,N/A,,,N/A,,,N/A,no building has appeared in the area and no building has disappeared in the area .,no building has appeared in the area and no building has disappeared in the area
66_06_07_cap,1,1,1,none,none,OK,,,N/A,,,N/A,,,N/A,,,N/A,no building has appeared in the area and no building has disappeared in the area .,no building has appeared in the area and no building has disappeared in the area
66_07_00_cap,1,1,1,none,none,OK,,,N/A,,,N/A,,,N/A,,,N/A,no building has appeared in the area and no building has disappeared in the area .,no building has appeared in the area and no building has disappeared in the area
66_07_01_cap,1,1,1,none,none,OK,,,N/A,,,N/A,,,N/A,,,N/A,no building has appeared in the area and no building has disappeared in the area .,no building has appeared in the area and no building has disappeared in the area
66_07_02_cap,1,1,1,none,none,OK,,,N/A,,,N/A,,,N/A,,,N/A,no building has appeared in the area and no building has disappeared in the area .,no building has appeared in the area and no building has disappeared in the area
66_07_03_cap,1,1,1,none,none,OK,,,N/A,,,N/A,,,N/A,,,N/A,no building has appeared in the area and no building has disappeared in the area .,no building has appeared in the area and no building has disappeared in the area
66_07_04_cap,1,1,1,none,none,OK,,,N/A,,,N/A,,,N/A,,,N/A,no building has appeared in the area and no building has disappeared in the area .,no building has appeared in the area and no building has disappeared in the area
66_07_05_cap,1,1,1,none,none,OK,,,N/A,,,N/A,,,N/A,,,N/A,no building has appeared in the area and no building has disappeared in the area .,no building has appeared in the area and no building has disappeared in the area
66_07_06_cap,1,1,1,none,none,OK,,,N/A,,,N/A,,,N/A,,,N/A,no building has appeared in the area and no building has disappeared in the area .,no building has appeared in the area and no building has disappeared in the area
66_07_07_cap,1,1,1,none,none,OK,,,N/A,,,N/A,,,N/A,,,N/A,no building has appeared in the area and no building has disappeared in the area .,no building has appeared in the area and no building has disappeared in the area
77_00_00_cap,1,1,1,none,none,OK,,,N/A,,,N/A,,,N/A,,,N/A,no building has appeared in the area and no building has disappeared in the area .,no building has appeared in the area and no building has disappeared in the area
77_00_01_cap,1,1,1,none,none,OK,,,N/A,,,N/A,,,N/A,,,N/A,no building has appeared in the area and no building has disappeared in the area .,no building has appeared in the area and no building has disappeared in the area
77_00_02_cap,1,1,1,none,none,OK,,,N/A,,,N/A,,,N/A,,,N/A,no building has appeared in the area and no building has disappeared in the area .,no building has appeared in the area and no building has disappeared in the area
77_00_03_cap,1,1,1,none,none,OK,,,N/A,,,N/A,,,N/A,,,N/A,no building has appeared in the area and no building has disappeared in the area .,no building has appeared in the area and no building has disappeared in the area
77_00_04_cap,0,0,1,appear,none,WRONG,,,N/A,bottom-left|center,-,WRONG,area,-,WRONG,,,N/A,several closely located new houses have appeared in the bottom left to bottom center in the parking area and no building has disappeared in the area .,no building has appeared in the area and no building has disappeared in the area
77_00_05_cap,0,0,0,disappear,disappear,OK,,,N/A,center|left|top,top-right,WRONG,area,land,WRONG,sparse,sparse,OK,no building has appeared in the area and several sparse residential have disappeared in the top center to left center in the parking area .,no building has appeared in the area and several sparse residential have disappeared in the top right to top right on bare land
77_00_06_cap,0,0,1,appear,none,WRONG,,,N/A,top-left|top-right,-,WRONG,area,-,WRONG,sparse,-,WRONG,several sparse new residential have appeared in the top left to top right in the parking area and no building has disappeared in the area .,no building has appeared in the area and no building has disappeared in the area
77_00_07_cap,1,1,1,none,none,OK,,,N/A,,,N/A,,,N/A,,,N/A,no building has appeared in the area and no building has disappeared in the area .,no building has appeared in the area and no building has disappeared in the area
77_01_00_cap,1,1,1,none,none,OK,,,N/A,,,N/A,,,N/A,,,N/A,no building has appeared in the area and no building has disappeared in the area .,no building has appeared in the area and no building has disappeared in the area
77_01_01_cap,1,1,1,none,none,OK,,,N/A,,,N/A,,,N/A,,,N/A,no building has appeared in the area and no building has disappeared in the area .,no building has appeared in the area and no building has disappeared in the area
77_01_02_cap,1,1,1,none,none,OK,,,N/A,,,N/A,,,N/A,,,N/A,no building has appeared in the area and no building has disappeared in the area .,no building has appeared in the area and no building has disappeared in the area
77_01_03_cap,1,1,1,none,none,OK,,,N/A,,,N/A,,,N/A,,,N/A,no building has appeared in the area and no building has disappeared in the area .,no building has appeared in the area and no building has disappeared in the area
77_01_04_cap,0,0,0,appear,appear,OK,,,N/A,bottom-left|center|top-right,center|top-right,WRONG,area|land,area|land,OK,,,N/A,several closely located new residential have appeared in the bottom left to bottom center in the parking area and a residential has disappeared in the top right on bare land .,a new building has appeared in the center in the parking area and a building has disappeared in the top right on bare land
77_01_05_cap,0,0,0,disappear,appear,WRONG,one,-,WRONG,center|left,bottom-left,WRONG,among,area,WRONG,,,N/A,no building has appeared in the area and a building has disappeared in the left center among the trees .,a new residential has appeared in the bottom left in the parking area and no building has disappeared in the area
77_01_06_cap,1,1,1,none,none,OK,,,N/A,,,N/A,,,N/A,,,N/A,no building has appeared in the area and no building has disappeared in the area .,no building has appeared in the area and no building has disappeared in the area
77_01_07_cap,1,1,1,none,none,OK,,,N/A,,,N/A,,,N/A,,,N/A,no building has appeared in the area and no building has disappeared in the area .,no building has appeared in the area and no building has disappeared in the area
77_02_00_cap,1,1,1,none,none,OK,,,N/A,,,N/A,,,N/A,,,N/A,no building has appeared in the area and no building has disappeared in the area .,no building has appeared in the area and no building has disappeared in the area
77_02_01_cap,1,1,1,none,none,OK,,,N/A,,,N/A,,,N/A,,,N/A,no building has appeared in the area and no building has disappeared in the area .,no building has appeared in the area and no building has disappeared in the area
77_02_02_cap,0,0,1,disappear,none,WRONG,,,N/A,bottom-right,-,WRONG,among,-,WRONG,,,N/A,no building has appeared in the area and several closely located residential have disappeared in the bottom right among the trees .,no building has appeared in the area and no building has disappeared in the area
77_02_03_cap,0,0,0,disappear,disappear,OK,,,N/A,bottom-left,center|right,WRONG,among,land,WRONG,sparse,sparse,OK,no building has appeared in the area and several sparse residential have disappeared in the bottom left among the trees .,no building has appeared in the area and several sparse residential have disappeared in the right center to right center on bare land
77_02_04_cap,0,0,0,appear,appear,OK,,,N/A,center|top-right,top-right,WRONG,area|tree,among,WRONG,,,N/A,several closely located new residential have appeared in the top center to top right among the trees and no building has disappeared in the area .,several closely located new residential have appeared in the top right among the trees and a residential has disappeared in the top right among the trees
77_02_05_cap,0,0,0,appear,appear,OK,,,N/A,bottom-left|center,center|left,WRONG,among|road,land,WRONG,,,N/A,several closely located new residential have appeared in the left center among the trees and several closely located residential have disappeared in the center to bottom left along the roads .,a new residential has appeared in the left center on bare land and no building has disappeared in the area
77_02_06_cap,1,1,1,none,none,OK,,,N/A,,,N/A,,,N/A,,,N/A,no building has appeared in the area and no building has disappeared in the area .,no building has appeared in the area and no building has disappeared in the area
77_02_07_cap,1,1,1,none,none,OK,,,N/A,,,N/A,,,N/A,,,N/A,no building has appeared in the area and no building has disappeared in the area .,no building has appeared in the area and no building has disappeared in the area
77_03_00_cap,1,1,1,none,none,OK,,,N/A,,,N/A,,,N/A,,,N/A,no building has appeared in the area and no building has disappeared in the area .,no building has appeared in the area and no building has disappeared in the area
77_03_01_cap,1,1,1,none,none,OK,,,N/A,,,N/A,,,N/A,,,N/A,no building has appeared in the area and no building has disappeared in the area .,no building has appeared in the area and no building has disappeared in the area
77_03_02_cap,0,0,1,disappear,none,WRONG,,,N/A,top-right,-,WRONG,land,-,WRONG,dense,-,WRONG,no building has appeared in the area and several dense residential have disappeared in the top right on bare land .,no building has appeared in the area and no building has disappeared in the area
77_03_03_cap,0,0,1,disappear,none,WRONG,,,N/A,,,N/A,among,-,WRONG,sparse,-,WRONG,no building has appeared in the area and several sparse residential have disappeared in different areas among the trees .,no building has appeared in the area and no building has disappeared in the area
77_03_04_cap,1,1,1,none,none,OK,,,N/A,,,N/A,,,N/A,,,N/A,no building has appeared in the area and no building has disappeared in the area .,no building has appeared in the area and no building has disappeared in the area
77_03_05_cap,1,1,1,none,none,OK,,,N/A,,,N/A,,,N/A,,,N/A,no building has appeared in the area and no building has disappeared in the area .,no building has appeared in the area and no building has disappeared in the area
77_03_06_cap,1,1,1,none,none,OK,,,N/A,,,N/A,,,N/A,,,N/A,no building has appeared in the area and no building has disappeared in the area .,no building has appeared in the area and no building has disappeared in the area
77_03_07_cap,1,1,1,none,none,OK,,,N/A,,,N/A,,,N/A,,,N/A,no building has appeared in the area and no building has disappeared in the area .,no building has appeared in the area and no building has disappeared in the area
77_04_00_cap,1,1,1,none,none,OK,,,N/A,,,N/A,,,N/A,,,N/A,no building has appeared in the area and no building has disappeared in the area .,no building has appeared in the area and no building has disappeared in the area
77_04_01_cap,1,1,1,none,none,OK,,,N/A,,,N/A,,,N/A,,,N/A,no building has appeared in the area and no building has disappeared in the area .,no building has appeared in the area and no building has disappeared in the area
77_04_02_cap,1,1,1,none,none,OK,,,N/A,,,N/A,,,N/A,,,N/A,no building has appeared in the area and no building has disappeared in the area .,no building has appeared in the area and no building has disappeared in the area
77_04_03_cap,0,0,1,disappear,none,WRONG,,,N/A,bottom-left,-,WRONG,land,-,WRONG,,,N/A,no building has appeared in the area and a residential has disappeared in the bottom left on bare land .,no building has appeared in the area and no building has disappeared in the area
77_04_04_cap,1,1,1,none,none,OK,,,N/A,,,N/A,,,N/A,,,N/A,no building has appeared in the area and no building has disappeared in the area .,no building has appeared in the area and no building has disappeared in the area
77_04_05_cap,1,1,1,none,none,OK,,,N/A,,,N/A,,,N/A,,,N/A,no building has appeared in the area and no building has disappeared in the area .,no building has appeared in the area and no building has disappeared in the area
77_04_06_cap,1,1,1,none,none,OK,,,N/A,,,N/A,,,N/A,,,N/A,no building has appeared in the area and no building has disappeared in the area .,no building has appeared in the area and no building has disappeared in the area
77_04_07_cap,1,1,1,none,none,OK,,,N/A,,,N/A,,,N/A,,,N/A,no building has appeared in the area and no building has disappeared in the area .,no building has appeared in the area and no building has disappeared in the area
77_05_00_cap,1,1,1,none,none,OK,,,N/A,,,N/A,,,N/A,,,N/A,no building has appeared in the area and no building has disappeared in the area .,no building has appeared in the area and no building has disappeared in the area
77_05_01_cap,1,1,1,none,none,OK,,,N/A,,,N/A,,,N/A,,,N/A,no building has appeared in the area and no building has disappeared in the area .,no building has appeared in the area and no building has disappeared in the area
77_05_02_cap,1,1,1,none,none,OK,,,N/A,,,N/A,,,N/A,,,N/A,no building has appeared in the area and no building has disappeared in the area .,no building has appeared in the area and no building has disappeared in the area
77_05_03_cap,0,0,1,disappear,none,WRONG,,,N/A,center|top-left,-,WRONG,area,-,WRONG,,,N/A,no building has appeared in the area and several closely located residential have disappeared in the top left to top center in the parking area .,no building has appeared in the area and no building has disappeared in the area
77_05_04_cap,1,1,1,none,none,OK,,,N/A,,,N/A,,,N/A,,,N/A,no building has appeared in the area and no building has disappeared in the area .,no building has appeared in the area and no building has disappeared in the area
77_05_05_cap,1,1,1,none,none,OK,,,N/A,,,N/A,,,N/A,,,N/A,no building has appeared in the area and no building has disappeared in the area .,no building has appeared in the area and no building has disappeared in the area
77_05_06_cap,1,1,1,none,none,OK,,,N/A,,,N/A,,,N/A,,,N/A,no building has appeared in the area and no building has disappeared in the area .,no building has appeared in the area and no building has disappeared in the area
77_05_07_cap,1,1,1,none,none,OK,,,N/A,,,N/A,,,N/A,,,N/A,no building has appeared in the area and no building has disappeared in the area .,no building has appeared in the area and no building has disappeared in the area
77_06_00_cap,1,1,1,none,none,OK,,,N/A,,,N/A,,,N/A,,,N/A,no building has appeared in the area and no building has disappeared in the area .,no building has appeared in the area and no building has disappeared in the area
77_06_01_cap,1,1,1,none,none,OK,,,N/A,,,N/A,,,N/A,,,N/A,no building has appeared in the area and no building has disappeared in the area .,no building has appeared in the area and no building has disappeared in the area
77_06_02_cap,1,1,1,none,none,OK,,,N/A,,,N/A,,,N/A,,,N/A,no building has appeared in the area and no building has disappeared in the area .,no building has appeared in the area and no building has disappeared in the area
77_06_03_cap,0,0,1,disappear,none,WRONG,,,N/A,bottom-left,-,WRONG,land,-,WRONG,,,N/A,no building has appeared in the area and a residential has disappeared in the bottom left on bare land .,no building has appeared in the area and no building has disappeared in the area
77_06_04_cap,1,1,1,none,none,OK,,,N/A,,,N/A,,,N/A,,,N/A,no building has appeared in the area and no building has disappeared in the area .,no building has appeared in the area and no building has disappeared in the area
77_06_05_cap,1,1,1,none,none,OK,,,N/A,,,N/A,,,N/A,,,N/A,no building has appeared in the area and no building has disappeared in the area .,no building has appeared in the area and no building has disappeared in the area
77_06_06_cap,1,0,0,disappear,disappear,OK,,,N/A,bottom-right,bottom-right,OK,along,along,OK,,,N/A,no building has appeared in the area and several <UNK> buildings have disappeared in the bottom right along the roads .,no building has appeared in the area and a residential has disappeared in the bottom right along the roads
77_06_07_cap,0,0,0,disappear,disappear,OK,several,-,WRONG,bottom-left,bottom-left,OK,area,road,WRONG,sparse,-,WRONG,no building has appeared in the area and several sparse buildings have disappeared in the bottom left in the parking area .,no building has appeared in the area and several closely located residential have disappeared in the bottom left to bottom left along the roads
77_07_00_cap,1,1,1,none,none,OK,,,N/A,,,N/A,,,N/A,,,N/A,no building has appeared in the area and no building has disappeared in the area .,no building has appeared in the area and no building has disappeared in the area
77_07_01_cap,1,1,1,none,none,OK,,,N/A,,,N/A,,,N/A,,,N/A,no building has appeared in the area and no building has disappeared in the area .,no building has appeared in the area and no building has disappeared in the area
77_07_02_cap,1,1,1,none,none,OK,,,N/A,,,N/A,,,N/A,,,N/A,no building has appeared in the area and no building has disappeared in the area .,no building has appeared in the area and no building has disappeared in the area
77_07_03_cap,0,0,1,disappear,none,WRONG,,,N/A,top-left,-,WRONG,land,-,WRONG,,,N/A,no building has appeared in the area and a residential has disappeared in the top left on bare land .,no building has appeared in the area and no building has disappeared in the area
77_07_04_cap,1,1,1,none,none,OK,,,N/A,,,N/A,,,N/A,,,N/A,no building has appeared in the area and no building has disappeared in the area .,no building has appeared in the area and no building has disappeared in the area
77_07_05_cap,1,1,1,none,none,OK,,,N/A,,,N/A,,,N/A,,,N/A,no building has appeared in the area and no building has disappeared in the area .,no building has appeared in the area and no building has disappeared in the area
77_07_06_cap,0,0,0,disappear,disappear,OK,,,N/A,top-right,top-right,OK,along,among,WRONG,,,N/A,no building has appeared in the area and a residential has disappeared in the top right along the roads .,no building has appeared in the area and a residential has disappeared in the top right among the trees
77_07_07_cap,0,0,0,disappear,disappear,OK,,,N/A,top-left,top-left|top-right,WRONG,land,tree,WRONG,,,N/A,no building has appeared in the area and a residential has disappeared in the top left on bare land .,no building has appeared in the area and several closely located residential have disappeared in the top left to top right among the trees
80_00_00_cap,1,1,1,none,none,OK,,,N/A,,,N/A,,,N/A,,,N/A,no building has appeared in the area and no building has disappeared in the area .,no building has appeared in the area and no building has disappeared in the area
80_00_01_cap,1,1,1,none,none,OK,,,N/A,,,N/A,,,N/A,,,N/A,no building has appeared in the area and no building has disappeared in the area .,no building has appeared in the area and no building has disappeared in the area
80_00_02_cap,1,1,1,none,none,OK,,,N/A,,,N/A,,,N/A,,,N/A,no building has appeared in the area and no building has disappeared in the area .,no building has appeared in the area and no building has disappeared in the area
80_00_03_cap,0,0,0,appear,appear,OK,,,N/A,bottom-left|bottom-right,bottom-right,WRONG,area,area,OK,sparse,-,WRONG,several closely located new buildings have appeared in the bottom right in the parking area and several sparse residential have disappeared in the bottom left in the parking area .,a new residential has appeared in the bottom right in the parking area and no building has disappeared in the area
80_00_04_cap,0,0,1,appear,none,WRONG,,,N/A,center|left,-,WRONG,area,-,WRONG,dense,-,WRONG,several dense new residential have appeared in the left center in the parking area and no building has disappeared in the area .,no building has appeared in the area and no building has disappeared in the area
80_00_05_cap,1,1,1,none,none,OK,,,N/A,,,N/A,,,N/A,,,N/A,no building has appeared in the area and no building has disappeared in the area .,no building has appeared in the area and no building has disappeared in the area
80_00_06_cap,0,0,1,disappear,none,WRONG,one,-,WRONG,center,-,WRONG,area,-,WRONG,,,N/A,no building has appeared in the area and a building has disappeared in the center in the parking area .,no building has appeared in the area and no building has disappeared in the area
80_00_07_cap,1,1,1,none,none,OK,,,N/A,,,N/A,,,N/A,,,N/A,no building has appeared in the area and no building has disappeared in the area .,no building has appeared in the area and no building has disappeared in the area
80_01_00_cap,1,1,1,none,none,OK,,,N/A,,,N/A,,,N/A,,,N/A,no building has appeared in the area and no building has disappeared in the area .,no building has appeared in the area and no building has disappeared in the area
80_01_01_cap,1,1,1,none,none,OK,,,N/A,,,N/A,,,N/A,,,N/A,no building has appeared in the area and no building has disappeared in the area .,no building has appeared in the area and no building has disappeared in the area
80_01_02_cap,1,1,1,none,none,OK,,,N/A,,,N/A,,,N/A,,,N/A,no building has appeared in the area and no building has disappeared in the area .,no building has appeared in the area and no building has disappeared in the area
80_01_03_cap,0,0,1,appear,none,WRONG,one,-,WRONG,top-right,-,WRONG,area,-,WRONG,,,N/A,a new building has appeared in the top right in the parking area and no building has disappeared in the area .,no building has appeared in the area and no building has disappeared in the area
80_01_04_cap,0,0,1,appear,none,WRONG,several,-,WRONG,center|right,-,WRONG,area,-,WRONG,sparse,-,WRONG,several sparse new buildings have appeared in different areas in the parking area and several sparse residential have disappeared in the right center in the parking area .,no building has appeared in the area and no building has disappeared in the area
80_01_05_cap,0,0,1,disappear,none,WRONG,one,-,WRONG,center|left,-,WRONG,area,-,WRONG,,,N/A,no building has appeared in the area and a building has disappeared in the left center in the parking area .,no building has appeared in the area and no building has disappeared in the area
80_01_06_cap,1,1,1,none,none,OK,,,N/A,,,N/A,,,N/A,,,N/A,no building has appeared in the area and no building has disappeared in the area .,no building has appeared in the area and no building has disappeared in the area
80_01_07_cap,1,1,1,none,none,OK,,,N/A,,,N/A,,,N/A,,,N/A,no building has appeared in the area and no building has disappeared in the area .,no building has appeared in the area and no building has disappeared in the area
80_02_00_cap,1,1,1,none,none,OK,,,N/A,,,N/A,,,N/A,,,N/A,no building has appeared in the area and no building has disappeared in the area .,no building has appeared in the area and no building has disappeared in the area
80_02_01_cap,1,1,1,none,none,OK,,,N/A,,,N/A,,,N/A,,,N/A,no building has appeared in the area and no building has disappeared in the area .,no building has appeared in the area and no building has disappeared in the area
80_02_02_cap,1,1,1,none,none,OK,,,N/A,,,N/A,,,N/A,,,N/A,no building has appeared in the area and no building has disappeared in the area .,no building has appeared in the area and no building has disappeared in the area
80_02_03_cap,0,0,0,appear,disappear,WRONG,,,N/A,center|right,center|right,OK,area,area,OK,,,N/A,a new residential has appeared in the right center in the parking area and several <UNK> buildings have disappeared in the right center in the parking area .,no building has appeared in the area and a building has disappeared in the right center in the parking area
80_02_04_cap,0,0,1,disappear,none,WRONG,,,N/A,center|top-left,-,WRONG,area,-,WRONG,,,N/A,no building has appeared in the area and several closely located residential have disappeared in the top left to left center in the parking area .,no building has appeared in the area and no building has disappeared in the area
80_02_05_cap,1,1,1,none,none,OK,,,N/A,,,N/A,,,N/A,,,N/A,no building has appeared in the area and no building has disappeared in the area .,no building has appeared in the area and no building has disappeared in the area
80_02_06_cap,1,1,1,none,none,OK,,,N/A,,,N/A,,,N/A,,,N/A,no building has appeared in the area and no building has disappeared in the area .,no building has appeared in the area and no building has disappeared in the area
80_02_07_cap,1,1,1,none,none,OK,,,N/A,,,N/A,,,N/A,,,N/A,no building has appeared in the area and no building has disappeared in the area .,no building has appeared in the area and no building has disappeared in the area
80_03_00_cap,1,1,1,none,none,OK,,,N/A,,,N/A,,,N/A,,,N/A,no building has appeared in the area and no building has disappeared in the area .,no building has appeared in the area and no building has disappeared in the area
80_03_01_cap,1,1,1,none,none,OK,,,N/A,,,N/A,,,N/A,,,N/A,no building has appeared in the area and no building has disappeared in the area .,no building has appeared in the area and no building has disappeared in the area
80_03_02_cap,1,1,1,none,none,OK,,,N/A,,,N/A,,,N/A,,,N/A,no building has appeared in the area and no building has disappeared in the area .,no building has appeared in the area and no building has disappeared in the area
80_03_03_cap,1,1,1,none,none,OK,,,N/A,,,N/A,,,N/A,,,N/A,no building has appeared in the area and no building has disappeared in the area .,no building has appeared in the area and no building has disappeared in the area
80_03_04_cap,1,1,1,none,none,OK,,,N/A,,,N/A,,,N/A,,,N/A,no building has appeared in the area and no building has disappeared in the area .,no building has appeared in the area and no building has disappeared in the area
80_03_05_cap,1,1,1,none,none,OK,,,N/A,,,N/A,,,N/A,,,N/A,no building has appeared in the area and no building has disappeared in the area .,no building has appeared in the area and no building has disappeared in the area
80_03_06_cap,1,1,1,none,none,OK,,,N/A,,,N/A,,,N/A,,,N/A,no building has appeared in the area and no building has disappeared in the area .,no building has appeared in the area and no building has disappeared in the area
80_03_07_cap,1,1,1,none,none,OK,,,N/A,,,N/A,,,N/A,,,N/A,no building has appeared in the area and no building has disappeared in the area .,no building has appeared in the area and no building has disappeared in the area
80_04_00_cap,0,0,1,appear,none,WRONG,one,-,WRONG,bottom|center,-,WRONG,area,-,WRONG,,,N/A,a new building has appeared in the bottom center in the parking area and no building has disappeared in the area .,no building has appeared in the area and no building has disappeared in the area
80_04_01_cap,1,1,1,none,none,OK,,,N/A,,,N/A,,,N/A,,,N/A,no building has appeared in the area and no building has disappeared in the area .,no building has appeared in the area and no building has disappeared in the area
80_04_02_cap,1,1,1,none,none,OK,,,N/A,,,N/A,,,N/A,,,N/A,no building has appeared in the area and no building has disappeared in the area .,no building has appeared in the area and no building has disappeared in the area
80_04_03_cap,1,1,1,none,none,OK,,,N/A,,,N/A,,,N/A,,,N/A,no building has appeared in the area and no building has disappeared in the area .,no building has appeared in the area and no building has disappeared in the area
80_04_04_cap,1,1,1,none,none,OK,,,N/A,,,N/A,,,N/A,,,N/A,no building has appeared in the area and no building has disappeared in the area .,no building has appeared in the area and no building has disappeared in the area
80_04_05_cap,0,0,1,appear,none,WRONG,one,-,WRONG,bottom|center,-,WRONG,area,-,WRONG,,,N/A,a new building has appeared in the bottom center in the parking area and no building has disappeared in the area .,no building has appeared in the area and no building has disappeared in the area
80_04_06_cap,1,1,1,none,none,OK,,,N/A,,,N/A,,,N/A,,,N/A,no building has appeared in the area and no building has disappeared in the area .,no building has appeared in the area and no building has disappeared in the area
80_04_07_cap,0,0,0,appear,appear,OK,one,-,WRONG,center,center|top-right,WRONG,area,area,OK,,,N/A,a new building has appeared in the center in the parking area and no building has disappeared in the area .,several closely located new buildings have appeared in the center to right center in the parking area and a building has disappeared in the top right in the parking area
80_05_00_cap,0,0,0,appear,appear,OK,one,one,OK,center|top,top-left,WRONG,area,area,OK,,,N/A,a new building has appeared in the top center in the parking area and no building has disappeared in the area .,a new building has appeared in the top left in the parking area and no building has disappeared in the area
80_05_01_cap,1,1,1,none,none,OK,,,N/A,,,N/A,,,N/A,,,N/A,no building has appeared in the area and no building has disappeared in the area .,no building has appeared in the area and no building has disappeared in the area
80_05_02_cap,1,1,1,none,none,OK,,,N/A,,,N/A,,,N/A,,,N/A,no building has appeared in the area and no building has disappeared in the area .,no building has appeared in the area and no building has disappeared in the area
80_05_03_cap,1,1,1,none,none,OK,,,N/A,,,N/A,,,N/A,,,N/A,no building has appeared in the area and no building has disappeared in the area .,no building has appeared in the area and no building has disappeared in the area
80_05_04_cap,1,1,1,none,none,OK,,,N/A,,,N/A,,,N/A,,,N/A,no building has appeared in the area and no building has disappeared in the area .,no building has appeared in the area and no building has disappeared in the area
80_05_05_cap,0,0,0,appear,appear,OK,one,-,WRONG,top-left,top-left,OK,area,area,OK,,,N/A,a new building has appeared in the top left in the parking area and no building has disappeared in the area .,a new residential has appeared in the top left in the parking area and no building has disappeared in the area
80_05_06_cap,1,1,1,none,none,OK,,,N/A,,,N/A,,,N/A,,,N/A,no building has appeared in the area and no building has disappeared in the area .,no building has appeared in the area and no building has disappeared in the area
80_05_07_cap,1,1,1,none,none,OK,,,N/A,,,N/A,,,N/A,,,N/A,no building has appeared in the area and no building has disappeared in the area .,no building has appeared in the area and no building has disappeared in the area
80_06_00_cap,1,1,1,none,none,OK,,,N/A,,,N/A,,,N/A,,,N/A,no building has appeared in the area and no building has disappeared in the area .,no building has appeared in the area and no building has disappeared in the area
80_06_01_cap,1,1,1,none,none,OK,,,N/A,,,N/A,,,N/A,,,N/A,no building has appeared in the area and no building has disappeared in the area .,no building has appeared in the area and no building has disappeared in the area
80_06_02_cap,1,1,1,none,none,OK,,,N/A,,,N/A,,,N/A,,,N/A,no building has appeared in the area and no building has disappeared in the area .,no building has appeared in the area and no building has disappeared in the area
80_06_03_cap,1,1,1,none,none,OK,,,N/A,,,N/A,,,N/A,,,N/A,no building has appeared in the area and no building has disappeared in the area .,no building has appeared in the area and no building has disappeared in the area
80_06_04_cap,1,1,1,none,none,OK,,,N/A,,,N/A,,,N/A,,,N/A,no building has appeared in the area and no building has disappeared in the area .,no building has appeared in the area and no building has disappeared in the area
80_06_05_cap,1,1,1,none,none,OK,,,N/A,,,N/A,,,N/A,,,N/A,no building has appeared in the area and no building has disappeared in the area .,no building has appeared in the area and no building has disappeared in the area
80_06_06_cap,1,1,1,none,none,OK,,,N/A,,,N/A,,,N/A,,,N/A,no building has appeared in the area and no building has disappeared in the area .,no building has appeared in the area and no building has disappeared in the area
80_06_07_cap,1,1,1,none,none,OK,,,N/A,,,N/A,,,N/A,,,N/A,no building has appeared in the area and no building has disappeared in the area .,no building has appeared in the area and no building has disappeared in the area
80_07_00_cap,1,1,1,none,none,OK,,,N/A,,,N/A,,,N/A,,,N/A,no building has appeared in the area and no building has disappeared in the area .,no building has appeared in the area and no building has disappeared in the area
80_07_01_cap,0,0,0,appear,appear,OK,,,N/A,bottom-right,bottom-right,OK,area,land,WRONG,,,N/A,a new residential has appeared in the bottom right in the parking area and no building has disappeared in the area .,several sparse new residential have appeared in the bottom right to bottom right on bare land and no building has disappeared in the area
80_07_02_cap,0,0,1,appear,none,WRONG,one,-,WRONG,bottom-left,-,WRONG,area,-,WRONG,,,N/A,a new building has appeared in the bottom left in the parking area and no building has disappeared in the area .,no building has appeared in the area and no building has disappeared in the area
80_07_03_cap,1,1,1,none,none,OK,,,N/A,,,N/A,,,N/A,,,N/A,no building has appeared in the area and no building has disappeared in the area .,no building has appeared in the area and no building has disappeared in the area
80_07_04_cap,1,1,1,none,none,OK,,,N/A,,,N/A,,,N/A,,,N/A,no building has appeared in the area and no building has disappeared in the area .,no building has appeared in the area and no building has disappeared in the area
80_07_05_cap,1,1,1,none,none,OK,,,N/A,,,N/A,,,N/A,,,N/A,no building has appeared in the area and no building has disappeared in the area .,no building has appeared in the area and no building has disappeared in the area
80_07_06_cap,1,1,1,none,none,OK,,,N/A,,,N/A,,,N/A,,,N/A,no building has appeared in the area and no building has disappeared in the area .,no building has appeared in the area and no building has disappeared in the area
80_07_07_cap,1,1,1,none,none,OK,,,N/A,,,N/A,,,N/A,,,N/A,no building has appeared in the area and no building has disappeared in the area .,no building has appeared in the area and no building has disappeared in the area
85_00_00_cap,1,1,1,none,none,OK,,,N/A,,,N/A,,,N/A,,,N/A,no building has appeared in the area and no building has disappeared in the area .,no building has appeared in the area and no building has disappeared in the area
85_00_01_cap,1,1,1,none,none,OK,,,N/A,,,N/A,,,N/A,,,N/A,no building has appeared in the area and no building has disappeared in the area .,no building has appeared in the area and no building has disappeared in the area
85_00_02_cap,1,1,1,none,none,OK,,,N/A,,,N/A,,,N/A,,,N/A,no building has appeared in the area and no building has disappeared in the area .,no building has appeared in the area and no building has disappeared in the area
85_00_03_cap,1,1,1,none,none,OK,,,N/A,,,N/A,,,N/A,,,N/A,no building has appeared in the area and no building has disappeared in the area .,no building has appeared in the area and no building has disappeared in the area
85_00_04_cap,1,1,1,none,none,OK,,,N/A,,,N/A,,,N/A,,,N/A,no building has appeared in the area and no building has disappeared in the area .,no building has appeared in the area and no building has disappeared in the area
85_00_05_cap,1,1,1,none,none,OK,,,N/A,,,N/A,,,N/A,,,N/A,no building has appeared in the area and no building has disappeared in the area .,no building has appeared in the area and no building has disappeared in the area
85_00_06_cap,1,1,1,none,none,OK,,,N/A,,,N/A,,,N/A,,,N/A,no building has appeared in the area and no building has disappeared in the area .,no building has appeared in the area and no building has disappeared in the area
85_00_07_cap,1,1,1,none,none,OK,,,N/A,,,N/A,,,N/A,,,N/A,no building has appeared in the area and no building has disappeared in the area .,no building has appeared in the area and no building has disappeared in the area
85_01_00_cap,1,1,1,none,none,OK,,,N/A,,,N/A,,,N/A,,,N/A,no building has appeared in the area and no building has disappeared in the area .,no building has appeared in the area and no building has disappeared in the area
85_01_01_cap,1,1,1,none,none,OK,,,N/A,,,N/A,,,N/A,,,N/A,no building has appeared in the area and no building has disappeared in the area .,no building has appeared in the area and no building has disappeared in the area
85_01_02_cap,1,1,1,none,none,OK,,,N/A,,,N/A,,,N/A,,,N/A,no building has appeared in the area and no building has disappeared in the area .,no building has appeared in the area and no building has disappeared in the area
85_01_03_cap,1,1,1,none,none,OK,,,N/A,,,N/A,,,N/A,,,N/A,no building has appeared in the area and no building has disappeared in the area .,no building has appeared in the area and no building has disappeared in the area
85_01_04_cap,1,1,1,none,none,OK,,,N/A,,,N/A,,,N/A,,,N/A,no building has appeared in the area and no building has disappeared in the area .,no building has appeared in the area and no building has disappeared in the area
85_01_05_cap,1,1,1,none,none,OK,,,N/A,,,N/A,,,N/A,,,N/A,no building has appeared in the area and no building has disappeared in the area .,no building has appeared in the area and no building has disappeared in the area
85_01_06_cap,1,1,1,none,none,OK,,,N/A,,,N/A,,,N/A,,,N/A,no building has appeared in the area and no building has disappeared in the area .,no building has appeared in the area and no building has disappeared in the area
85_01_07_cap,1,1,1,none,none,OK,,,N/A,,,N/A,,,N/A,,,N/A,no building has appeared in the area and no building has disappeared in the area .,no building has appeared in the area and no building has disappeared in the area
85_02_00_cap,0,0,0,appear,appear,OK,,,N/A,,,N/A,area,area,OK,dense,sparse,WRONG,several dense new residential have appeared in different areas in the parking area and no building has disappeared in the area .,several sparse new residential have appeared in the bottom right to bottom right in the parking area and no building has disappeared in the area
85_02_01_cap,0,0,0,appear,appear,OK,several,-,WRONG,bottom|center,center,WRONG,area,area,OK,dense,sparse,WRONG,several dense new buildings have appeared in the bottom center in the parking area and no building has disappeared in the area .,several sparse new residential have appeared in the center in the parking area and no building has disappeared in the area
85_02_02_cap,1,1,1,none,none,OK,,,N/A,,,N/A,,,N/A,,,N/A,no building has appeared in the area and no building has disappeared in the area .,no building has appeared in the area and no building has disappeared in the area
85_02_03_cap,1,0,0,appear,appear,OK,,,N/A,bottom|center,bottom|center,OK,area,area,OK,,,N/A,a new residential has appeared in the bottom center in the parking area and no building has disappeared in the area .,a new residential has appeared in the bottom center in the parking area and no building has disappeared in the area
85_02_04_cap,1,1,1,none,none,OK,,,N/A,,,N/A,,,N/A,,,N/A,no building has appeared in the area and no building has disappeared in the area .,no building has appeared in the area and no building has disappeared in the area
85_02_05_cap,1,1,1,none,none,OK,,,N/A,,,N/A,,,N/A,,,N/A,no building has appeared in the area and no building has disappeared in the area .,no building has appeared in the area and no building has disappeared in the area
85_02_06_cap,1,1,1,none,none,OK,,,N/A,,,N/A,,,N/A,,,N/A,no building has appeared in the area and no building has disappeared in the area .,no building has appeared in the area and no building has disappeared in the area
85_02_07_cap,1,1,1,none,none,OK,,,N/A,,,N/A,,,N/A,,,N/A,no building has appeared in the area and no building has disappeared in the area .,no building has appeared in the area and no building has disappeared in the area
85_03_00_cap,0,0,0,appear,appear,OK,one,-,WRONG,center|top,center,WRONG,area,area,OK,,,N/A,a new building has appeared in the top center in the parking area and no building has disappeared in the area .,several dense new residential have appeared in the center in the parking area and no building has disappeared in the area
85_03_01_cap,0,0,0,appear,appear,OK,,,N/A,center|right,bottom-right,WRONG,area,area,OK,dense,dense,OK,several dense new residential have appeared in the right center in the parking area and no building has disappeared in the area .,several dense new residential have appeared in the bottom right in the parking area and no building has disappeared in the area
85_03_02_cap,1,0,0,appear,appear,OK,,,N/A,center|left,center|left,OK,area,area,OK,,,N/A,several <UNK> new buildings have appeared in the left center in the parking area and no building has disappeared in the area .,several closely located new residential have appeared in the left center in the parking area and no building has disappeared in the area
85_03_03_cap,0,0,0,appear,appear,OK,several,-,WRONG,bottom-right|center|top-right,bottom-right|top-right,WRONG,area|tree,land,WRONG,dense,sparse,WRONG,several dense new residential have appeared in the top right in the parking area and several sparse buildings have disappeared in the bottom right to right center among the trees .,several sparse new residential have appeared in the top right to bottom right on bare land and no building has disappeared in the area
85_03_04_cap,0,0,1,appear,none,WRONG,one,-,WRONG,bottom-left|center,-,WRONG,area,-,WRONG,,,N/A,a new building has appeared in the left center in the parking area and a building has disappeared in the bottom left in the parking area .,no building has appeared in the area and no building has disappeared in the area
85_03_05_cap,1,1,1,none,none,OK,,,N/A,,,N/A,,,N/A,,,N/A,no building has appeared in the area and no building has disappeared in the area .,no building has appeared in the area and no building has disappeared in the area
85_03_06_cap,0,0,1,appear,none,WRONG,,,N/A,bottom-right,-,WRONG,among|area,-,WRONG,,,N/A,a new residential has appeared in the bottom right among the trees and no building has disappeared in the area .,no building has appeared in the area and no building has disappeared in the area
85_03_07_cap,0,0,1,appear,none,WRONG,,,N/A,bottom-left,-,WRONG,land,-,WRONG,,,N/A,a new residential has appeared in the bottom left on bare land and no building has disappeared in the area .,no building has appeared in the area and no building has disappeared in the area
85_04_00_cap,1,1,1,none,none,OK,,,N/A,,,N/A,,,N/A,,,N/A,no building has appeared in the area and no building has disappeared in the area .,no building has appeared in the area and no building has disappeared in the area
85_04_01_cap,1,0,0,appear,appear,OK,,,N/A,top-right,top-right,OK,area,area,OK,,,N/A,a new residential has appeared in the top right in the parking area and no building has disappeared in the area .,a new residential has appeared in the top right in the parking area and no building has disappeared in the area
85_04_02_cap,0,0,0,appear,appear,OK,,,N/A,center|top-left,center|left,WRONG,area,area,OK,,,N/A,a new residential has appeared in the top left in the parking area and a residential has disappeared in the center in the parking area .,a new residential has appeared in the left center in the parking area and no building has disappeared in the area
85_04_03_cap,0,0,1,appear,none,WRONG,,,N/A,bottom-right|center,-,WRONG,land,-,WRONG,,,N/A,several closely located new residential have appeared in the bottom right to right center on bare land and no building has disappeared in the area .,no building has appeared in the area and no building has disappeared in the area
85_04_04_cap,0,0,0,appear,appear,OK,,,N/A,bottom-left|center|top,bottom|center|top-left,WRONG,among|area,area|land,PART,,,N/A,a new residential has appeared in the bottom left in the parking area and a residential has disappeared in the top center among the trees .,several sparse new residential have appeared in the bottom center to left center in the parking area and several sparse residential have disappeared in the top left on bare land
85_04_05_cap,0,1,0,none,appear,WRONG,,,N/A,,,N/A,,,N/A,,,N/A,no building has appeared in the area and no building has disappeared in the area .,a new residential has appeared in the top left on bare land and no building has disappeared in the area
85_04_06_cap,1,1,1,none,none,OK,,,N/A,,,N/A,,,N/A,,,N/A,no building has appeared in the area and no building has disappeared in the area .,no building has appeared in the area and no building has disappeared in the area
85_04_07_cap,1,1,1,none,none,OK,,,N/A,,,N/A,,,N/A,,,N/A,no building has appeared in the area and no building has disappeared in the area .,no building has appeared in the area and no building has disappeared in the area
85_05_00_cap,1,1,1,none,none,OK,,,N/A,,,N/A,,,N/A,,,N/A,no building has appeared in the area and no building has disappeared in the area .,no building has appeared in the area and no building has disappeared in the area
85_05_01_cap,1,1,1,none,none,OK,,,N/A,,,N/A,,,N/A,,,N/A,no building has appeared in the area and no building has disappeared in the area .,no building has appeared in the area and no building has disappeared in the area
85_05_02_cap,1,1,1,none,none,OK,,,N/A,,,N/A,,,N/A,,,N/A,no building has appeared in the area and no building has disappeared in the area .,no building has appeared in the area and no building has disappeared in the area
85_05_03_cap,1,1,1,none,none,OK,,,N/A,,,N/A,,,N/A,,,N/A,no building has appeared in the area and no building has disappeared in the area .,no building has appeared in the area and no building has disappeared in the area
85_05_04_cap,1,1,1,none,none,OK,,,N/A,,,N/A,,,N/A,,,N/A,no building has appeared in the area and no building has disappeared in the area .,no building has appeared in the area and no building has disappeared in the area
85_05_05_cap,1,1,1,none,none,OK,,,N/A,,,N/A,,,N/A,,,N/A,no building has appeared in the area and no building has disappeared in the area .,no building has appeared in the area and no building has disappeared in the area
85_05_06_cap,1,1,1,none,none,OK,,,N/A,,,N/A,,,N/A,,,N/A,no building has appeared in the area and no building has disappeared in the area .,no building has appeared in the area and no building has disappeared in the area
85_05_07_cap,1,1,1,none,none,OK,,,N/A,,,N/A,,,N/A,,,N/A,no building has appeared in the area and no building has disappeared in the area .,no building has appeared in the area and no building has disappeared in the area
85_06_00_cap,1,1,1,none,none,OK,,,N/A,,,N/A,,,N/A,,,N/A,no building has appeared in the area and no building has disappeared in the area .,no building has appeared in the area and no building has disappeared in the area
85_06_01_cap,1,1,1,none,none,OK,,,N/A,,,N/A,,,N/A,,,N/A,no building has appeared in the area and no building has disappeared in the area .,no building has appeared in the area and no building has disappeared in the area
85_06_02_cap,1,1,1,none,none,OK,,,N/A,,,N/A,,,N/A,,,N/A,no building has appeared in the area and no building has disappeared in the area .,no building has appeared in the area and no building has disappeared in the area
85_06_03_cap,1,1,1,none,none,OK,,,N/A,,,N/A,,,N/A,,,N/A,no building has appeared in the area and no building has disappeared in the area .,no building has appeared in the area and no building has disappeared in the area
85_06_04_cap,0,0,0,disappear,disappear,OK,several,-,WRONG,center|top,bottom-left|bottom-right,WRONG,land,land,OK,sparse,sparse,OK,no building has appeared in the area and several sparse buildings have disappeared in the top center on bare land .,no building has appeared in the area and several sparse residential have disappeared in the bottom left to bottom right on bare land
85_06_05_cap,0,0,0,disappear,appear,WRONG,one,-,WRONG,bottom-right,bottom-right|center|left,WRONG,area,area,OK,,,N/A,no building has appeared in the area and a building has disappeared in the bottom right in the parking area .,a new residential has appeared in the left center in the parking area and several closely located residential have disappeared in the bottom right in the parking area
85_06_06_cap,0,0,1,disappear,none,WRONG,one,-,WRONG,bottom-left,-,WRONG,area,-,WRONG,,,N/A,no building has appeared in the area and a building has disappeared in the bottom left in the parking area .,no building has appeared in the area and no building has disappeared in the area
85_06_07_cap,1,1,1,none,none,OK,,,N/A,,,N/A,,,N/A,,,N/A,no building has appeared in the area and no building has disappeared in the area .,no building has appeared in the area and no building has disappeared in the area
85_07_00_cap,1,1,1,none,none,OK,,,N/A,,,N/A,,,N/A,,,N/A,no building has appeared in the area and no building has disappeared in the area .,no building has appeared in the area and no building has disappeared in the area
85_07_01_cap,1,1,1,none,none,OK,,,N/A,,,N/A,,,N/A,,,N/A,no building has appeared in the area and no building has disappeared in the area .,no building has appeared in the area and no building has disappeared in the area
85_07_02_cap,1,1,1,none,none,OK,,,N/A,,,N/A,,,N/A,,,N/A,no building has appeared in the area and no building has disappeared in the area .,no building has appeared in the area and no building has disappeared in the area
85_07_03_cap,1,1,1,none,none,OK,,,N/A,,,N/A,,,N/A,,,N/A,no building has appeared in the area and no building has disappeared in the area .,no building has appeared in the area and no building has disappeared in the area
85_07_04_cap,0,0,0,disappear,disappear,OK,one,-,WRONG,top-right,top-right,OK,area,area,OK,,,N/A,no building has appeared in the area and a building has disappeared in the top right in the parking area .,no building has appeared in the area and several <UNK> buildings have disappeared in the top right in the parking area
85_07_05_cap,0,0,0,disappear,disappear,OK,,,N/A,,,N/A,land,land,OK,sparse,-,WRONG,no building has appeared in the area and several sparse residential have disappeared in different areas on bare land .,no building has appeared in the area and several closely located residential have disappeared in the top left to top left on bare land
85_07_06_cap,0,0,0,appear,appear,OK,,,N/A,bottom-right|center|top-left,center|top-right,WRONG,area|tree,area|land,PART,,,N/A,several closely located new buildings have appeared in the bottom right to right center among the trees and a residential has disappeared in the top left in the parking area .,several sparse new residential have appeared in the top right to right center in the parking area and a building has disappeared in the top right on bare land
85_07_07_cap,0,0,0,appear,appear,OK,several,several,OK,bottom-left|bottom-right,bottom|center,WRONG,area,area,OK,dense,sparse,WRONG,several dense new buildings have appeared in the bottom left to bottom right in the parking area and no building has disappeared in the area .,several sparse new buildings have appeared in the bottom center in the parking area and no building has disappeared in the area
87_00_00_cap,1,1,1,none,none,OK,,,N/A,,,N/A,,,N/A,,,N/A,no building has appeared in the area and no building has disappeared in the area .,no building has appeared in the area and no building has disappeared in the area
87_00_01_cap,1,1,1,none,none,OK,,,N/A,,,N/A,,,N/A,,,N/A,no building has appeared in the area and no building has disappeared in the area .,no building has appeared in the area and no building has disappeared in the area
87_00_02_cap,1,1,1,none,none,OK,,,N/A,,,N/A,,,N/A,,,N/A,no building has appeared in the area and no building has disappeared in the area .,no building has appeared in the area and no building has disappeared in the area
87_00_03_cap,1,1,1,none,none,OK,,,N/A,,,N/A,,,N/A,,,N/A,no building has appeared in the area and no building has disappeared in the area .,no building has appeared in the area and no building has disappeared in the area
87_00_04_cap,1,1,1,none,none,OK,,,N/A,,,N/A,,,N/A,,,N/A,no building has appeared in the area and no building has disappeared in the area .,no building has appeared in the area and no building has disappeared in the area
87_00_05_cap,0,0,0,disappear,disappear,OK,,,N/A,bottom-left,bottom-left,OK,land,land,OK,sparse,-,WRONG,no building has appeared in the area and several sparse residential have disappeared in the bottom left on bare land .,no building has appeared in the area and a residential has disappeared in the bottom left on bare land
87_00_06_cap,0,0,1,disappear,none,WRONG,,,N/A,bottom-left,-,WRONG,land,-,WRONG,,,N/A,no building has appeared in the area and a residential has disappeared in the bottom left on bare land .,no building has appeared in the area and no building has disappeared in the area
87_00_07_cap,1,1,1,none,none,OK,,,N/A,,,N/A,,,N/A,,,N/A,no building has appeared in the area and no building has disappeared in the area .,no building has appeared in the area and no building has disappeared in the area
87_01_00_cap,1,1,1,none,none,OK,,,N/A,,,N/A,,,N/A,,,N/A,no building has appeared in the area and no building has disappeared in the area .,no building has appeared in the area and no building has disappeared in the area
87_01_01_cap,1,1,1,none,none,OK,,,N/A,,,N/A,,,N/A,,,N/A,no building has appeared in the area and no building has disappeared in the area .,no building has appeared in the area and no building has disappeared in the area
87_01_02_cap,1,1,1,none,none,OK,,,N/A,,,N/A,,,N/A,,,N/A,no building has appeared in the area and no building has disappeared in the area .,no building has appeared in the area and no building has disappeared in the area
87_01_03_cap,1,1,1,none,none,OK,,,N/A,,,N/A,,,N/A,,,N/A,no building has appeared in the area and no building has disappeared in the area .,no building has appeared in the area and no building has disappeared in the area
87_01_04_cap,1,1,1,none,none,OK,,,N/A,,,N/A,,,N/A,,,N/A,no building has appeared in the area and no building has disappeared in the area .,no building has appeared in the area and no building has disappeared in the area
87_01_05_cap,0,0,0,disappear,disappear,OK,,,N/A,top-left|top-right,top-right,WRONG,tree,among,WRONG,sparse,-,WRONG,no building has appeared in the area and several sparse residential have disappeared in the top left to top right among the trees .,no building has appeared in the area and a residential has disappeared in the top right among the trees
87_01_06_cap,0,0,0,disappear,disappear,OK,,,N/A,top-left,bottom-right|top-left,WRONG,land,land,OK,,,N/A,no building has appeared in the area and a residential has disappeared in the top left on bare land .,no building has appeared in the area and several sparse residential have disappeared in the top left to bottom right on bare land
87_01_07_cap,0,0,1,disappear,none,WRONG,,,N/A,bottom-left,-,WRONG,among,-,WRONG,sparse,-,WRONG,no building has appeared in the area and several sparse residential have disappeared in the bottom left among the trees .,no building has appeared in the area and no building has disappeared in the area
87_02_00_cap,1,1,1,none,none,OK,,,N/A,,,N/A,,,N/A,,,N/A,no building has appeared in the area and no building has disappeared in the area .,no building has appeared in the area and no building has disappeared in the area
87_02_01_cap,1,1,1,none,none,OK,,,N/A,,,N/A,,,N/A,,,N/A,no building has appeared in the area and no building has disappeared in the area .,no building has appeared in the area and no building has disappeared in the area
87_02_02_cap,1,1,1,none,none,OK,,,N/A,,,N/A,,,N/A,,,N/A,no building has appeared in the area and no building has disappeared in the area .,no building has appeared in the area and no building has disappeared in the area
87_02_03_cap,1,1,1,none,none,OK,,,N/A,,,N/A,,,N/A,,,N/A,no building has appeared in the area and no building has disappeared in the area .,no building has appeared in the area and no building has disappeared in the area
87_02_04_cap,1,1,1,none,none,OK,,,N/A,,,N/A,,,N/A,,,N/A,no building has appeared in the area and no building has disappeared in the area .,no building has appeared in the area and no building has disappeared in the area
87_02_05_cap,1,1,1,none,none,OK,,,N/A,,,N/A,,,N/A,,,N/A,no building has appeared in the area and no building has disappeared in the area .,no building has appeared in the area and no building has disappeared in the area
87_02_06_cap,1,1,1,none,none,OK,,,N/A,,,N/A,,,N/A,,,N/A,no building has appeared in the area and no building has disappeared in the area .,no building has appeared in the area and no building has disappeared in the area
87_02_07_cap,1,1,1,none,none,OK,,,N/A,,,N/A,,,N/A,,,N/A,no building has appeared in the area and no building has disappeared in the area .,no building has appeared in the area and no building has disappeared in the area
87_03_00_cap,1,1,1,none,none,OK,,,N/A,,,N/A,,,N/A,,,N/A,no building has appeared in the area and no building has disappeared in the area .,no building has appeared in the area and no building has disappeared in the area
87_03_01_cap,1,1,1,none,none,OK,,,N/A,,,N/A,,,N/A,,,N/A,no building has appeared in the area and no building has disappeared in the area .,no building has appeared in the area and no building has disappeared in the area
87_03_02_cap,1,1,1,none,none,OK,,,N/A,,,N/A,,,N/A,,,N/A,no building has appeared in the area and no building has disappeared in the area .,no building has appeared in the area and no building has disappeared in the area
87_03_03_cap,1,1,1,none,none,OK,,,N/A,,,N/A,,,N/A,,,N/A,no building has appeared in the area and no building has disappeared in the area .,no building has appeared in the area and no building has disappeared in the area
87_03_04_cap,1,1,1,none,none,OK,,,N/A,,,N/A,,,N/A,,,N/A,no building has appeared in the area and no building has disappeared in the area .,no building has appeared in the area and no building has disappeared in the area
87_03_05_cap,0,0,1,disappear,none,WRONG,,,N/A,bottom-right,-,WRONG,land,-,WRONG,,,N/A,no building has appeared in the area and several closely located residential have disappeared in the bottom right on bare land .,no building has appeared in the area and no building has disappeared in the area
87_03_06_cap,0,0,0,disappear,disappear,OK,,,N/A,bottom-left,bottom-left|center,WRONG,land,land,OK,sparse,-,WRONG,no building has appeared in the area and several sparse residential have disappeared in the bottom left on bare land .,no building has appeared in the area and several closely located residential have disappeared in the bottom left to bottom center on bare land
87_03_07_cap,1,1,1,none,none,OK,,,N/A,,,N/A,,,N/A,,,N/A,no building has appeared in the area and no building has disappeared in the area .,no building has appeared in the area and no building has disappeared in the area
87_04_00_cap,1,1,1,none,none,OK,,,N/A,,,N/A,,,N/A,,,N/A,no building has appeared in the area and no building has disappeared in the area .,no building has appeared in the area and no building has disappeared in the area
87_04_01_cap,0,0,1,disappear,none,WRONG,,,N/A,top-left,-,WRONG,land,-,WRONG,,,N/A,no building has appeared in the area and a residential has disappeared in the top left on bare land .,no building has appeared in the area and no building has disappeared in the area
87_04_02_cap,1,1,1,none,none,OK,,,N/A,,,N/A,,,N/A,,,N/A,no building has appeared in the area and no building has disappeared in the area .,no building has appeared in the area and no building has disappeared in the area
87_04_03_cap,1,1,1,none,none,OK,,,N/A,,,N/A,,,N/A,,,N/A,no building has appeared in the area and no building has disappeared in the area .,no building has appeared in the area and no building has disappeared in the area
87_04_04_cap,0,0,0,disappear,disappear,OK,,,N/A,bottom-right,center|right,WRONG,land,land,OK,,,N/A,no building has appeared in the area and several <UNK> residential have disappeared in the bottom right on bare land .,no building has appeared in the area and several closely located residential have disappeared in the right center on bare land
87_04_05_cap,0,0,1,disappear,none,WRONG,,,N/A,center|top-left,-,WRONG,land,-,WRONG,sparse,-,WRONG,no building has appeared in the area and several sparse residential have disappeared in the top left to left center on bare land .,no building has appeared in the area and no building has disappeared in the area
87_04_06_cap,1,1,1,none,none,OK,,,N/A,,,N/A,,,N/A,,,N/A,no building has appeared in the area and no building has disappeared in the area .,no building has appeared in the area and no building has disappeared in the area
87_04_07_cap,1,1,1,none,none,OK,,,N/A,,,N/A,,,N/A,,,N/A,no building has appeared in the area and no building has disappeared in the area .,no building has appeared in the area and no building has disappeared in the area
87_05_00_cap,0,0,1,disappear,none,WRONG,,,N/A,bottom-right,-,WRONG,land,-,WRONG,,,N/A,no building has appeared in the area and a residential has disappeared in the bottom right on bare land .,no building has appeared in the area and no building has disappeared in the area
87_05_01_cap,1,1,1,none,none,OK,,,N/A,,,N/A,,,N/A,,,N/A,no building has appeared in the area and no building has disappeared in the area .,no building has appeared in the area and no building has disappeared in the area
87_05_02_cap,1,1,1,none,none,OK,,,N/A,,,N/A,,,N/A,,,N/A,no building has appeared in the area and no building has disappeared in the area .,no building has appeared in the area and no building has disappeared in the area
87_05_03_cap,1,0,0,disappear,disappear,OK,,,N/A,center,center,OK,land,land,OK,,,N/A,no building has appeared in the area and several closely located residential have disappeared in the center on bare land .,no building has appeared in the area and several sparse residential have disappeared in the center on bare land
87_05_04_cap,1,1,1,none,none,OK,,,N/A,,,N/A,,,N/A,,,N/A,no building has appeared in the area and no building has disappeared in the area .,no building has appeared in the area and no building has disappeared in the area
87_05_05_cap,1,1,1,none,none,OK,,,N/A,,,N/A,,,N/A,,,N/A,no building has appeared in the area and no building has disappeared in the area .,no building has appeared in the area and no building has disappeared in the area
87_05_06_cap,1,0,0,appear,appear,OK,,,N/A,bottom-right,bottom-right,OK,area,area,OK,,,N/A,a new residential has appeared in the bottom right in the parking area and no building has disappeared in the area .,a new residential has appeared in the bottom right in the parking area and a building has disappeared in the bottom right in the parking area
87_05_07_cap,0,0,1,appear,none,WRONG,,,N/A,center|left,-,WRONG,among|area,-,WRONG,,,N/A,a new residential has appeared in the left center among the trees and no building has disappeared in the area .,no building has appeared in the area and no building has disappeared in the area
87_06_00_cap,0,0,0,disappear,disappear,OK,,,N/A,,,N/A,land,land,OK,dense,sparse,WRONG,no building has appeared in the area and several dense residential have disappeared in different areas on bare land .,no building has appeared in the area and several sparse residential have disappeared in the right center on bare land
87_06_01_cap,1,0,0,disappear,disappear,OK,,,N/A,center|top-left,center|top-left,OK,land,land,OK,,,N/A,no building has appeared in the area and several closely located residential have disappeared in the top left to left center on bare land .,no building has appeared in the area and several closely located residential have disappeared in the top left to left center on bare land
87_06_02_cap,1,1,1,none,none,OK,,,N/A,,,N/A,,,N/A,,,N/A,no building has appeared in the area and no building has disappeared in the area .,no building has appeared in the area and no building has disappeared in the area
87_06_03_cap,0,0,1,disappear,none,WRONG,,,N/A,bottom|center,-,WRONG,land,-,WRONG,,,N/A,no building has appeared in the area and a residential has disappeared in the bottom center on bare land .,no building has appeared in the area and no building has disappeared in the area
87_06_04_cap,1,1,1,none,none,OK,,,N/A,,,N/A,,,N/A,,,N/A,no building has appeared in the area and no building has disappeared in the area .,no building has appeared in the area and no building has disappeared in the area
87_06_05_cap,1,1,1,none,none,OK,,,N/A,,,N/A,,,N/A,,,N/A,no building has appeared in the area and no building has disappeared in the area .,no building has appeared in the area and no building has disappeared in the area
87_06_06_cap,0,0,1,appear,none,WRONG,,,N/A,top-right,-,WRONG,land,-,WRONG,,,N/A,a new residential has appeared in the top right on bare land and no building has disappeared in the area .,no building has appeared in the area and no building has disappeared in the area
87_06_07_cap,0,0,1,appear,none,WRONG,,,N/A,top-left,-,WRONG,land,-,WRONG,,,N/A,a new residential has appeared in the top left on bare land and no building has disappeared in the area .,no building has appeared in the area and no building has disappeared in the area
87_07_00_cap,0,0,0,disappear,disappear,OK,several,-,WRONG,center|top-right,top-right,WRONG,land,area,WRONG,sparse,sparse,OK,no building has appeared in the area and several sparse buildings have disappeared in the top right to right center on bare land .,no building has appeared in the area and several sparse residential have disappeared in the top right in the parking area
87_07_01_cap,0,0,0,disappear,disappear,OK,,,N/A,,,N/A,among,tree,WRONG,sparse,-,WRONG,no building has appeared in the area and several sparse residential have disappeared in different areas among the trees .,no building has appeared in the area and several closely located residential have disappeared in the bottom left to left center among the trees
87_07_02_cap,1,1,1,none,none,OK,,,N/A,,,N/A,,,N/A,,,N/A,no building has appeared in the area and no building has disappeared in the area .,no building has appeared in the area and no building has disappeared in the area
87_07_03_cap,0,0,0,disappear,disappear,OK,,,N/A,,,N/A,land,among,WRONG,sparse,-,WRONG,no building has appeared in the area and several sparse residential have disappeared in different areas on bare land .,no building has appeared in the area and a residential has disappeared in the top center among the trees
87_07_04_cap,1,1,1,none,none,OK,,,N/A,,,N/A,,,N/A,,,N/A,no building has appeared in the area and no building has disappeared in the area .,no building has appeared in the area and no building has disappeared in the area
87_07_05_cap,1,1,1,none,none,OK,,,N/A,,,N/A,,,N/A,,,N/A,no building has appeared in the area and no building has disappeared in the area .,no building has appeared in the area and no building has disappeared in the area
87_07_06_cap,1,1,1,none,none,OK,,,N/A,,,N/A,,,N/A,,,N/A,no building has appeared in the area and no building has disappeared in the area .,no building has appeared in the area and no building has disappeared in the area
87_07_07_cap,1,1,1,none,none,OK,,,N/A,,,N/A,,,N/A,,,N/A,no building has appeared in the area and no building has disappeared in the area .,no building has appeared in the area and no building has disappeared in the area
93_00_00_cap,0,0,0,appear,appear,OK,one,-,WRONG,top-right,center|top,WRONG,among|area,area,PART,,,N/A,a new building has appeared in the top right among the trees and no building has disappeared in the area .,several closely located new residential have appeared in the top center in the parking area and no building has disappeared in the area
93_00_01_cap,0,0,1,appear,none,WRONG,one,-,WRONG,top-left,-,WRONG,area,-,WRONG,,,N/A,a new building has appeared in the top left in the parking area and no building has disappeared in the area .,no building has appeared in the area and no building has disappeared in the area
93_00_02_cap,0,0,0,appear,appear,OK,one,-,WRONG,bottom|center,bottom-right|center,WRONG,area,area,OK,,,N/A,a new building has appeared in the bottom center in the parking area and no building has disappeared in the area .,several sparse new residential have appeared in the bottom center to bottom right in the parking area and no building has disappeared in the area
93_00_03_cap,1,1,1,none,none,OK,,,N/A,,,N/A,,,N/A,,,N/A,no building has appeared in the area and no building has disappeared in the area .,no building has appeared in the area and no building has disappeared in the area
93_00_04_cap,1,1,1,none,none,OK,,,N/A,,,N/A,,,N/A,,,N/A,no building has appeared in the area and no building has disappeared in the area .,no building has appeared in the area and no building has disappeared in the area
93_00_05_cap,1,1,1,none,none,OK,,,N/A,,,N/A,,,N/A,,,N/A,no building has appeared in the area and no building has disappeared in the area .,no building has appeared in the area and no building has disappeared in the area
93_00_06_cap,1,1,1,none,none,OK,,,N/A,,,N/A,,,N/A,,,N/A,no building has appeared in the area and no building has disappeared in the area .,no building has appeared in the area and no building has disappeared in the area
93_00_07_cap,1,1,1,none,none,OK,,,N/A,,,N/A,,,N/A,,,N/A,no building has appeared in the area and no building has disappeared in the area .,no building has appeared in the area and no building has disappeared in the area
93_01_00_cap,1,1,1,none,none,OK,,,N/A,,,N/A,,,N/A,,,N/A,no building has appeared in the area and no building has disappeared in the area .,no building has appeared in the area and no building has disappeared in the area
93_01_01_cap,0,0,0,appear,appear,OK,one,-,WRONG,center|right,top-right,WRONG,area,area,OK,,,N/A,a new building has appeared in the right center in the parking area and no building has disappeared in the area .,several closely located new residential have appeared in the top right in the parking area and no building has disappeared in the area
93_01_02_cap,0,0,0,appear,appear,OK,several,one,WRONG,top-right,top-right,OK,area,area,OK,dense,-,WRONG,several dense new buildings have appeared in the top right in the parking area and no building has disappeared in the area .,a new building has appeared in the top right in the parking area and no building has disappeared in the area
93_01_03_cap,0,0,1,appear,none,WRONG,,,N/A,top-left,-,WRONG,area,-,WRONG,,,N/A,a new residential has appeared in the top left in the parking area and no building has disappeared in the area .,no building has appeared in the area and no building has disappeared in the area
93_01_04_cap,1,1,1,none,none,OK,,,N/A,,,N/A,,,N/A,,,N/A,no building has appeared in the area and no building has disappeared in the area .,no building has appeared in the area and no building has disappeared in the area
93_01_05_cap,1,1,1,none,none,OK,,,N/A,,,N/A,,,N/A,,,N/A,no building has appeared in the area and no building has disappeared in the area .,no building has appeared in the area and no building has disappeared in the area
93_01_06_cap,1,1,1,none,none,OK,,,N/A,,,N/A,,,N/A,,,N/A,no building has appeared in the area and no building has disappeared in the area .,no building has appeared in the area and no building has disappeared in the area
93_01_07_cap,1,1,1,none,none,OK,,,N/A,,,N/A,,,N/A,,,N/A,no building has appeared in the area and no building has disappeared in the area .,no building has appeared in the area and no building has disappeared in the area
93_02_00_cap,1,1,1,none,none,OK,,,N/A,,,N/A,,,N/A,,,N/A,no building has appeared in the area and no building has disappeared in the area .,no building has appeared in the area and no building has disappeared in the area
93_02_01_cap,1,1,1,none,none,OK,,,N/A,,,N/A,,,N/A,,,N/A,no building has appeared in the area and no building has disappeared in the area .,no building has appeared in the area and no building has disappeared in the area
93_02_02_cap,0,0,0,appear,appear,OK,one,one,OK,center,bottom-right|center,WRONG,area,area,OK,,,N/A,a new building has appeared in the center in the parking area and no building has disappeared in the area .,a new building has appeared in the bottom center in the parking area and a building has disappeared in the bottom right in the parking area
93_02_03_cap,1,1,1,none,none,OK,,,N/A,,,N/A,,,N/A,,,N/A,no building has appeared in the area and no building has disappeared in the area .,no building has appeared in the area and no building has disappeared in the area
93_02_04_cap,1,1,1,none,none,OK,,,N/A,,,N/A,,,N/A,,,N/A,no building has appeared in the area and no building has disappeared in the area .,no building has appeared in the area and no building has disappeared in the area
93_02_05_cap,0,1,0,none,appear,WRONG,,,N/A,,,N/A,,,N/A,,,N/A,no building has appeared in the area and no building has disappeared in the area .,a new building has appeared in the bottom left in the parking area and no building has disappeared in the area
93_02_06_cap,1,1,1,none,none,OK,,,N/A,,,N/A,,,N/A,,,N/A,no building has appeared in the area and no building has disappeared in the area .,no building has appeared in the area and no building has disappeared in the area
93_02_07_cap,1,1,1,none,none,OK,,,N/A,,,N/A,,,N/A,,,N/A,no building has appeared in the area and no building has disappeared in the area .,no building has appeared in the area and no building has disappeared in the area
93_03_00_cap,1,1,1,none,none,OK,,,N/A,,,N/A,,,N/A,,,N/A,no building has appeared in the area and no building has disappeared in the area .,no building has appeared in the area and no building has disappeared in the area
93_03_01_cap,1,1,1,none,none,OK,,,N/A,,,N/A,,,N/A,,,N/A,no building has appeared in the area and no building has disappeared in the area .,no building has appeared in the area and no building has disappeared in the area
93_03_02_cap,0,0,1,appear,none,WRONG,one,-,WRONG,center|left,-,WRONG,area,-,WRONG,,,N/A,a new building has appeared in the left center in the parking area and no building has disappeared in the area .,no building has appeared in the area and no building has disappeared in the area
93_03_03_cap,1,1,1,none,none,OK,,,N/A,,,N/A,,,N/A,,,N/A,no building has appeared in the area and no building has disappeared in the area .,no building has appeared in the area and no building has disappeared in the area
93_03_04_cap,1,1,1,none,none,OK,,,N/A,,,N/A,,,N/A,,,N/A,no building has appeared in the area and no building has disappeared in the area .,no building has appeared in the area and no building has disappeared in the area
93_03_05_cap,1,1,1,none,none,OK,,,N/A,,,N/A,,,N/A,,,N/A,no building has appeared in the area and no building has disappeared in the area .,no building has appeared in the area and no building has disappeared in the area
93_03_06_cap,0,0,0,appear,appear,OK,,,N/A,bottom|center,center,WRONG,area,area,OK,,,N/A,several <UNK> new residential have appeared in the bottom center in the parking area and no building has disappeared in the area .,a new residential has appeared in the center in the parking area and no building has disappeared in the area
93_03_07_cap,1,1,1,none,none,OK,,,N/A,,,N/A,,,N/A,,,N/A,no building has appeared in the area and no building has disappeared in the area .,no building has appeared in the area and no building has disappeared in the area
93_04_00_cap,1,1,1,none,none,OK,,,N/A,,,N/A,,,N/A,,,N/A,no building has appeared in the area and no building has disappeared in the area .,no building has appeared in the area and no building has disappeared in the area
93_04_01_cap,1,1,1,none,none,OK,,,N/A,,,N/A,,,N/A,,,N/A,no building has appeared in the area and no building has disappeared in the area .,no building has appeared in the area and no building has disappeared in the area
93_04_02_cap,1,1,1,none,none,OK,,,N/A,,,N/A,,,N/A,,,N/A,no building has appeared in the area and no building has disappeared in the area .,no building has appeared in the area and no building has disappeared in the area
93_04_03_cap,1,1,1,none,none,OK,,,N/A,,,N/A,,,N/A,,,N/A,no building has appeared in the area and no building has disappeared in the area .,no building has appeared in the area and no building has disappeared in the area
93_04_04_cap,1,1,1,none,none,OK,,,N/A,,,N/A,,,N/A,,,N/A,no building has appeared in the area and no building has disappeared in the area .,no building has appeared in the area and no building has disappeared in the area
93_04_05_cap,1,0,0,appear,appear,OK,one,one,OK,center,center,OK,area,area,OK,,,N/A,a new building has appeared in the center in the parking area and no building has disappeared in the area .,a new building has appeared in the center in the parking area and no building has disappeared in the area
93_04_06_cap,1,0,0,appear,appear,OK,,,N/A,center|top,center|top,OK,area,area,OK,,,N/A,a new residential has appeared in the top center in the parking area and no building has disappeared in the area .,a new building has appeared in the top center in the parking area and no building has disappeared in the area
93_04_07_cap,0,0,1,appear,none,WRONG,several,-,WRONG,bottom|center,-,WRONG,area,-,WRONG,sparse,-,WRONG,several sparse new buildings have appeared in the bottom center in the parking area and several sparse buildings have disappeared in different areas in the parking area .,no building has appeared in the area and no building has disappeared in the area
93_05_00_cap,1,1,1,none,none,OK,,,N/A,,,N/A,,,N/A,,,N/A,no building has appeared in the area and no building has disappeared in the area .,no building has appeared in the area and no building has disappeared in the area
93_05_01_cap,0,0,0,disappear,disappear,OK,,,N/A,bottom-left|center,bottom|center,WRONG,area,area,OK,,,N/A,no building has appeared in the area and several closely located buildings have disappeared in the bottom left to bottom center in the parking area .,no building has appeared in the area and several <UNK> buildings have disappeared in the bottom center in the parking area
93_05_02_cap,1,1,1,none,none,OK,,,N/A,,,N/A,,,N/A,,,N/A,no building has appeared in the area and no building has disappeared in the area .,no building has appeared in the area and no building has disappeared in the area
93_05_03_cap,1,1,1,none,none,OK,,,N/A,,,N/A,,,N/A,,,N/A,no building has appeared in the area and no building has disappeared in the area .,no building has appeared in the area and no building has disappeared in the area
93_05_04_cap,1,1,1,none,none,OK,,,N/A,,,N/A,,,N/A,,,N/A,no building has appeared in the area and no building has disappeared in the area .,no building has appeared in the area and no building has disappeared in the area
93_05_05_cap,1,1,1,none,none,OK,,,N/A,,,N/A,,,N/A,,,N/A,no building has appeared in the area and no building has disappeared in the area .,no building has appeared in the area and no building has disappeared in the area
93_05_06_cap,0,0,0,disappear,disappear,OK,,,N/A,center|right,top-left,WRONG,area,area,OK,,,N/A,no building has appeared in the area and several closely located buildings have disappeared in the right center in the parking area .,no building has appeared in the area and a building has disappeared in the top left in the parking area
93_05_07_cap,0,0,0,appear,disappear,WRONG,,,N/A,center|top-left,top-left|top-right,WRONG,among|area,land,WRONG,sparse,sparse,OK,a new residential has appeared in the top center among the trees and several sparse residential have disappeared in the top left to top center in the parking area .,no building has appeared in the area and several sparse residential have disappeared in the top left to top right on bare land
93_06_00_cap,0,0,0,disappear,disappear,OK,several,several,OK,bottom-right|center,bottom-right,WRONG,area,area,OK,dense,sparse,WRONG,no building has appeared in the area and several dense buildings have disappeared in the bottom center to bottom right in the parking area .,no building has appeared in the area and several sparse buildings have disappeared in the bottom right in the parking area
93_06_01_cap,0,0,0,disappear,disappear,OK,several,-,WRONG,bottom-left|center|top,bottom-left,WRONG,area,area,OK,dense,-,WRONG,no building has appeared in the area and several dense buildings have disappeared in the top center to bottom left in the parking area .,no building has appeared in the area and several closely located buildings have disappeared in the bottom left in the parking area
93_06_02_cap,0,0,1,disappear,none,WRONG,one,-,WRONG,center|left,-,WRONG,area,-,WRONG,,,N/A,no building has appeared in the area and a building has disappeared in the left center in the parking area .,no building has appeared in the area and no building has disappeared in the area
93_06_03_cap,1,1,1,none,none,OK,,,N/A,,,N/A,,,N/A,,,N/A,no building has appeared in the area and no building has disappeared in the area .,no building has appeared in the area and no building has disappeared in the area
93_06_04_cap,1,1,1,none,none,OK,,,N/A,,,N/A,,,N/A,,,N/A,no building has appeared in the area and no building has disappeared in the area .,no building has appeared in the area and no building has disappeared in the area
93_06_05_cap,0,1,0,none,appear,WRONG,,,N/A,,,N/A,,,N/A,,,N/A,no building has appeared in the area and no building has disappeared in the area .,a new building has appeared in the top left in the parking area and no building has disappeared in the area
93_06_06_cap,1,1,1,none,none,OK,,,N/A,,,N/A,,,N/A,,,N/A,no building has appeared in the area and no building has disappeared in the area .,no building has appeared in the area and no building has disappeared in the area
93_06_07_cap,1,1,1,none,none,OK,,,N/A,,,N/A,,,N/A,,,N/A,no building has appeared in the area and no building has disappeared in the area .,no building has appeared in the area and no building has disappeared in the area
93_07_00_cap,0,0,0,disappear,appear,WRONG,several,several,OK,top-right,top-right,OK,area,area,OK,dense,sparse,WRONG,no building has appeared in the area and several dense buildings have disappeared in the top right in the parking area .,several sparse new residential have appeared in the top right in the parking area and several sparse buildings have disappeared in the top right in the parking area
93_07_01_cap,0,0,1,disappear,none,WRONG,,,N/A,top-left,-,WRONG,area,-,WRONG,,,N/A,no building has appeared in the area and several <UNK> residential have disappeared in the top left in the parking area .,no building has appeared in the area and no building has disappeared in the area
93_07_02_cap,1,1,1,none,none,OK,,,N/A,,,N/A,,,N/A,,,N/A,no building has appeared in the area and no building has disappeared in the area .,no building has appeared in the area and no building has disappeared in the area
93_07_03_cap,1,1,1,none,none,OK,,,N/A,,,N/A,,,N/A,,,N/A,no building has appeared in the area and no building has disappeared in the area .,no building has appeared in the area and no building has disappeared in the area
93_07_04_cap,1,1,1,none,none,OK,,,N/A,,,N/A,,,N/A,,,N/A,no building has appeared in the area and no building has disappeared in the area .,no building has appeared in the area and no building has disappeared in the area
93_07_05_cap,1,1,1,none,none,OK,,,N/A,,,N/A,,,N/A,,,N/A,no building has appeared in the area and no building has disappeared in the area .,no building has appeared in the area and no building has disappeared in the area
93_07_06_cap,1,1,1,none,none,OK,,,N/A,,,N/A,,,N/A,,,N/A,no building has appeared in the area and no building has disappeared in the area .,no building has appeared in the area and no building has disappeared in the area
93_07_07_cap,1,1,1,none,none,OK,,,N/A,,,N/A,,,N/A,,,N/A,no building has appeared in the area and no building has disappeared in the area .,no building has appeared in the area and no building has disappeared in the area
96_00_00_cap,1,1,1,none,none,OK,,,N/A,,,N/A,,,N/A,,,N/A,no building has appeared in the area and no building has disappeared in the area .,no building has appeared in the area and no building has disappeared in the area
96_00_01_cap,0,0,0,appear,disappear,WRONG,,,N/A,top-left|top-right,bottom-right|top-right,WRONG,among,land,WRONG,,,N/A,a new residential has appeared in the top left among the trees and a residential has disappeared in the top right among the trees .,no building has appeared in the area and several sparse residential have disappeared in the top right to bottom right on bare land
96_00_02_cap,1,1,1,none,none,OK,,,N/A,,,N/A,,,N/A,,,N/A,no building has appeared in the area and no building has disappeared in the area .,no building has appeared in the area and no building has disappeared in the area
96_00_03_cap,1,1,1,none,none,OK,,,N/A,,,N/A,,,N/A,,,N/A,no building has appeared in the area and no building has disappeared in the area .,no building has appeared in the area and no building has disappeared in the area
96_00_04_cap,1,1,1,none,none,OK,,,N/A,,,N/A,,,N/A,,,N/A,no building has appeared in the area and no building has disappeared in the area .,no building has appeared in the area and no building has disappeared in the area
96_00_05_cap,1,1,1,none,none,OK,,,N/A,,,N/A,,,N/A,,,N/A,no building has appeared in the area and no building has disappeared in the area .,no building has appeared in the area and no building has disappeared in the area
96_00_06_cap,1,1,1,none,none,OK,,,N/A,,,N/A,,,N/A,,,N/A,no building has appeared in the area and no building has disappeared in the area .,no building has appeared in the area and no building has disappeared in the area
96_00_07_cap,1,1,1,none,none,OK,,,N/A,,,N/A,,,N/A,,,N/A,no building has appeared in the area and no building has disappeared in the area .,no building has appeared in the area and no building has disappeared in the area
96_01_00_cap,0,0,0,disappear,disappear,OK,several,-,WRONG,,,N/A,area,land,WRONG,dense,sparse,WRONG,no building has appeared in the area and several dense buildings have disappeared in different areas in the parking area .,no building has appeared in the area and several sparse residential have disappeared in the bottom left on bare land
96_01_01_cap,1,1,1,none,none,OK,,,N/A,,,N/A,,,N/A,,,N/A,no building has appeared in the area and no building has disappeared in the area .,no building has appeared in the area and no building has disappeared in the area
96_01_02_cap,1,1,1,none,none,OK,,,N/A,,,N/A,,,N/A,,,N/A,no building has appeared in the area and no building has disappeared in the area .,no building has appeared in the area and no building has disappeared in the area
96_01_03_cap,1,1,1,none,none,OK,,,N/A,,,N/A,,,N/A,,,N/A,no building has appeared in the area and no building has disappeared in the area .,no building has appeared in the area and no building has disappeared in the area
96_01_04_cap,1,1,1,none,none,OK,,,N/A,,,N/A,,,N/A,,,N/A,no building has appeared in the area and no building has disappeared in the area .,no building has appeared in the area and no building has disappeared in the area
96_01_05_cap,1,1,1,none,none,OK,,,N/A,,,N/A,,,N/A,,,N/A,no building has appeared in the area and no building has disappeared in the area .,no building has appeared in the area and no building has disappeared in the area
96_01_06_cap,1,1,1,none,none,OK,,,N/A,,,N/A,,,N/A,,,N/A,no building has appeared in the area and no building has disappeared in the area .,no building has appeared in the area and no building has disappeared in the area
96_01_07_cap,1,1,1,none,none,OK,,,N/A,,,N/A,,,N/A,,,N/A,no building has appeared in the area and no building has disappeared in the area .,no building has appeared in the area and no building has disappeared in the area
96_02_00_cap,0,0,0,disappear,disappear,OK,several,several,OK,,,N/A,area,land,WRONG,dense,dense,OK,no building has appeared in the area and several dense buildings have disappeared in different areas in the parking area .,no building has appeared in the area and several dense buildings have disappeared in the top left to top right on bare land
96_02_01_cap,0,0,0,disappear,disappear,OK,,,N/A,,,N/A,among,land,WRONG,dense,sparse,WRONG,no building has appeared in the area and several dense residential have disappeared in different areas among the trees .,no building has appeared in the area and several sparse residential have disappeared in the bottom left to left center on bare land
96_02_02_cap,0,0,1,disappear,none,WRONG,,,N/A,bottom|center,-,WRONG,area,-,WRONG,,,N/A,no building has appeared in the area and a residential has disappeared in the bottom center in the parking area .,no building has appeared in the area and no building has disappeared in the area
96_02_03_cap,0,0,1,disappear,none,WRONG,several,-,WRONG,bottom-right|center,-,WRONG,area,-,WRONG,sparse,-,WRONG,no building has appeared in the area and several sparse buildings have disappeared in the bottom center to bottom right in the parking area .,no building has appeared in the area and no building has disappeared in the area
96_02_04_cap,0,0,0,disappear,appear,WRONG,one,one,OK,bottom|center,bottom-right|top-right,WRONG,area,area,OK,,,N/A,no building has appeared in the area and a building has disappeared in the bottom center in the parking area .,a new building has appeared in the bottom right in the parking area and several sparse buildings have disappeared in the top right in the parking area
96_02_05_cap,1,1,1,none,none,OK,,,N/A,,,N/A,,,N/A,,,N/A,no building has appeared in the area and no building has disappeared in the area .,no building has appeared in the area and no building has disappeared in the area
96_02_06_cap,0,0,0,disappear,disappear,OK,one,-,WRONG,bottom-right,bottom-right,OK,area,land,WRONG,,,N/A,no building has appeared in the area and a building has disappeared in the bottom right in the parking area .,no building has appeared in the area and a residential has disappeared in the bottom right on bare land
96_02_07_cap,0,0,1,appear,none,WRONG,,,N/A,bottom-left|center,-,WRONG,among|tree,-,WRONG,,,N/A,a new residential has appeared in the bottom center among the trees and several closely located residential have disappeared in the bottom left to left center among the trees .,no building has appeared in the area and no building has disappeared in the area
96_03_00_cap,0,0,0,disappear,disappear,OK,several,several,OK,center|left|right,bottom-left|bottom-right,WRONG,area,area,OK,sparse,dense,WRONG,no building has appeared in the area and several sparse buildings have disappeared in the right center to left center in the parking area .,no building has appeared in the area and several dense buildings have disappeared in the bottom left to bottom right in the parking area
96_03_01_cap,0,0,0,disappear,disappear,OK,,,N/A,center|top-left,bottom-left|bottom-right,WRONG,area,area,OK,sparse,dense,WRONG,no building has appeared in the area and several sparse residential have disappeared in the top left to center in the parking area .,no building has appeared in the area and several dense buildings have disappeared in the bottom left to bottom right in the parking area
96_03_02_cap,0,0,0,disappear,disappear,OK,,,N/A,,,N/A,land,land,OK,dense,-,WRONG,no building has appeared in the area and several dense residential have disappeared in different areas on bare land .,no building has appeared in the area and several closely located residential have disappeared in the top left to left center on bare land
96_03_03_cap,0,0,0,disappear,disappear,OK,,,N/A,bottom|center|top,bottom-left,WRONG,area,area,OK,sparse,sparse,OK,no building has appeared in the area and several sparse residential have disappeared in the top center to bottom center in the parking area .,no building has appeared in the area and several sparse residential have disappeared in the bottom left in the parking area
96_03_04_cap,0,0,0,disappear,disappear,OK,,,N/A,center|left,-,WRONG,land,area,WRONG,dense,dense,OK,no building has appeared in the area and several dense residential have disappeared in the left center on bare land .,no building has appeared in the area and several dense buildings have disappeared in different areas in the parking area
96_03_05_cap,0,0,0,disappear,disappear,OK,,,N/A,center|right,bottom-left,WRONG,land,area,WRONG,dense,sparse,WRONG,no building has appeared in the area and several dense residential have disappeared in the right center on bare land .,no building has appeared in the area and several sparse residential have disappeared in the bottom left in the parking area
96_03_06_cap,0,0,0,appear,disappear,WRONG,one,several,WRONG,bottom-right|center|left|top,top-right,WRONG,area,area,OK,sparse,sparse,OK,a new building has appeared in the bottom right in the parking area and several sparse buildings have disappeared in the top center to left center in the parking area .,no building has appeared in the area and several sparse buildings have disappeared in the top right in the parking area
96_03_07_cap,0,0,0,appear,appear,OK,one,one,OK,bottom|center|right,center|top-left,WRONG,area,area,OK,,,N/A,a new building has appeared in the center in the parking area and several closely located buildings have disappeared in the bottom center to right center in the parking area .,a new building has appeared in the top center in the parking area and several closely located buildings have disappeared in the top left in the parking area
96_04_00_cap,1,1,1,none,none,OK,,,N/A,,,N/A,,,N/A,,,N/A,no building has appeared in the area and no building has disappeared in the area .,no building has appeared in the area and no building has disappeared in the area
96_04_01_cap,1,1,1,none,none,OK,,,N/A,,,N/A,,,N/A,,,N/A,no building has appeared in the area and no building has disappeared in the area .,no building has appeared in the area and no building has disappeared in the area
96_04_02_cap,0,0,1,disappear,none,WRONG,,,N/A,top-right,-,WRONG,area,-,WRONG,,,N/A,no building has appeared in the area and a residential has disappeared in the top right in the parking area .,no building has appeared in the area and no building has disappeared in the area
96_04_03_cap,0,0,0,disappear,appear,WRONG,,,N/A,center|top-right,center|right,WRONG,area,area|land,PART,sparse,sparse,OK,no building has appeared in the area and several sparse residential have disappeared in the top right to center in the parking area .,a new residential has appeared in the right center on bare land and several sparse residential have disappeared in the right center in the parking area
96_04_04_cap,0,0,0,disappear,disappear,OK,,,N/A,center,top-right,WRONG,area,area,OK,,,N/A,no building has appeared in the area and a residential has disappeared in the center in the parking area .,no building has appeared in the area and several sparse buildings have disappeared in the top right in the parking area
96_04_05_cap,0,0,1,disappear,none,WRONG,,,N/A,center,-,WRONG,among,-,WRONG,,,N/A,no building has appeared in the area and a residential has disappeared in the center among the trees .,no building has appeared in the area and no building has disappeared in the area
96_04_06_cap,0,0,0,disappear,disappear,OK,,,N/A,bottom|center|top,bottom-right|top-left,WRONG,land,land,OK,sparse,sparse,OK,no building has appeared in the area and several sparse residential have disappeared in the top center to bottom center on bare land .,no building has appeared in the area and several sparse residential have disappeared in the top left to bottom right on bare land
96_04_07_cap,0,0,0,appear,appear,OK,one,several,WRONG,center|top-right,center|top-left,WRONG,area,area,OK,,,N/A,a new building has appeared in the top right in the parking area and a building has disappeared in the top center in the parking area .,several sparse new buildings have appeared in the center in the parking area and several closely located buildings have disappeared in the top left to top left in the parking area
96_05_00_cap,1,1,1,none,none,OK,,,N/A,,,N/A,,,N/A,,,N/A,no building has appeared in the area and no building has disappeared in the area .,no building has appeared in the area and no building has disappeared in the area
96_05_01_cap,1,1,1,none,none,OK,,,N/A,,,N/A,,,N/A,,,N/A,no building has appeared in the area and no building has disappeared in the area .,no building has appeared in the area and no building has disappeared in the area
96_05_02_cap,1,1,1,none,none,OK,,,N/A,,,N/A,,,N/A,,,N/A,no building has appeared in the area and no building has disappeared in the area .,no building has appeared in the area and no building has disappeared in the area
96_05_03_cap,1,1,1,none,none,OK,,,N/A,,,N/A,,,N/A,,,N/A,no building has appeared in the area and no building has disappeared in the area .,no building has appeared in the area and no building has disappeared in the area
96_05_04_cap,0,0,0,disappear,disappear,OK,one,-,WRONG,top-right,top-right,OK,area,area,OK,,,N/A,no building has appeared in the area and a building has disappeared in the top right in the parking area .,no building has appeared in the area and a residential has disappeared in the top right in the parking area
96_05_05_cap,0,0,1,disappear,none,WRONG,several,-,WRONG,,,N/A,area,-,WRONG,sparse,-,WRONG,no building has appeared in the area and several sparse buildings have disappeared in different areas in the parking area .,no building has appeared in the area and no building has disappeared in the area
96_05_06_cap,0,0,0,disappear,appear,WRONG,several,several,OK,center|top,center|right,WRONG,area,area,OK,dense,sparse,WRONG,no building has appeared in the area and several dense buildings have disappeared in the top center in the parking area .,a new residential has appeared in the right center in the parking area and several sparse buildings have disappeared in the center in the parking area
96_05_07_cap,0,1,0,none,appear,WRONG,,,N/A,,,N/A,,,N/A,,,N/A,no building has appeared in the area and no building has disappeared in the area .,a new residential has appeared in the top left in the parking area and no building has disappeared in the area
96_06_00_cap,0,0,0,appear,appear,OK,,,N/A,bottom-right|center,bottom|center,WRONG,along,area,WRONG,,,N/A,a new residential has appeared in the bottom center along the roads and a residential has disappeared in the bottom right along the roads .,a new residential has appeared in the bottom center in the parking area and no building has disappeared in the area
96_06_01_cap,0,0,0,disappear,disappear,OK,,,N/A,bottom-right,bottom-right|center,WRONG,area,area,OK,,,N/A,no building has appeared in the area and a residential has disappeared in the bottom right in the parking area .,no building has appeared in the area and several sparse buildings have disappeared in the bottom right to right center in the parking area
96_06_02_cap,0,0,1,disappear,none,WRONG,,,N/A,bottom-left|center,-,WRONG,land,-,WRONG,,,N/A,no building has appeared in the area and several closely located residential have disappeared in the bottom left to left center on bare land .,no building has appeared in the area and no building has disappeared in the area
96_06_03_cap,1,1,1,none,none,OK,,,N/A,,,N/A,,,N/A,,,N/A,no building has appeared in the area and no building has disappeared in the area .,no building has appeared in the area and no building has disappeared in the area
96_06_04_cap,1,1,1,none,none,OK,,,N/A,,,N/A,,,N/A,,,N/A,no building has appeared in the area and no building has disappeared in the area .,no building has appeared in the area and no building has disappeared in the area
96_06_05_cap,1,1,1,none,none,OK,,,N/A,,,N/A,,,N/A,,,N/A,no building has appeared in the area and no building has disappeared in the area .,no building has appeared in the area and no building has disappeared in the area
96_06_06_cap,1,1,1,none,none,OK,,,N/A,,,N/A,,,N/A,,,N/A,no building has appeared in the area and no building has disappeared in the area .,no building has appeared in the area and no building has disappeared in the area
96_06_07_cap,1,1,1,none,none,OK,,,N/A,,,N/A,,,N/A,,,N/A,no building has appeared in the area and no building has disappeared in the area .,no building has appeared in the area and no building has disappeared in the area
96_07_00_cap,0,0,0,appear,appear,OK,,,N/A,center|top-right,top-right,WRONG,among|area,area,PART,,,N/A,a new residential has appeared in the top center among the trees and a residential has disappeared in the top right in the parking area .,a new residential has appeared in the top right in the parking area and no building has disappeared in the area
96_07_01_cap,1,1,1,none,none,OK,,,N/A,,,N/A,,,N/A,,,N/A,no building has appeared in the area and no building has disappeared in the area .,no building has appeared in the area and no building has disappeared in the area
96_07_02_cap,1,1,1,none,none,OK,,,N/A,,,N/A,,,N/A,,,N/A,no building has appeared in the area and no building has disappeared in the area .,no building has appeared in the area and no building has disappeared in the area
96_07_03_cap,1,1,1,none,none,OK,,,N/A,,,N/A,,,N/A,,,N/A,no building has appeared in the area and no building has disappeared in the area .,no building has appeared in the area and no building has disappeared in the area
96_07_04_cap,1,1,1,none,none,OK,,,N/A,,,N/A,,,N/A,,,N/A,no building has appeared in the area and no building has disappeared in the area .,no building has appeared in the area and no building has disappeared in the area
96_07_05_cap,1,1,1,none,none,OK,,,N/A,,,N/A,,,N/A,,,N/A,no building has appeared in the area and no building has disappeared in the area .,no building has appeared in the area and no building has disappeared in the area
96_07_06_cap,1,1,1,none,none,OK,,,N/A,,,N/A,,,N/A,,,N/A,no building has appeared in the area and no building has disappeared in the area .,no building has appeared in the area and no building has disappeared in the area
96_07_07_cap,1,1,1,none,none,OK,,,N/A,,,N/A,,,N/A,,,N/A,no building has appeared in the area and no building has disappeared in the area .,no building has appeared in the area and no building has disappeared in the area
99_00_00_cap,1,1,1,none,none,OK,,,N/A,,,N/A,,,N/A,,,N/A,no building has appeared in the area and no building has disappeared in the area .,no building has appeared in the area and no building has disappeared in the area
99_00_01_cap,1,1,1,none,none,OK,,,N/A,,,N/A,,,N/A,,,N/A,no building has appeared in the area and no building has disappeared in the area .,no building has appeared in the area and no building has disappeared in the area
99_00_02_cap,1,1,1,none,none,OK,,,N/A,,,N/A,,,N/A,,,N/A,no building has appeared in the area and no building has disappeared in the area .,no building has appeared in the area and no building has disappeared in the area
99_00_03_cap,1,1,1,none,none,OK,,,N/A,,,N/A,,,N/A,,,N/A,no building has appeared in the area and no building has disappeared in the area .,no building has appeared in the area and no building has disappeared in the area
99_00_04_cap,1,1,1,none,none,OK,,,N/A,,,N/A,,,N/A,,,N/A,no building has appeared in the area and no building has disappeared in the area .,no building has appeared in the area and no building has disappeared in the area
99_00_05_cap,1,1,1,none,none,OK,,,N/A,,,N/A,,,N/A,,,N/A,no building has appeared in the area and no building has disappeared in the area .,no building has appeared in the area and no building has disappeared in the area
99_00_06_cap,1,1,1,none,none,OK,,,N/A,,,N/A,,,N/A,,,N/A,no building has appeared in the area and no building has disappeared in the area .,no building has appeared in the area and no building has disappeared in the area
99_00_07_cap,1,1,1,none,none,OK,,,N/A,,,N/A,,,N/A,,,N/A,no building has appeared in the area and no building has disappeared in the area .,no building has appeared in the area and no building has disappeared in the area
99_01_00_cap,1,1,1,none,none,OK,,,N/A,,,N/A,,,N/A,,,N/A,no building has appeared in the area and no building has disappeared in the area .,no building has appeared in the area and no building has disappeared in the area
99_01_01_cap,1,1,1,none,none,OK,,,N/A,,,N/A,,,N/A,,,N/A,no building has appeared in the area and no building has disappeared in the area .,no building has appeared in the area and no building has disappeared in the area
99_01_02_cap,1,1,1,none,none,OK,,,N/A,,,N/A,,,N/A,,,N/A,no building has appeared in the area and no building has disappeared in the area .,no building has appeared in the area and no building has disappeared in the area
99_01_03_cap,1,1,1,none,none,OK,,,N/A,,,N/A,,,N/A,,,N/A,no building has appeared in the area and no building has disappeared in the area .,no building has appeared in the area and no building has disappeared in the area
99_01_04_cap,1,1,1,none,none,OK,,,N/A,,,N/A,,,N/A,,,N/A,no building has appeared in the area and no building has disappeared in the area .,no building has appeared in the area and no building has disappeared in the area
99_01_05_cap,1,1,1,none,none,OK,,,N/A,,,N/A,,,N/A,,,N/A,no building has appeared in the area and no building has disappeared in the area .,no building has appeared in the area and no building has disappeared in the area
99_01_06_cap,1,1,1,none,none,OK,,,N/A,,,N/A,,,N/A,,,N/A,no building has appeared in the area and no building has disappeared in the area .,no building has appeared in the area and no building has disappeared in the area
99_01_07_cap,1,1,1,none,none,OK,,,N/A,,,N/A,,,N/A,,,N/A,no building has appeared in the area and no building has disappeared in the area .,no building has appeared in the area and no building has disappeared in the area
99_02_00_cap,0,0,0,disappear,disappear,OK,,,N/A,bottom|center|right,bottom-right,WRONG,land,land,OK,,,N/A,no building has appeared in the area and several closely located residential have disappeared in the bottom center to right center on bare land .,no building has appeared in the area and a residential has disappeared in the bottom right on bare land
99_02_01_cap,0,0,0,disappear,disappear,OK,,,N/A,center|left,bottom-left|center,WRONG,land,land,OK,,,N/A,no building has appeared in the area and a residential has disappeared in the left center on bare land .,no building has appeared in the area and several sparse residential have disappeared in the bottom left to bottom center on bare land
99_02_02_cap,1,1,1,none,none,OK,,,N/A,,,N/A,,,N/A,,,N/A,no building has appeared in the area and no building has disappeared in the area .,no building has appeared in the area and no building has disappeared in the area
99_02_03_cap,1,1,1,none,none,OK,,,N/A,,,N/A,,,N/A,,,N/A,no building has appeared in the area and no building has disappeared in the area .,no building has appeared in the area and no building has disappeared in the area
99_02_04_cap,1,1,1,none,none,OK,,,N/A,,,N/A,,,N/A,,,N/A,no building has appeared in the area and no building has disappeared in the area .,no building has appeared in the area and no building has disappeared in the area
99_02_05_cap,1,1,1,none,none,OK,,,N/A,,,N/A,,,N/A,,,N/A,no building has appeared in the area and no building has disappeared in the area .,no building has appeared in the area and no building has disappeared in the area
99_02_06_cap,1,1,1,none,none,OK,,,N/A,,,N/A,,,N/A,,,N/A,no building has appeared in the area and no building has disappeared in the area .,no building has appeared in the area and no building has disappeared in the area
99_02_07_cap,1,1,1,none,none,OK,,,N/A,,,N/A,,,N/A,,,N/A,no building has appeared in the area and no building has disappeared in the area .,no building has appeared in the area and no building has disappeared in the area
99_03_00_cap,0,0,1,disappear,none,WRONG,,,N/A,top-right,-,WRONG,land,-,WRONG,,,N/A,no building has appeared in the area and several closely located residential have disappeared in the top right on bare land .,no building has appeared in the area and no building has disappeared in the area
99_03_01_cap,1,0,0,disappear,disappear,OK,,,N/A,top-left,top-left,OK,land,land,OK,,,N/A,no building has appeared in the area and a residential has disappeared in the top left on bare land .,no building has appeared in the area and several sparse residential have disappeared in the top left on bare land
99_03_02_cap,0,0,1,disappear,none,WRONG,,,N/A,center|right,-,WRONG,among,-,WRONG,dense,-,WRONG,no building has appeared in the area and several dense residential have disappeared in the right center among the trees .,no building has appeared in the area and no building has disappeared in the area
99_03_03_cap,0,0,0,disappear,disappear,OK,,,N/A,center|left,bottom-left|center,WRONG,land,land,OK,dense,sparse,WRONG,no building has appeared in the area and several dense residential have disappeared in the left center on bare land .,no building has appeared in the area and several sparse residential have disappeared in the bottom left to left center on bare land
99_03_04_cap,0,0,0,disappear,disappear,OK,,,N/A,bottom-left,bottom-left,OK,among,land,WRONG,,,N/A,no building has appeared in the area and a residential has disappeared in the bottom left among the trees .,no building has appeared in the area and a residential has disappeared in the bottom left on bare land
99_03_05_cap,1,1,1,none,none,OK,,,N/A,,,N/A,,,N/A,,,N/A,no building has appeared in the area and no building has disappeared in the area .,no building has appeared in the area and no building has disappeared in the area
99_03_06_cap,1,1,1,none,none,OK,,,N/A,,,N/A,,,N/A,,,N/A,no building has appeared in the area and no building has disappeared in the area .,no building has appeared in the area and no building has disappeared in the area
99_03_07_cap,0,1,0,none,appear,WRONG,,,N/A,,,N/A,,,N/A,,,N/A,no building has appeared in the area and no building has disappeared in the area .,a new residential has appeared in the bottom center on bare land and no building has disappeared in the area
99_04_00_cap,1,1,1,none,none,OK,,,N/A,,,N/A,,,N/A,,,N/A,no building has appeared in the area and no building has disappeared in the area .,no building has appeared in the area and no building has disappeared in the area
99_04_01_cap,1,1,1,none,none,OK,,,N/A,,,N/A,,,N/A,,,N/A,no building has appeared in the area and no building has disappeared in the area .,no building has appeared in the area and no building has disappeared in the area
99_04_02_cap,1,1,1,none,none,OK,,,N/A,,,N/A,,,N/A,,,N/A,no building has appeared in the area and no building has disappeared in the area .,no building has appeared in the area and no building has disappeared in the area
99_04_03_cap,0,0,0,disappear,disappear,OK,,,N/A,,,N/A,land,land,OK,dense,sparse,WRONG,no building has appeared in the area and several dense residential have disappeared in different areas on bare land .,no building has appeared in the area and several sparse residential have disappeared in the top right on bare land
99_04_04_cap,0,0,0,disappear,disappear,OK,,,N/A,center|top-left,-,WRONG,tree,land,WRONG,sparse,sparse,OK,no building has appeared in the area and several sparse residential have disappeared in the top left to center among the trees .,no building has appeared in the area and several sparse residential have disappeared in different areas on bare land
99_04_05_cap,1,1,1,none,none,OK,,,N/A,,,N/A,,,N/A,,,N/A,no building has appeared in the area and no building has disappeared in the area .,no building has appeared in the area and no building has disappeared in the area
99_04_06_cap,1,1,1,none,none,OK,,,N/A,,,N/A,,,N/A,,,N/A,no building has appeared in the area and no building has disappeared in the area .,no building has appeared in the area and no building has disappeared in the area
99_04_07_cap,1,1,1,none,none,OK,,,N/A,,,N/A,,,N/A,,,N/A,no building has appeared in the area and no building has disappeared in the area .,no building has appeared in the area and no building has disappeared in the area
99_05_00_cap,1,1,1,none,none,OK,,,N/A,,,N/A,,,N/A,,,N/A,no building has appeared in the area and no building has disappeared in the area .,no building has appeared in the area and no building has disappeared in the area
99_05_01_cap,1,1,1,none,none,OK,,,N/A,,,N/A,,,N/A,,,N/A,no building has appeared in the area and no building has disappeared in the area .,no building has appeared in the area and no building has disappeared in the area
99_05_02_cap,1,1,1,none,none,OK,,,N/A,,,N/A,,,N/A,,,N/A,no building has appeared in the area and no building has disappeared in the area .,no building has appeared in the area and no building has disappeared in the area
99_05_03_cap,1,1,1,none,none,OK,,,N/A,,,N/A,,,N/A,,,N/A,no building has appeared in the area and no building has disappeared in the area .,no building has appeared in the area and no building has disappeared in the area
99_05_04_cap,1,1,1,none,none,OK,,,N/A,,,N/A,,,N/A,,,N/A,no building has appeared in the area and no building has disappeared in the area .,no building has appeared in the area and no building has disappeared in the area
99_05_05_cap,1,1,1,none,none,OK,,,N/A,,,N/A,,,N/A,,,N/A,no building has appeared in the area and no building has disappeared in the area .,no building has appeared in the area and no building has disappeared in the area
99_05_06_cap,0,0,1,disappear,none,WRONG,,,N/A,bottom-left,-,WRONG,among,-,WRONG,,,N/A,no building has appeared in the area and a residential has disappeared in the bottom left among the trees .,no building has appeared in the area and no building has disappeared in the area
99_05_07_cap,1,1,1,none,none,OK,,,N/A,,,N/A,,,N/A,,,N/A,no building has appeared in the area and no building has disappeared in the area .,no building has appeared in the area and no building has disappeared in the area
99_06_00_cap,1,1,1,none,none,OK,,,N/A,,,N/A,,,N/A,,,N/A,no building has appeared in the area and no building has disappeared in the area .,no building has appeared in the area and no building has disappeared in the area
99_06_01_cap,1,1,1,none,none,OK,,,N/A,,,N/A,,,N/A,,,N/A,no building has appeared in the area and no building has disappeared in the area .,no building has appeared in the area and no building has disappeared in the area
99_06_02_cap,1,1,1,none,none,OK,,,N/A,,,N/A,,,N/A,,,N/A,no building has appeared in the area and no building has disappeared in the area .,no building has appeared in the area and no building has disappeared in the area
99_06_03_cap,1,1,1,none,none,OK,,,N/A,,,N/A,,,N/A,,,N/A,no building has appeared in the area and no building has disappeared in the area .,no building has appeared in the area and no building has disappeared in the area
99_06_04_cap,1,1,1,none,none,OK,,,N/A,,,N/A,,,N/A,,,N/A,no building has appeared in the area and no building has disappeared in the area .,no building has appeared in the area and no building has disappeared in the area
99_06_05_cap,1,1,1,none,none,OK,,,N/A,,,N/A,,,N/A,,,N/A,no building has appeared in the area and no building has disappeared in the area .,no building has appeared in the area and no building has disappeared in the area
99_06_06_cap,1,1,1,none,none,OK,,,N/A,,,N/A,,,N/A,,,N/A,no building has appeared in the area and no building has disappeared in the area .,no building has appeared in the area and no building has disappeared in the area
99_06_07_cap,1,1,1,none,none,OK,,,N/A,,,N/A,,,N/A,,,N/A,no building has appeared in the area and no building has disappeared in the area .,no building has appeared in the area and no building has disappeared in the area
99_07_00_cap,1,1,1,none,none,OK,,,N/A,,,N/A,,,N/A,,,N/A,no building has appeared in the area and no building has disappeared in the area .,no building has appeared in the area and no building has disappeared in the area
99_07_01_cap,1,1,1,none,none,OK,,,N/A,,,N/A,,,N/A,,,N/A,no building has appeared in the area and no building has disappeared in the area .,no building has appeared in the area and no building has disappeared in the area
99_07_02_cap,1,1,1,none,none,OK,,,N/A,,,N/A,,,N/A,,,N/A,no building has appeared in the area and no building has disappeared in the area .,no building has appeared in the area and no building has disappeared in the area
99_07_03_cap,1,1,1,none,none,OK,,,N/A,,,N/A,,,N/A,,,N/A,no building has appeared in the area and no building has disappeared in the area .,no building has appeared in the area and no building has disappeared in the area
99_07_04_cap,1,1,1,none,none,OK,,,N/A,,,N/A,,,N/A,,,N/A,no building has appeared in the area and no building has disappeared in the area .,no building has appeared in the area and no building has disappeared in the area
99_07_05_cap,1,1,1,none,none,OK,,,N/A,,,N/A,,,N/A,,,N/A,no building has appeared in the area and no building has disappeared in the area .,no building has appeared in the area and no building has disappeared in the area
99_07_06_cap,1,1,1,none,none,OK,,,N/A,,,N/A,,,N/A,,,N/A,no building has appeared in the area and no building has disappeared in the area .,no building has appeared in the area and no building has disappeared in the area
99_07_07_cap,1,1,1,none,none,OK,,,N/A,,,N/A,,,N/A,,,N/A,no building has appeared in the area and no building has disappeared in the area .,no building has appeared in the area and no building has disappeared in the area
