id,all_ok,gt_nochange,pred_nochange,gt_Type,pred_Type,flag_Type,gt_Amount,pred_Amount,flag_Amount,gt_Position,pred_Position,flag_Position,gt_Background,pred_Background,flag_Background,gt_Density,pred_Density,flag_Density,gt_text,pred_text
000002_cap,1,0,0,appear,appear,OK,,,N/A,bottom-left,bottom-left,OK,area,area,OK,dense,dense,OK,several dense new residential have appeared in different areas in the parking area and a residential has disappeared in the bottom left in the parking area .,several dense new residential have appeared in different areas in the parking area and a residential has disappeared in the bottom left in the parking area
000003_cap,1,0,0,appear,appear,OK,,,N/A,,,N/A,area,area,OK,dense,dense,OK,several dense new residential have appeared in different areas in the parking area and no building has disappeared in the area .,several dense new residential have appeared in different areas in the parking area and no building has disappeared in the area
000007_cap,1,0,0,appear,appear,OK,,,N/A,center,center,OK,area,area,OK,dense,dense,OK,several dense new residential have appeared in different areas in the parking area and a residential has disappeared in the center in the parking area .,several dense new residential have appeared in different areas in the parking area and a residential has disappeared in the center in the parking area
000009_cap,1,0,0,appear,appear,OK,,,N/A,,,N/A,area,area,OK,dense,dense,OK,several dense new residential have appeared in different areas in the parking area and no building has disappeared in the area .,several dense new residential have appeared in different areas in the parking area and no building has disappeared in the area
000014_cap,0,0,0,appear,appear,OK,,,N/A,bottom-right,bottom-right,OK,among|area,area,PART,dense,dense,OK,several dense new residential have appeared in different areas in the parking area and a residential has disappeared in the bottom right among the trees .,several dense new residential have appeared in different areas in the parking area and a residential has disappeared in the bottom right in the parking area
000015_cap,1,0,0,appear,appear,OK,,,N/A,bottom|center|top-right,bottom|center|top-right,OK,area,area,OK,dense,dense,OK,several dense new residential have appeared in different areas in the parking area and several sparse residential have disappeared in the top right to bottom center in the parking area .,several dense new residential have appeared in different areas in the parking area and several sparse residential have disappeared in the top right to bottom center in the parking area
000023_cap,1,0,0,appear,appear,OK,,,N/A,top-left,top-left,OK,area,area,OK,dense,dense,OK,several dense new residential have appeared in different areas in the parking area and a residential has disappeared in the top left in the parking area .,several dense new residential have appeared in different areas in the parking area and a residential has disappeared in the top left in the parking area
000027_cap,0,0,0,appear,appear,OK,,,N/A,top-left|top-right,top-left|top-right,OK,area|tree,area,PART,sparse,sparse,OK,several sparse new residential have appeared in the top left to top right among the trees and no building has disappeared in the area .,several sparse new residential have appeared in the top left to top right in the parking area and no building has disappeared in the area
000030_cap,1,0,0,appear,appear,OK,,,N/A,top-right,top-right,OK,area,area,OK,,,N/A,a new residential has appeared in the top right in the parking area and no building has disappeared in the area .,a new residential has appeared in the top right in the parking area and no building has disappeared in the area
000033_cap,1,0,0,appear,appear,OK,,,N/A,center|left,center|left,OK,area,area,OK,,,N/A,a new residential has appeared in the left center in the parking area and no building has disappeared in the area .,a new building has appeared in the left center in the parking area and no building has disappeared in the area
000039_cap,0,0,0,appear,appear,OK,,,N/A,bottom-right,-,WRONG,area,area,OK,dense,sparse,WRONG,several dense new residential have appeared in the bottom right in the parking area and no building has disappeared in the area .,several sparse new residential have appeared in different areas in the parking area and no building has disappeared in the area
000040_cap,0,0,0,appear,appear,OK,,,N/A,bottom-right,bottom-left|bottom-right,WRONG,area,area,OK,dense,sparse,WRONG,several dense new residential have appeared in different areas in the parking area and a residential has disappeared in the bottom right in the parking area .,several sparse new residential have appeared in the bottom left to bottom right in the parking area and a residential has disappeared in the bottom right in the parking area
000048_cap,0,0,0,appear,appear,OK,several,-,WRONG,bottom-right|top-right,bottom-left|bottom-right,WRONG,area,area,OK,dense,dense,OK,several dense new buildings have appeared in different areas in the parking area and several sparse residential have disappeared in the top right to bottom right in the parking area .,several dense new residential have appeared in different areas in the parking area and several sparse residential have disappeared in the bottom left to bottom right in the parking area
000061_cap,0,0,0,appear,appear,OK,,,N/A,bottom-left|center,center|left,WRONG,among|tree,area,WRONG,dense,dense,OK,several dense new residential have appeared in different areas among the trees and several closely located residential have disappeared in the bottom left to left center among the trees .,several dense new residential have appeared in different areas in the parking area and a residential has disappeared in the left center in the parking area
000080_cap,0,0,0,appear,appear,OK,,,N/A,top-left,bottom-right|top-left,WRONG,area,area|tree,PART,dense,dense,OK,several dense new residential have appeared in different areas in the parking area and a residential has disappeared in the top left in the parking area .,several dense new residential have appeared in different areas in the parking area and a residential has disappeared in the top left to bottom right among the trees
000087_cap,1,0,0,appear,appear,OK,,,N/A,bottom-right|top-left,bottom-right|top-left,OK,area,area,OK,,,N/A,a new residential has appeared in the top left in the parking area and a residential has disappeared in the bottom right in the parking area .,a new residential has appeared in the top left in the parking area and a residential has disappeared in the bottom right in the parking area
000097_cap,0,0,0,appear,appear,OK,,,N/A,center|left,center|top-left,WRONG,area,area,OK,dense,dense,OK,several dense new residential have appeared in different areas in the parking area and a residential has disappeared in the left center in the parking area .,several dense new residential have appeared in the top left in the parking area and a residential has disappeared in the center in the parking area
000101_cap,1,0,0,appear,appear,OK,,,N/A,bottom|center|top-right,bottom|center|top-right,OK,area,area,OK,dense,dense,OK,several dense new residential have appeared in different areas in the parking area and several sparse residential have disappeared in the top right to bottom center in the parking area .,several dense new residential have appeared in different areas in the parking area and several sparse residential have disappeared in the top right to bottom center in the parking area
000102_cap,0,0,0,appear,appear,OK,several,-,WRONG,center|top,bottom-left|center|top-right,WRONG,among|area,area|tree,PART,sparse,sparse,OK,several sparse new buildings have appeared in the top center to center in the parking area and several dense residential have disappeared in different areas among the trees .,a new residential has appeared in the center in the parking area and several sparse residential have disappeared in the top right to bottom left among the trees
000103_cap,1,0,0,appear,appear,OK,,,N/A,top-left,top-left,OK,among|area,among|area,OK,dense,dense,OK,several dense new residential have appeared in different areas in the parking area and several closely located residential have disappeared in the top left among the trees .,several dense new residential have appeared in different areas in the parking area and a residential has disappeared in the top left among the trees
000109_cap,1,0,0,appear,appear,OK,,,N/A,,,N/A,area,area,OK,dense,dense,OK,several dense new residential have appeared in different areas in the parking area and no building has disappeared in the area .,several dense new residential have appeared in different areas in the parking area and no building has disappeared in the area
000114_cap,1,0,0,appear,appear,OK,,,N/A,bottom-left|center|top,bottom-left|center|top,OK,area,area,OK,sparse,sparse,OK,a new residential has appeared in the left center in the parking area and several sparse residential have disappeared in the top center to bottom left in the parking area .,a new residential has appeared in the left center in the parking area and several sparse residential have disappeared in the top center to bottom left in the parking area
000123_cap,0,0,0,appear,appear,OK,,,N/A,center|top-right,center|right,WRONG,area,area,OK,dense,dense,OK,several dense new residential have appeared in the top right in the parking area and a residential has disappeared in the right center in the parking area .,several dense new residential have appeared in different areas in the parking area and a residential has disappeared in the right center in the parking area
000129_cap,0,0,0,disappear,appear,WRONG,,,N/A,center|right,bottom-left|bottom-right,WRONG,among,among|area,PART,,,N/A,no building has appeared in the area and a residential has disappeared in the right center among the trees .,a new residential has appeared in the bottom left among the trees and a residential has disappeared in the bottom right in the parking area
000131_cap,1,0,0,appear,appear,OK,,,N/A,center|left|right,center|left|right,OK,among|area,among|area,OK,,,N/A,a new residential has appeared in the right center in the parking area and a residential has disappeared in the left center among the trees .,a new residential has appeared in the right center in the parking area and a residential has disappeared in the left center among the trees
000132_cap,0,0,0,appear,appear,OK,,,N/A,center|left,bottom-left|center,WRONG,area,area,OK,,,N/A,a new residential has appeared in the left center in the parking area and no building has disappeared in the area .,several sparse new residential have appeared in the bottom left to left center in the parking area and no building has disappeared in the area
000148_cap,0,0,0,appear,appear,OK,,,N/A,bottom-left|center|top-right,bottom-left|center|top-right,OK,area,area|tree,PART,,,N/A,a new residential has appeared in the bottom left in the parking area and several closely located residential have disappeared in the top center to top right in the parking area .,several sparse new residential have appeared in the bottom left to bottom left in the parking area and several sparse residential have disappeared in the top center to top right among the trees
000157_cap,0,0,0,appear,appear,OK,,,N/A,bottom-right|top-right,bottom-right,WRONG,area,area,OK,sparse,-,WRONG,several sparse new residential have appeared in the top right to bottom right in the parking area and no building has disappeared in the area .,a new residential has appeared in the bottom right in the parking area and no building has disappeared in the area
000159_cap,1,0,0,appear,appear,OK,,,N/A,bottom-right,bottom-right,OK,area,area,OK,dense,dense,OK,several dense new residential have appeared in different areas in the parking area and a residential has disappeared in the bottom right in the parking area .,several dense new residential have appeared in different areas in the parking area and a residential has disappeared in the bottom right in the parking area
000163_cap,1,0,0,appear,appear,OK,,,N/A,bottom-right|center|top-right,bottom-right|center|top-right,OK,among|area,among|area,OK,,,N/A,several closely located new residential have appeared in the top center to top right in the parking area and a residential has disappeared in the bottom right among the trees .,several closely located new residential have appeared in the top center to top right in the parking area and no building has disappeared in the bottom right among the trees
000164_cap,0,0,0,appear,appear,OK,,,N/A,bottom|center,-,WRONG,among|area,area,PART,dense,dense,OK,several dense new residential have appeared in different areas in the parking area and a residential has disappeared in the bottom center among the trees .,several dense new residential have appeared in different areas in the parking area and no building has disappeared in the area
000172_cap,1,0,0,appear,appear,OK,,,N/A,center|top-right,center|top-right,OK,area,area,OK,,,N/A,a new residential has appeared in the top right in the parking area and a residential has disappeared in the top center in the parking area .,several sparse new residential have appeared in the top right to top right in the parking area and a residential has disappeared in the top center in the parking area
000178_cap,0,0,0,appear,appear,OK,,,N/A,,,N/A,area,area,OK,dense,sparse,WRONG,several dense new residential have appeared in different areas in the parking area and no building has disappeared in the area .,several sparse new residential have appeared in different areas in the parking area and no building has disappeared in the area
000181_cap,0,0,0,appear,appear,OK,,,N/A,,,N/A,among|area,area,PART,dense,dense,OK,several dense new residential have appeared in different areas among the trees and no building has disappeared in the area .,several dense new residential have appeared in different areas in the parking area and no building has disappeared in the area
000182_cap,0,0,0,appear,appear,OK,,,N/A,center|left|right,-,WRONG,area,area,OK,sparse,dense,WRONG,several sparse new residential have appeared in the right center to left center in the parking area and no building has disappeared in the area .,several dense new residential have appeared in different areas in the parking area and no building has disappeared in the area
000188_cap,1,0,0,appear,appear,OK,,,N/A,top-left,top-left,OK,area,area,OK,,,N/A,a new residential has appeared in the top left in the parking area and no building has disappeared in the area .,a new residential has appeared in the top left in the parking area and no building has disappeared in the area
000190_cap,0,0,0,appear,appear,OK,,,N/A,bottom-left|center|top-left,bottom|center|top,WRONG,area,area,OK,sparse,sparse,OK,several sparse new residential have appeared in the top left to bottom left in the parking area and several sparse residential have disappeared in the top center to bottom center in the parking area .,several sparse new residential have appeared in different areas in the parking area and several sparse residential have disappeared in the top center to bottom center in the parking area
000193_cap,0,0,0,appear,appear,OK,,,N/A,bottom-right|center|top-right,bottom-right|center|top-right,OK,area,among|area,PART,sparse,sparse,OK,several sparse new residential have appeared in the top right to center in the parking area and a residential has disappeared in the bottom right in the parking area .,several sparse new residential have appeared in the top right to center in the parking area and a residential has disappeared in the bottom right among the trees
000206_cap,1,0,0,disappear,disappear,OK,,,N/A,bottom-left|bottom-right,bottom-left|bottom-right,OK,area,area,OK,sparse,sparse,OK,no building has appeared in the area and several sparse residential have disappeared in the bottom left to bottom right in the parking area .,no building has appeared in the area and several sparse residential have disappeared in the bottom left to bottom right in the parking area
000208_cap,0,0,0,appear,appear,OK,,,N/A,bottom-left|bottom-right|top-right,bottom-left|center|right,WRONG,area|tree,among|area,PART,sparse,-,WRONG,several sparse new residential have appeared in the top right to bottom right among the trees and a residential has disappeared in the bottom left in the parking area .,a new residential has appeared in the right center in the parking area and a residential has disappeared in the bottom left among the trees
000209_cap,0,0,0,appear,appear,OK,,,N/A,center,center,OK,among|area,area,PART,,,N/A,a new residential has appeared in the center among the trees and no building has disappeared in the area .,a new residential has appeared in the center in the parking area and no building has disappeared in the area
000222_cap,1,0,0,appear,appear,OK,,,N/A,bottom|center|top,bottom|center|top,OK,area,area,OK,sparse,sparse,OK,several sparse new residential have appeared in the top center to bottom center in the parking area and no building has disappeared in the area .,several sparse new residential have appeared in the top center to bottom center in the parking area and no building has disappeared in the area
000230_cap,0,0,0,appear,appear,OK,,,N/A,bottom-left,bottom-left,OK,among|area,area,PART,,,N/A,a new residential has appeared in the bottom left among the trees and no building has disappeared in the area .,a new residential has appeared in the bottom left in the parking area and no building has disappeared in the area
000233_cap,1,0,0,appear,appear,OK,,,N/A,bottom-right|center|left,bottom-right|center|left,OK,area,area,OK,sparse,sparse,OK,a new residential has appeared in the bottom right in the parking area and several sparse residential have disappeared in the bottom center to left center in the parking area .,a new residential has appeared in the bottom right in the parking area and several sparse residential have disappeared in the bottom center to left center in the parking area
000235_cap,0,0,0,appear,appear,OK,,,N/A,center|right,center|right,OK,among,among|area,PART,dense,dense,OK,several dense new residential have appeared in different areas among the trees and a residential has disappeared in the right center among the trees .,several dense new residential have appeared in different areas in the parking area and a residential has disappeared in the right center among the trees
000238_cap,1,0,0,appear,appear,OK,,,N/A,bottom-right|top-right,bottom-right|top-right,OK,area,area,OK,,,N/A,a new residential has appeared in the top right in the parking area and a residential has disappeared in the bottom right in the parking area .,a new residential has appeared in the top right in the parking area and a residential has disappeared in the bottom right in the parking area
000240_cap,0,0,1,disappear,none,WRONG,,,N/A,bottom-left,-,WRONG,among,-,WRONG,,,N/A,no building has appeared in the area and several closely located residential have disappeared in the bottom left among the trees .,no building has appeared in the area and no building has disappeared in the area and no building has disappeared in the area
000241_cap,1,0,0,appear,appear,OK,,,N/A,top-right,top-right,OK,area,area,OK,,,N/A,a new residential has appeared in the top right in the parking area and no building has disappeared in the area .,a new residential has appeared in the top right in the parking area and no building has disappeared in the area
000242_cap,1,0,0,appear,appear,OK,,,N/A,center|top,center|top,OK,area,area,OK,,,N/A,a new residential has appeared in the top center in the parking area and no building has disappeared in the area .,a new residential has appeared in the top center in the parking area and no building has disappeared in the area
000249_cap,0,0,0,appear,appear,OK,,,N/A,bottom-right|center|top-left,bottom-right|center|top-left,OK,area,area|tree,PART,sparse,sparse,OK,a new residential has appeared in the bottom right in the parking area and several sparse residential have disappeared in the top left to center in the parking area .,a new residential has appeared in the bottom right in the parking area and several sparse residential have disappeared in the top left to center among the trees
000250_cap,1,0,0,appear,appear,OK,,,N/A,bottom|center|left|top-right,bottom|center|left|top-right,OK,area,area,OK,sparse,sparse,OK,several sparse new residential have appeared in the top right to bottom center in the parking area and several sparse residential have disappeared in the bottom center to left center in the parking area .,several sparse new residential have appeared in the top right to bottom center in the parking area and several sparse residential have disappeared in the bottom center to left center in the parking area
000261_cap,1,0,0,appear,appear,OK,,,N/A,center|right,center|right,OK,area,area,OK,sparse,sparse,OK,a new residential has appeared in the right center in the parking area and several sparse residential have disappeared in different areas in the parking area .,a new residential has appeared in the right center in the parking area and several sparse residential have disappeared in the center to center in the parking area
000263_cap,1,0,0,appear,appear,OK,,,N/A,,,N/A,area,area,OK,sparse,sparse,OK,several sparse new residential have appeared in different areas in the parking area and no building has disappeared in the area .,several sparse new residential have appeared in different areas in the parking area and no building has disappeared in the area
000272_cap,0,0,0,appear,appear,OK,,,N/A,bottom-left|center|right,bottom-left|center|right,OK,area,area,OK,sparse,dense,WRONG,several sparse new residential have appeared in the bottom left to left center in the parking area and several sparse residential have disappeared in the bottom left to right center in the parking area .,several dense new residential have appeared in different areas in the parking area and several sparse residential have disappeared in the bottom left to right center in the parking area
000277_cap,0,0,0,appear,appear,OK,,,N/A,bottom-left|top-right,center|left|right,WRONG,area,area,OK,dense,sparse,WRONG,several dense new residential have appeared in different areas in the parking area and several sparse residential have disappeared in the top right to bottom left in the parking area .,several sparse new residential have appeared in the right center to left center in the parking area and several sparse residential have disappeared in different areas in the parking area
000279_cap,0,0,0,appear,appear,OK,,,N/A,bottom-left|top-left,center|top-left,WRONG,area|tree,area,PART,sparse,sparse,OK,several sparse new residential have appeared in the top left to bottom left among the trees and a residential has disappeared in the top left in the parking area .,several sparse new residential have appeared in the top left to left center in the parking area and a residential has disappeared in the top left in the parking area
000281_cap,1,0,0,disappear,disappear,OK,,,N/A,center,center,OK,area,area,OK,,,N/A,no building has appeared in the area and a residential has disappeared in the center in the parking area .,no building has appeared in the area and a residential has disappeared in the center in the parking area
000282_cap,0,0,0,appear,appear,OK,,,N/A,bottom-right|center|top-left,bottom-right,WRONG,area,area,OK,,,N/A,a new residential has appeared in the bottom right in the parking area and several closely located residential have disappeared in the top left to left center in the parking area .,a new residential has appeared in the bottom right in the parking area and no building has disappeared in the area
000284_cap,1,0,0,appear,appear,OK,,,N/A,bottom-left|bottom-right,bottom-left|bottom-right,OK,area,area,OK,,,N/A,a new residential has appeared in the bottom left in the parking area and a residential has disappeared in the bottom right in the parking area .,several sparse new residential have appeared in the bottom left to bottom left in the parking area and a residential has disappeared in the bottom right in the parking area
000285_cap,0,0,0,disappear,appear,WRONG,,,N/A,bottom-left|bottom-right,bottom-left|bottom-right|center,WRONG,tree,area|tree,PART,sparse,sparse,OK,no building has appeared in the area and several sparse residential have disappeared in the bottom left to bottom right among the trees .,a new residential has appeared in the left center in the parking area and several sparse residential have disappeared in the bottom left to bottom right among the trees
000287_cap,0,0,0,appear,appear,OK,,,N/A,bottom-right|center|top,center|right|top,WRONG,area,area,OK,sparse,dense,WRONG,several sparse new residential have appeared in the top center to bottom right in the parking area and no building has disappeared in the area .,several dense new residential have appeared in the top center to right center in the parking area and no building has disappeared in the area
000291_cap,0,0,0,appear,appear,OK,,,N/A,bottom|center|right,bottom-right|center|top-right,WRONG,among|area,area|tree,PART,sparse,sparse,OK,several sparse new residential have appeared in the bottom center to right center in the parking area and several sparse residential have disappeared in different areas among the trees .,several sparse new residential have appeared in the bottom center to right center in the parking area and several sparse residential have disappeared in the top right to bottom right among the trees
000293_cap,1,0,0,appear,appear,OK,,,N/A,bottom-left|center,bottom-left|center,OK,area,area,OK,sparse,sparse,OK,several sparse new residential have appeared in the bottom center to left center in the parking area and a residential has disappeared in the bottom left in the parking area .,several sparse new residential have appeared in the bottom center to left center in the parking area and a residential has disappeared in the bottom left in the parking area
000298_cap,0,0,0,appear,appear,OK,,,N/A,bottom|center|top,center|top,WRONG,among|area,among|area,OK,,,N/A,a new residential has appeared in the bottom center in the parking area and a residential has disappeared in the top center among the trees .,a new residential has appeared in the center in the parking area and a residential has disappeared in the top center among the trees
000299_cap,0,0,0,appear,appear,OK,,,N/A,bottom-left|top-left,bottom-left|bottom-right|top-left,WRONG,area,area,OK,,,N/A,a new residential has appeared in the bottom left in the parking area and a residential has disappeared in the top left in the parking area .,a new residential has appeared in the bottom left in the parking area and several sparse residential have disappeared in the top left to bottom right in the parking area
000301_cap,1,1,1,none,none,OK,,,N/A,,,N/A,,,N/A,,,N/A,no building has appeared in the area and no building has disappeared in the area .,no building has appeared in the area and no building has disappeared in the area
000309_cap,0,0,0,disappear,disappear,OK,several,-,WRONG,bottom|center|right,bottom|center|right,OK,area,area,OK,sparse,-,WRONG,no building has appeared in the area and several sparse buildings have disappeared in the bottom center to right center in the parking area .,no building has appeared in the area and several closely located residential have disappeared in the bottom center to right center in the parking area
000318_cap,0,0,0,appear,appear,OK,,,N/A,center|top-left,top-left,WRONG,among|area,area,PART,sparse,sparse,OK,several sparse new residential have appeared in different areas among the trees and several closely located residential have disappeared in the top left to top center in the parking area .,several sparse new residential have appeared in different areas in the parking area and a residential has disappeared in the top left in the parking area
000323_cap,1,0,0,disappear,disappear,OK,,,N/A,center|top,center|top,OK,area,area,OK,,,N/A,no building has appeared in the area and a residential has disappeared in the top center in the parking area .,no building has appeared in the area and a residential has disappeared in the top center in the parking area
000327_cap,0,0,0,appear,appear,OK,,,N/A,bottom-right|center,bottom-right|center|left,WRONG,area,area,OK,sparse,sparse,OK,several sparse new residential have appeared in the bottom center to bottom right in the parking area and several dense residential have disappeared in different areas in the parking area .,several sparse new residential have appeared in the bottom center to bottom right in the parking area and several dense residential have disappeared in the bottom right to left center in the parking area
000329_cap,0,0,0,appear,appear,OK,,,N/A,center|left,center|left,OK,among|area,area,PART,dense,dense,OK,several dense new residential have appeared in different areas in the parking area and a residential has disappeared in the left center among the trees .,several dense new residential have appeared in different areas in the parking area and a residential has disappeared in the left center in the parking area
000336_cap,1,0,0,appear,appear,OK,,,N/A,,,N/A,area,area,OK,dense,dense,OK,several dense new residential have appeared in different areas in the parking area and no building has disappeared in the area .,several dense new residential have appeared in different areas in the parking area and no building has disappeared in the area
000348_cap,0,0,0,appear,appear,OK,one,-,WRONG,bottom-left,bottom-left|center|right|top-left,WRONG,area,area,OK,dense,sparse,WRONG,several dense new residential have appeared in different areas in the parking area and a building has disappeared in the bottom left in the parking area .,several sparse new residential have appeared in the top left to right center in the parking area and a residential has disappeared in the bottom left in the parking area
000351_cap,1,0,0,appear,appear,OK,,,N/A,bottom|center|top-right,bottom|center|top-right,OK,area,area,OK,sparse,sparse,OK,a new residential has appeared in the bottom center in the parking area and several sparse residential have disappeared in the top center to top right in the parking area .,a new residential has appeared in the bottom center in the parking area and several sparse residential have disappeared in the top center to top right in the parking area
000357_cap,1,0,0,appear,appear,OK,,,N/A,bottom-left|bottom-right|top-right,bottom-left|bottom-right|top-right,OK,area,area,OK,sparse,sparse,OK,several sparse new residential have appeared in the bottom left to bottom right in the parking area and several sparse residential have disappeared in the top right to bottom left in the parking area .,several sparse new residential have appeared in the bottom left to bottom right in the parking area and several sparse residential have disappeared in the top right to bottom left in the parking area
000373_cap,0,0,0,appear,appear,OK,,,N/A,bottom-right,bottom-left|bottom-right|center|top,WRONG,along|area,area|tree,PART,dense,sparse,WRONG,a new residential has appeared in the bottom right in the parking area and several dense residential have disappeared in different areas along the roads .,several sparse new residential have appeared in the bottom right to bottom right in the parking area and several sparse residential have disappeared in the top center to bottom left among the trees
000379_cap,0,0,0,appear,appear,OK,,,N/A,,,N/A,among|area,area,PART,dense,dense,OK,several dense new residential have appeared in different areas in the parking area and several dense residential have disappeared in different areas among the trees .,several dense new residential have appeared in different areas in the parking area and several sparse residential have disappeared in the top left to bottom right in the parking area
000380_cap,1,0,0,appear,appear,OK,,,N/A,bottom|center,bottom|center,OK,among|area,among|area,OK,dense,dense,OK,several dense new residential have appeared in different areas in the parking area and a residential has disappeared in the bottom center among the trees .,several dense new residential have appeared in different areas in the parking area and a residential has disappeared in the bottom center among the trees
000383_cap,1,0,0,appear,appear,OK,,,N/A,bottom-left|top-left,bottom-left|top-left,OK,area,area,OK,sparse,sparse,OK,several sparse new residential have appeared in the top left to bottom left in the parking area and a residential has disappeared in the top left in the parking area .,several sparse new residential have appeared in the bottom left to bottom left in the parking area and a residential has disappeared in the top left in the parking area
000384_cap,0,0,0,appear,appear,OK,,,N/A,bottom-left|center,bottom-left,WRONG,area,among|area,PART,sparse,-,WRONG,several sparse new residential have appeared in the bottom left to bottom center in the parking area and no building has disappeared in the area .,a new residential has appeared in the bottom left among the trees and no building has disappeared in the area
000387_cap,0,0,0,appear,appear,OK,,,N/A,bottom-right|center,-,WRONG,area,area,OK,sparse,sparse,OK,several sparse new residential have appeared in the center to bottom right in the parking area and no building has disappeared in the area .,several sparse new residential have appeared in different areas in the parking area and no building has disappeared in the area
000397_cap,1,0,0,appear,appear,OK,,,N/A,,,N/A,area,area,OK,dense,dense,OK,several dense new residential have appeared in different areas in the parking area and no building has disappeared in the area .,several dense new residential have appeared in the bottom left to bottom right in the parking area and no building has disappeared in the area
000398_cap,0,0,0,appear,appear,OK,,,N/A,bottom-left|center|right,bottom-left|center|right,OK,among|area,area,PART,sparse,sparse,OK,several sparse new residential have appeared in the center to bottom left in the parking area and a residential has disappeared in the right center among the trees .,several sparse new residential have appeared in the center to bottom left in the parking area and a residential has disappeared in the right center in the parking area
000402_cap,0,0,0,appear,appear,OK,,,N/A,bottom|center|right,center|left|top-right,WRONG,area|tree,among|area,PART,sparse,sparse,OK,several sparse new residential have appeared in different areas in the parking area and several sparse residential have disappeared in the bottom center to right center among the trees .,several sparse new residential have appeared in the top right to left center in the parking area and a residential has disappeared in the center among the trees
000404_cap,1,0,0,appear,appear,OK,,,N/A,bottom-right|center|top-left|top-right,bottom-right|center|top-left|top-right,OK,area,area,OK,sparse,sparse,OK,several sparse new residential have appeared in the top left to bottom right in the parking area and several sparse residential have disappeared in the top right to left center in the parking area .,several sparse new residential have appeared in the top left to bottom right in the parking area and several sparse residential have disappeared in the top right to left center in the parking area
000410_cap,0,0,0,appear,appear,OK,,,N/A,bottom|center,bottom-left|center,WRONG,area,area,OK,,,N/A,a new residential has appeared in the bottom center in the parking area and no building has disappeared in the area .,several sparse new residential have appeared in the center to bottom left in the parking area and no building has disappeared in the area
000414_cap,0,0,0,appear,appear,OK,,,N/A,bottom-right|center|top-left,center,WRONG,area,area,OK,sparse,sparse,OK,several sparse new residential have appeared in the top left to bottom right in the parking area and a residential has disappeared in the center in the parking area .,several sparse new residential have appeared in different areas in the parking area and a residential has disappeared in the center in the parking area
000419_cap,0,0,0,appear,appear,OK,,,N/A,bottom-left|center|top-left,top-left,WRONG,among|area,among|area,OK,sparse,dense,WRONG,several sparse new residential have appeared in the center to bottom left in the parking area and a residential has disappeared in the top left among the trees .,several dense new residential have appeared in different areas in the parking area and a residential has disappeared in the top left among the trees
000420_cap,1,0,0,appear,appear,OK,,,N/A,center|left,center|left,OK,area,area,OK,,,N/A,a new residential has appeared in the left center in the parking area and no building has disappeared in the area .,a new residential has appeared in the left center in the parking area and no building has disappeared in the area
000422_cap,0,0,0,appear,appear,OK,,,N/A,center|top-left|top-right,center,WRONG,area,area,OK,sparse,dense,WRONG,several sparse new residential have appeared in the top left to top right in the parking area and a residential has disappeared in the center in the parking area .,several dense new residential have appeared in different areas in the parking area and a residential has disappeared in the center in the parking area
000425_cap,0,0,0,appear,appear,OK,,,N/A,center|left|right,-,WRONG,area,area,OK,sparse,sparse,OK,several sparse new residential have appeared in the left center to right center in the parking area and no building has disappeared in the area .,several sparse new buildings have appeared in different areas in the parking area and no building has disappeared in the area
000436_cap,0,0,0,appear,appear,OK,,,N/A,top-right,center|right,WRONG,area,area,OK,dense,dense,OK,several dense new residential have appeared in different areas in the parking area and a residential has disappeared in the top right in the parking area .,several dense new residential have appeared in different areas in the parking area and a residential has disappeared in the right center in the parking area
000437_cap,0,0,0,appear,appear,OK,,,N/A,bottom-left|top-left,bottom-left|center,WRONG,area,area,OK,dense,dense,OK,several dense new residential have appeared in the bottom left in the parking area and a residential has disappeared in the top left in the parking area .,several dense new residential have appeared in the bottom left to bottom center in the parking area and a residential has disappeared in the left center in the parking area
000439_cap,0,0,0,appear,appear,OK,,,N/A,bottom-left|bottom-right,bottom-left|bottom-right,OK,area,area|tree,PART,dense,dense,OK,several dense new residential have appeared in different areas in the parking area and several sparse residential have disappeared in the bottom left to bottom right in the parking area .,several dense new residential have appeared in different areas in the parking area and several sparse residential have disappeared in the bottom left to bottom right among the trees
000443_cap,0,0,0,appear,appear,OK,,,N/A,center|top-right,center|top-left|top-right,WRONG,area,area,OK,,,N/A,several closely located new residential have appeared in the top center to center in the parking area and a residential has disappeared in the top right in the parking area .,several sparse new residential have appeared in the top left to center in the parking area and a residential has disappeared in the top right in the parking area
000445_cap,0,0,0,appear,appear,OK,one,-,WRONG,center|top-left|top-right,top-left|top-right,WRONG,area,area,OK,sparse,-,WRONG,a new building has appeared in the top right in the parking area and several sparse residential have disappeared in the top left to top center in the parking area .,a new residential has appeared in the top right in the parking area and a residential has disappeared in the top left in the parking area
000448_cap,0,0,0,appear,appear,OK,,,N/A,bottom-right|center|top-left|top-right,bottom-left|bottom-right|top-left|top-right,WRONG,area,area|tree,PART,sparse,sparse,OK,several sparse new residential have appeared in the top left to bottom right in the parking area and several sparse residential have disappeared in the top right to bottom center in the parking area .,several sparse new residential have appeared in the top left to bottom right in the parking area and several sparse residential have disappeared in the top right to bottom left among the trees
000450_cap,0,0,0,appear,appear,OK,,,N/A,top-left,bottom-left|top-left|top-right,WRONG,along|area,area,PART,dense,sparse,WRONG,several dense new residential have appeared in different areas in the parking area and a residential has disappeared in the top left along the roads .,several sparse new residential have appeared in the top right to bottom left in the parking area and a residential has disappeared in the top left in the parking area
000457_cap,0,0,0,appear,appear,OK,,,N/A,bottom-left|top-left,bottom|center|top-left,WRONG,area,area,OK,sparse,sparse,OK,several sparse new residential have appeared in the top left to bottom left in the parking area and a residential has disappeared in the top left in the parking area .,several sparse new residential have appeared in the top left to bottom center in the parking area and a residential has disappeared in the top left in the parking area
000459_cap,0,0,0,appear,appear,OK,,,N/A,center|top,center|top,OK,area,among|area,PART,dense,dense,OK,several dense new residential have appeared in different areas in the parking area and a residential has disappeared in the top center in the parking area .,several dense new residential have appeared in different areas in the parking area and a residential has disappeared in the top center among the trees
000470_cap,1,0,0,appear,appear,OK,,,N/A,bottom-right,bottom-right,OK,among|area,among|area,OK,dense,dense,OK,several dense new residential have appeared in different areas in the parking area and a residential has disappeared in the bottom right among the trees .,several dense new residential have appeared in different areas in the parking area and a residential has disappeared in the bottom right among the trees
000473_cap,0,0,0,appear,appear,OK,,,N/A,bottom-left|bottom-right|top-right,bottom-left,WRONG,area,area,OK,sparse,dense,WRONG,several sparse new residential have appeared in the top right to bottom right in the parking area and a residential has disappeared in the bottom left in the parking area .,several dense new residential have appeared in different areas in the parking area and a residential has disappeared in the bottom left in the parking area
000474_cap,0,0,0,appear,appear,OK,several,-,WRONG,,,N/A,area,area,OK,dense,sparse,WRONG,several dense new buildings have appeared in different areas in the parking area and no building has disappeared in the area .,several sparse new residential have appeared in the top right to right center in the parking area and no building has disappeared in the area
000492_cap,1,0,0,appear,appear,OK,,,N/A,bottom-left|top-left,bottom-left|top-left,OK,area,area,OK,sparse,sparse,OK,several sparse new residential have appeared in the top left to bottom left in the parking area and no building has disappeared in the area .,several sparse new residential have appeared in the top left to bottom left in the parking area and no building has disappeared in the area
000496_cap,0,0,0,appear,appear,OK,,,N/A,bottom-right|center|left,bottom-right|center,WRONG,area,area,OK,sparse,sparse,OK,several sparse new residential have appeared in the right center to left center in the parking area and a residential has disappeared in the bottom right in the parking area .,several sparse new residential have appeared in different areas in the parking area and a residential has disappeared in the bottom right to right center in the parking area
000498_cap,0,0,0,appear,appear,OK,,,N/A,center|top-left|top-right,bottom-left|top-left|top-right,WRONG,area,area,OK,sparse,sparse,OK,several sparse new residential have appeared in the top left to top right in the parking area and a residential has disappeared in the left center in the parking area .,several sparse new residential have appeared in the top left to top right in the parking area and a residential has disappeared in the bottom left in the parking area
000511_cap,1,0,0,appear,appear,OK,,,N/A,,,N/A,area,area,OK,dense,dense,OK,several dense new residential have appeared in different areas in the parking area and no building has disappeared in the area .,several dense new residential have appeared in different areas in the parking area and no building has disappeared in the area
000512_cap,1,0,0,appear,appear,OK,,,N/A,center|right,center|right,OK,area,area,OK,dense,dense,OK,several dense new residential have appeared in different areas in the parking area and a residential has disappeared in the right center in the parking area .,several dense new residential have appeared in different areas in the parking area and a residential has disappeared in the right center in the parking area
000516_cap,0,0,0,appear,appear,OK,,,N/A,top-right,bottom|center|top-right,WRONG,area,area,OK,dense,sparse,WRONG,several dense new residential have appeared in the top right in the parking area and no building has disappeared in the area .,several sparse new residential have appeared in the top right to bottom center in the parking area and no building has disappeared in the area
000522_cap,0,0,0,appear,appear,OK,,,N/A,,,N/A,area,area|tree,PART,dense,sparse,WRONG,several dense new residential have appeared in different areas in the parking area and several sparse residential have disappeared in different areas in the parking area .,several sparse new residential have appeared in the top left to bottom center in the parking area and several sparse residential have disappeared in the top left to bottom left among the trees
000523_cap,0,0,0,appear,appear,OK,,,N/A,bottom-left|bottom-right|top-left|top-right,bottom-left|bottom-right|top-right,WRONG,area,among|area,PART,sparse,sparse,OK,several sparse new residential have appeared in the bottom left to bottom right in the parking area and several sparse residential have disappeared in the top left to top right in the parking area .,several sparse new residential have appeared in the bottom left to bottom right in the parking area and several sparse residential have disappeared in the top right among the trees
000526_cap,0,0,0,appear,appear,OK,,,N/A,center|right|top-left,bottom|center|right|top-left,WRONG,area,area,OK,,,N/A,a new residential has appeared in the right center in the parking area and a residential has disappeared in the top left in the parking area .,several sparse new residential have appeared in the bottom center to right center in the parking area and a residential has disappeared in the top left in the parking area
000536_cap,0,0,0,appear,appear,OK,,,N/A,bottom-right,bottom-right,OK,area,among|area,PART,dense,dense,OK,several dense new residential have appeared in different areas in the parking area and a residential has disappeared in the bottom right in the parking area .,several dense new residential have appeared in different areas in the parking area and a residential has disappeared in the bottom right among the trees
000537_cap,0,0,0,appear,appear,OK,,,N/A,bottom-right|center,bottom-right|center,OK,area,area|tree,PART,dense,dense,OK,several dense new residential have appeared in different areas in the parking area and several closely located residential have disappeared in the bottom center to bottom right in the parking area .,several dense new residential have appeared in different areas in the parking area and several sparse residential have disappeared in the bottom center to bottom right among the trees
000542_cap,1,0,0,appear,appear,OK,,,N/A,,,N/A,area,area,OK,dense,dense,OK,several dense new residential have appeared in different areas in the parking area and no building has disappeared in the area .,several dense new residential have appeared in different areas in the parking area and no building has disappeared in the area
000543_cap,0,0,0,appear,appear,OK,,,N/A,bottom-right|top-left|top-right,bottom-right|top-left|top-right,OK,area,among|area,PART,sparse,sparse,OK,several sparse new residential have appeared in the top left to top right in the parking area and a residential has disappeared in the bottom right in the parking area .,several sparse new residential have appeared in the top left to top right in the parking area and a residential has disappeared in the bottom right among the trees
000547_cap,0,0,0,appear,appear,OK,,,N/A,center|top-right,center|top-right,OK,area,among|area,PART,sparse,sparse,OK,several sparse new residential have appeared in the top center to right center in the parking area and a residential has disappeared in the top right in the parking area .,several sparse new residential have appeared in the top center to right center in the parking area and a residential has disappeared in the top right among the trees
000551_cap,1,0,0,appear,appear,OK,,,N/A,bottom|center|left,bottom|center|left,OK,area,area,OK,,,N/A,a new residential has appeared in the bottom center in the parking area and a residential has disappeared in the left center in the parking area .,a new residential has appeared in the bottom center in the parking area and a residential has disappeared in the left center in the parking area
000567_cap,0,0,0,appear,appear,OK,,,N/A,bottom-left|center|top,bottom-left|center|top-left,WRONG,area,area,OK,sparse,sparse,OK,several sparse new residential have appeared in the bottom left to left center in the parking area and a residential has disappeared in the top center in the parking area .,several sparse new residential have appeared in the top left to bottom left in the parking area and a residential has disappeared in the top center in the parking area
000572_cap,1,0,0,appear,appear,OK,,,N/A,center|right|top-left,center|right|top-left,OK,area,area,OK,,,N/A,a new residential has appeared in the right center in the parking area and a residential has disappeared in the top left in the parking area .,several sparse new residential have appeared in the right center to right center in the parking area and a residential has disappeared in the top left in the parking area
000575_cap,0,0,0,appear,appear,OK,,,N/A,top-left,center|top,WRONG,area,area,OK,dense,dense,OK,several dense new residential have appeared in different areas in the parking area and a residential has disappeared in the top left in the parking area .,several dense new residential have appeared in different areas in the parking area and a residential has disappeared in the top center in the parking area
000586_cap,0,0,0,appear,appear,OK,,,N/A,bottom|center,bottom-left|center,WRONG,among,among|area,PART,,,N/A,a new residential has appeared in the bottom center among the trees and a residential has disappeared in the center among the trees .,several sparse new residential have appeared in the bottom left to bottom center in the parking area and a residential has disappeared in the center among the trees
000604_cap,0,0,0,appear,appear,OK,,,N/A,,,N/A,area,among|area,PART,dense,dense,OK,several dense new residential have appeared in different areas in the parking area and several sparse residential have disappeared in different areas in the parking area .,several dense new residential have appeared in different areas in the parking area and a residential has disappeared in the bottom center among the trees
000605_cap,1,0,0,appear,appear,OK,,,N/A,bottom-left|bottom-right|center|top-right,bottom-left|bottom-right|center|top-right,OK,area|tree,area|tree,OK,sparse,sparse,OK,several sparse new residential have appeared in the top right to center in the parking area and several sparse residential have disappeared in the bottom left to bottom right among the trees .,several sparse new residential have appeared in the top right to left center in the parking area and several sparse residential have disappeared in the bottom left to bottom right among the trees
000607_cap,0,0,0,appear,appear,OK,,,N/A,bottom-left,bottom-left|center|top-left,WRONG,area,area,OK,sparse,dense,WRONG,several sparse new residential have appeared in different areas in the parking area and several closely located residential have disappeared in the bottom left in the parking area .,several dense new residential have appeared in the top left to left center in the parking area and several sparse residential have disappeared in the bottom left to bottom left in the parking area
000611_cap,1,0,0,appear,appear,OK,,,N/A,,,N/A,area,area,OK,dense,dense,OK,several dense new residential have appeared in different areas in the parking area and no building has disappeared in the area .,several dense new residential have appeared in different areas in the parking area and no building has disappeared in the area
000627_cap,1,0,0,appear,appear,OK,,,N/A,bottom-left|center|top-right,bottom-left|center|top-right,OK,area|tree,area|tree,OK,sparse,sparse,OK,a new residential has appeared in the right center in the parking area and several sparse residential have disappeared in the top right to bottom left among the trees .,a new residential has appeared in the right center in the parking area and several sparse residential have disappeared in the top right to bottom left among the trees
000634_cap,0,0,0,appear,appear,OK,,,N/A,bottom|center,bottom|center,OK,area,area,OK,dense,sparse,WRONG,several dense new residential have appeared in different areas in the parking area and a residential has disappeared in the bottom center in the parking area .,several sparse new residential have appeared in different areas in the parking area and a residential has disappeared in the bottom center in the parking area
000635_cap,1,0,0,appear,appear,OK,,,N/A,bottom-left|center|top,bottom-left|center|top,OK,area,area,OK,sparse,sparse,OK,several sparse new residential have appeared in the top center to center in the parking area and a residential has disappeared in the bottom left in the parking area .,several sparse new residential have appeared in the top center to center in the parking area and a residential has disappeared in the bottom left in the parking area
000637_cap,1,0,0,appear,appear,OK,,,N/A,top-right,top-right,OK,area,area,OK,,,N/A,a new residential has appeared in the top right in the parking area and no building has disappeared in the area .,a new residential has appeared in the top right in the parking area and no building has disappeared in the area
000645_cap,1,0,0,appear,appear,OK,,,N/A,,,N/A,area,area,OK,dense,dense,OK,several dense new residential have appeared in different areas in the parking area and several dense residential have disappeared in different areas in the parking area .,several dense new residential have appeared in different areas in the parking area and several sparse residential have disappeared in different areas in the parking area
000647_cap,0,0,0,appear,appear,OK,,,N/A,bottom-left|center|top,center|right,WRONG,among|area,area,PART,sparse,sparse,OK,several sparse new residential have appeared in the top center to bottom left in the parking area and several dense residential have disappeared in different areas among the trees .,several sparse new residential have appeared in different areas in the parking area and several sparse residential have disappeared in the center to right center in the parking area
000648_cap,0,0,0,appear,appear,OK,,,N/A,bottom-left|center|right|top-left,bottom-left|center|top-left,WRONG,area,area,OK,sparse,sparse,OK,several sparse new residential have appeared in the top left to bottom left in the parking area and several sparse residential have disappeared in the left center to right center in the parking area .,several sparse new residential have appeared in the top left to bottom left in the parking area and several sparse residential have disappeared in the center to left center in the parking area
000652_cap,1,0,0,appear,appear,OK,,,N/A,bottom|center|right|top,bottom|center|right|top,OK,area,area,OK,,,N/A,several closely located new residential have appeared in the top center to right center in the parking area and a residential has disappeared in the bottom center in the parking area .,several sparse new residential have appeared in the top center to right center in the parking area and a residential has disappeared in the bottom center in the parking area
000653_cap,0,0,0,appear,appear,OK,one,several,WRONG,bottom-left|center|top-left,bottom-left,WRONG,area,area,OK,sparse,dense,WRONG,several sparse new residential have appeared in the top left to center in the parking area and a building has disappeared in the bottom left in the parking area .,several dense new buildings have appeared in different areas in the parking area and a residential has disappeared in the bottom left in the parking area
000654_cap,1,0,0,appear,appear,OK,,,N/A,,,N/A,area,area,OK,dense,dense,OK,several dense new residential have appeared in different areas in the parking area and no building has disappeared in the area .,several dense new residential have appeared in different areas in the parking area and no building has disappeared in the area
000656_cap,0,0,0,appear,appear,OK,,,N/A,bottom-left|center,bottom-left|center,OK,area,area,OK,sparse,dense,WRONG,several sparse new residential have appeared in the bottom left to left center in the parking area and a residential has disappeared in the center in the parking area .,several dense new residential have appeared in the bottom left to bottom left in the parking area and a residential has disappeared in the center in the parking area
000662_cap,1,0,0,appear,appear,OK,,,N/A,center|top,center|top,OK,among|area,among|area,OK,dense,dense,OK,several dense new residential have appeared in different areas among the trees and a residential has disappeared in the top center in the parking area .,several dense new residential have appeared in different areas in the parking area and a residential has disappeared in the top center among the trees
000666_cap,1,0,0,appear,appear,OK,,,N/A,,,N/A,among|area,among|area,OK,sparse,sparse,OK,several sparse new residential have appeared in different areas among the trees and no building has disappeared in the area .,several sparse new residential have appeared in different areas among the trees and no building has disappeared in the area
000667_cap,0,0,0,appear,appear,OK,,,N/A,bottom|center|right,bottom|center|right|top-left,WRONG,area,area,OK,,,N/A,a new residential has appeared in the bottom center in the parking area and a residential has disappeared in the right center in the parking area .,several sparse new residential have appeared in the top left to bottom center in the parking area and a residential has disappeared in the right center in the parking area
000670_cap,0,0,0,appear,appear,OK,,,N/A,bottom-right|center|top,bottom-right|center|top,OK,among,among|area,PART,,,N/A,a new residential has appeared in the top center among the trees and a residential has disappeared in the bottom right among the trees .,a new residential has appeared in the top center in the parking area and a residential has disappeared in the bottom right among the trees
000675_cap,1,0,0,disappear,disappear,OK,,,N/A,top-right,top-right,OK,area,area,OK,,,N/A,no building has appeared in the area and a residential has disappeared in the top right in the parking area .,no building has appeared in the area and a residential has disappeared in the top right in the parking area
000677_cap,1,0,0,appear,appear,OK,,,N/A,center|top-left,center|top-left,OK,among|area,among|area,OK,,,N/A,a new residential has appeared in the top center in the parking area and a residential has disappeared in the top left among the trees .,a new residential has appeared in the top center in the parking area and a residential has disappeared in the top left among the trees
000682_cap,0,0,0,appear,appear,OK,,,N/A,bottom-right|center|left,bottom-right,WRONG,among|area,area,PART,,,N/A,a new residential has appeared in the bottom right in the parking area and a residential has disappeared in the left center among the trees .,a new residential has appeared in the bottom right in the parking area and no building has disappeared in the area
000696_cap,1,0,0,appear,appear,OK,,,N/A,,,N/A,area,area,OK,dense,dense,OK,several dense new residential have appeared in different areas in the parking area and no building has disappeared in the area .,several dense new residential have appeared in different areas in the parking area and no building has disappeared in the area
000701_cap,0,0,0,appear,appear,OK,,,N/A,center|top,center|top-left,WRONG,among|area,area,PART,sparse,-,WRONG,several sparse new residential have appeared in different areas in the parking area and a residential has disappeared in the top center among the trees .,a new residential has appeared in the top left in the parking area and a residential has disappeared in the top center in the parking area
000713_cap,0,0,0,appear,appear,OK,,,N/A,bottom-left|center|top,bottom-left|top-right,WRONG,along|area,among|area,PART,,,N/A,a new residential has appeared in the bottom left in the parking area and a residential has disappeared in the top center along the roads .,a new residential has appeared in the bottom left in the parking area and a residential has disappeared in the top right among the trees
000721_cap,1,0,0,appear,appear,OK,,,N/A,top-right,top-right,OK,area,area,OK,,,N/A,a new residential has appeared in the top right in the parking area and no building has disappeared in the area .,a new residential has appeared in the top right in the parking area and no building has disappeared in the area
000726_cap,0,0,0,appear,appear,OK,,,N/A,bottom-right|center|left,bottom-right|center|left,OK,area|tree,area,PART,sparse,sparse,OK,several sparse new residential have appeared in the bottom right to left center among the trees and no building has disappeared in the area .,several sparse new residential have appeared in the bottom right to left center in the parking area and no building has disappeared in the area
000732_cap,1,0,0,appear,appear,OK,,,N/A,bottom-right|center,bottom-right|center,OK,area,area,OK,sparse,sparse,OK,several sparse new residential have appeared in the bottom right in the parking area and a residential has disappeared in the center in the parking area .,several sparse new residential have appeared in the bottom right to bottom right in the parking area and a residential has disappeared in the bottom center in the parking area
000735_cap,0,0,0,appear,appear,OK,,,N/A,center|right,center|right,OK,area,among|area,PART,dense,sparse,WRONG,a new residential has appeared in the right center in the parking area and several dense residential have disappeared in different areas in the parking area .,a new residential has appeared in the right center in the parking area and several sparse residential have disappeared in different areas among the trees
000752_cap,0,0,0,appear,appear,OK,,,N/A,bottom|center|right|top-left,bottom|center,WRONG,area,among|area,PART,sparse,sparse,OK,several sparse new residential have appeared in the top left to right center in the parking area and a residential has disappeared in the bottom center in the parking area .,several sparse new residential have appeared in different areas in the parking area and a residential has disappeared in the bottom center among the trees
000762_cap,1,0,0,appear,appear,OK,,,N/A,bottom-left,bottom-left,OK,among|area,among|area,OK,,,N/A,a new residential has appeared in the bottom left among the trees and no building has disappeared in the area .,a new residential has appeared in the bottom left among the trees and no building has disappeared in the area
000778_cap,0,0,0,appear,appear,OK,,,N/A,center|left|top-right,center|left|right|top,WRONG,area,area,OK,sparse,-,WRONG,several sparse new residential have appeared in the top right to right center in the parking area and a residential has disappeared in the left center in the parking area .,several closely located new residential have appeared in the top center to right center in the parking area and a residential has disappeared in the left center in the parking area
000779_cap,1,0,0,appear,appear,OK,,,N/A,,,N/A,area,area,OK,dense,dense,OK,several dense new residential have appeared in different areas in the parking area and no building has disappeared in the area .,several dense new residential have appeared in the top left to center in the parking area and no building has disappeared in the area
000780_cap,1,0,0,appear,appear,OK,,,N/A,,,N/A,area,area,OK,dense,dense,OK,several dense new residential have appeared in different areas in the parking area and no building has disappeared in the area .,several dense new residential have appeared in different areas in the parking area and no building has disappeared in the area
000785_cap,1,0,0,appear,appear,OK,,,N/A,,,N/A,area,area,OK,dense,dense,OK,several dense new residential have appeared in different areas in the parking area and no building has disappeared in the area .,several dense new residential have appeared in different areas in the parking area and no building has disappeared in the area
000786_cap,0,0,0,appear,appear,OK,,,N/A,bottom-right,bottom-right|center,WRONG,area,area,OK,dense,dense,OK,several dense new residential have appeared in different areas in the parking area and a residential has disappeared in the bottom right in the parking area .,several dense new residential have appeared in different areas in the parking area and a residential has disappeared in the bottom right to right center in the parking area
000788_cap,0,0,0,appear,appear,OK,,,N/A,center|top-left,bottom|center|top-left|top-right,WRONG,area,area|tree,PART,dense,sparse,WRONG,several dense new residential have appeared in different areas in the parking area and several closely located residential have disappeared in the top left to left center in the parking area .,several sparse new residential have appeared in the top right to bottom center in the parking area and several sparse residential have disappeared in the top left to left center among the trees
000792_cap,0,0,0,appear,appear,OK,,,N/A,top-right,center|left|top-right,WRONG,among|area,area,PART,,,N/A,a new residential has appeared in the top right among the trees and no building has disappeared in the area .,several sparse new residential have appeared in the top right to left center in the parking area and no building has disappeared in the area
000797_cap,1,0,0,appear,appear,OK,,,N/A,bottom|center,bottom|center,OK,area,area,OK,sparse,sparse,OK,several sparse new residential have appeared in the bottom center in the parking area and no building has disappeared in the area .,several sparse new residential have appeared in the bottom center to bottom center in the parking area and no building has disappeared in the area
000808_cap,0,0,0,appear,appear,OK,,,N/A,bottom-left|bottom-right,bottom-left|center,WRONG,area,area,OK,sparse,sparse,OK,several sparse new residential have appeared in the bottom left to bottom right in the parking area and no building has disappeared in the area .,several sparse new residential have appeared in the bottom left to bottom center in the parking area and no building has disappeared in the area
000815_cap,0,0,0,appear,appear,OK,,,N/A,bottom|center|top-right,bottom-right|top-right,WRONG,area,area,OK,sparse,sparse,OK,several sparse new residential have appeared in the top right to bottom center in the parking area and no building has disappeared in the area .,several sparse new residential have appeared in the top right to bottom right in the parking area and no building has disappeared in the area
000816_cap,1,0,0,appear,appear,OK,,,N/A,,,N/A,area,area,OK,dense,dense,OK,several dense new residential have appeared in different areas in the parking area and no building has disappeared in the area .,several dense new residential have appeared in different areas in the parking area and no building has disappeared in the area
000818_cap,1,0,0,appear,appear,OK,,,N/A,top-left|top-right,top-left|top-right,OK,among,among,OK,,,N/A,a new residential has appeared in the top left among the trees and a residential has disappeared in the top right among the trees .,a new residential has appeared in the top left among the trees and a residential has disappeared in the top right among the trees
000824_cap,0,0,0,appear,appear,OK,,,N/A,bottom-right|top-right,center|top-right,WRONG,area,area,OK,sparse,sparse,OK,several sparse new residential have appeared in the top right to bottom right in the parking area and no building has disappeared in the area .,several sparse new residential have appeared in the top right to right center in the parking area and no building has disappeared in the area
000834_cap,0,0,0,appear,appear,OK,,,N/A,bottom|center,bottom|center,OK,among|area,area,PART,,,N/A,a new residential has appeared in the bottom center among the trees and no building has disappeared in the area .,a new residential has appeared in the bottom center in the parking area and no building has disappeared in the area
000837_cap,0,0,0,appear,appear,OK,,,N/A,center|top-left,center|top-left,OK,area|tree,among|area,PART,sparse,sparse,OK,several sparse new residential have appeared in the top left to left center among the trees and a residential has disappeared in the top left in the parking area .,several sparse new residential have appeared in the top left to left center in the parking area and a residential has disappeared in the top left among the trees
000859_cap,1,0,0,appear,appear,OK,,,N/A,,,N/A,area,area,OK,dense,dense,OK,several dense new residential have appeared in different areas in the parking area and no building has disappeared in the area .,several dense new residential have appeared in different areas in the parking area and no building has disappeared in the area
000861_cap,0,0,0,appear,appear,OK,,,N/A,bottom-left|center,-,WRONG,area,area,OK,sparse,sparse,OK,several sparse new residential have appeared in the bottom left to bottom center in the parking area and no building has disappeared in the area .,several sparse new residential have appeared in different areas in the parking area and no building has disappeared in the area
000863_cap,0,0,0,appear,appear,OK,,,N/A,bottom|center|top-right,bottom|center,WRONG,area,area,OK,sparse,-,WRONG,several sparse new residential have appeared in the top right to bottom center in the parking area and a residential has disappeared in the bottom center in the parking area .,a new residential has appeared in the center in the parking area and a residential has disappeared in the bottom center in the parking area
000865_cap,0,0,0,appear,appear,OK,,,N/A,bottom-right|top-left,-,WRONG,area,among|area,PART,sparse,sparse,OK,several sparse new residential have appeared in the top left to bottom right in the parking area and no building has disappeared in the area .,several sparse new residential have appeared in different areas among the trees and no building has disappeared in the area
000868_cap,1,0,0,appear,appear,OK,,,N/A,center|top-left|top-right,center|top-left|top-right,OK,area,area,OK,sparse,sparse,OK,several sparse new residential have appeared in the top left to top right in the parking area and a residential has disappeared in the right center in the parking area .,several sparse new residential have appeared in the top left to top right in the parking area and a residential has disappeared in the right center in the parking area
000871_cap,1,0,0,appear,appear,OK,,,N/A,top-right,top-right,OK,area,area,OK,,,N/A,a new residential has appeared in the top right in the parking area and no building has disappeared in the area .,a new residential has appeared in the top right in the parking area and no building has disappeared in the area
000874_cap,1,0,0,appear,appear,OK,,,N/A,bottom-right,bottom-right,OK,area,area,OK,dense,dense,OK,several dense new residential have appeared in different areas in the parking area and a residential has disappeared in the bottom right in the parking area .,several dense new residential have appeared in different areas in the parking area and a residential has disappeared in the bottom right in the parking area
000876_cap,1,0,0,appear,appear,OK,,,N/A,bottom-right|center,bottom-right|center,OK,area,area,OK,sparse,sparse,OK,several sparse new residential have appeared in the center to bottom right in the parking area and no building has disappeared in the area .,several sparse new residential have appeared in the center to bottom right in the parking area and no building has disappeared in the area
000878_cap,0,0,0,appear,appear,OK,,,N/A,bottom-left|top-left,bottom-left,WRONG,area,area,OK,sparse,sparse,OK,several sparse new residential have appeared in the top left to bottom left in the parking area and no building has disappeared in the area .,several sparse new residential have appeared in the bottom left to bottom left in the parking area and no building has disappeared in the area
000882_cap,1,0,0,appear,appear,OK,,,N/A,bottom|center|top-left,bottom|center|top-left,OK,among|area,among|area,OK,dense,dense,OK,several dense new residential have appeared in the top left in the parking area and a residential has disappeared in the bottom center among the trees .,several dense new residential have appeared in the top left in the parking area and a residential has disappeared in the bottom center among the trees
000892_cap,1,0,0,appear,appear,OK,,,N/A,,,N/A,area,area,OK,dense,dense,OK,several dense new residential have appeared in different areas in the parking area and no building has disappeared in the area .,several dense new residential have appeared in different areas in the parking area and no building has disappeared in the area
000896_cap,0,0,0,appear,appear,OK,,,N/A,bottom-right|center|left,bottom-right|center|top-left,WRONG,area,area,OK,sparse,sparse,OK,several sparse new residential have appeared in the center to bottom right in the parking area and a residential has disappeared in the left center in the parking area .,several sparse new residential have appeared in the top left to bottom right in the parking area and a residential has disappeared in the left center in the parking area
000897_cap,1,0,0,appear,appear,OK,,,N/A,,,N/A,area,area,OK,dense,dense,OK,several dense new residential have appeared in different areas in the parking area and no building has disappeared in the area .,several dense new residential have appeared in different areas in the parking area and no building has disappeared in the area
000899_cap,0,0,0,appear,appear,OK,,,N/A,center,center,OK,among|area,area,PART,dense,dense,OK,several dense new residential have appeared in different areas in the parking area and a residential has disappeared in the center among the trees .,several dense new residential have appeared in different areas in the parking area and a residential has disappeared in the center in the parking area
000900_cap,0,0,0,appear,appear,OK,,,N/A,center,bottom-left|center,WRONG,area,area,OK,,,N/A,a new residential has appeared in the center in the parking area and no building has disappeared in the area .,several sparse new residential have appeared in the center to bottom left in the parking area and no building has disappeared in the area
000903_cap,0,0,0,appear,appear,OK,,,N/A,center|top-left,bottom-left|top-left,WRONG,area,area,OK,sparse,sparse,OK,several sparse new residential have appeared in the top left to center in the parking area and no building has disappeared in the area .,several sparse new residential have appeared in the top left to bottom left in the parking area and no building has disappeared in the area
000912_cap,0,0,0,appear,appear,OK,,,N/A,bottom-left|center,bottom-left,WRONG,among|tree,among|area,PART,sparse,-,WRONG,several sparse new residential have appeared in the bottom left to bottom center among the trees and a residential has disappeared in the bottom left among the trees .,a new residential has appeared in the bottom left in the parking area and a residential has disappeared in the bottom left among the trees
000914_cap,0,0,0,appear,appear,OK,,,N/A,center|right,center|top-right,WRONG,area,area,OK,,,N/A,a new residential has appeared in the right center in the parking area and no building has disappeared in the area .,several closely located new residential have appeared in the top right to right center in the parking area and no building has disappeared in the area
000915_cap,0,0,0,appear,appear,OK,,,N/A,bottom-right|center|top-right,center|top-right,WRONG,area,area,OK,sparse,sparse,OK,several sparse new residential have appeared in the top right to center in the parking area and a residential has disappeared in the bottom right in the parking area .,several sparse new residential have appeared in the top right to center in the parking area and no building has disappeared in the area
000921_cap,1,0,0,disappear,disappear,OK,,,N/A,bottom-left|center,bottom-left|center,OK,area,area,OK,,,N/A,no building has appeared in the area and several closely located residential have disappeared in the bottom left to bottom center in the parking area .,no building has appeared in the area and several sparse residential have disappeared in the bottom left to bottom center in the parking area
000933_cap,1,0,0,appear,appear,OK,,,N/A,bottom-left|center|right,bottom-left|center|right,OK,area,area,OK,sparse,sparse,OK,several sparse new residential have appeared in the bottom left to right center in the parking area and no building has disappeared in the area .,several sparse new residential have appeared in the bottom left to right center in the parking area and no building has disappeared in the area
000934_cap,0,0,0,appear,appear,OK,,,N/A,bottom-right|center,bottom-right|center|top-right,WRONG,area,area,OK,sparse,sparse,OK,several sparse new residential have appeared in the center to right center in the parking area and a residential has disappeared in the bottom right in the parking area .,several sparse new residential have appeared in the top right to right center in the parking area and a residential has disappeared in the bottom right in the parking area
000938_cap,0,0,0,appear,appear,OK,,,N/A,center|right|top-left,bottom|center|top-left,WRONG,area,among|area,PART,sparse,sparse,OK,several sparse new residential have appeared in the top center to right center in the parking area and a residential has disappeared in the top left in the parking area .,several sparse new residential have appeared in the top center to bottom center in the parking area and a residential has disappeared in the top left among the trees
000939_cap,0,0,0,appear,appear,OK,,,N/A,,,N/A,area,area,OK,dense,sparse,WRONG,several dense new residential have appeared in different areas in the parking area and no building has disappeared in the area .,several sparse new buildings have appeared in the top right to left center in the parking area and no building has disappeared in the area
000943_cap,1,0,0,appear,appear,OK,,,N/A,top-left,top-left,OK,area,area,OK,,,N/A,a new residential has appeared in the top left in the parking area and no building has disappeared in the area .,a new residential has appeared in the top left in the parking area and no building has disappeared in the area
000953_cap,0,0,0,appear,appear,OK,,,N/A,center|top-right,bottom-right|center|top-right,WRONG,area,area,OK,sparse,sparse,OK,several closely located new residential have appeared in the top right to right center in the parking area and several sparse residential have disappeared in different areas in the parking area .,a new residential has appeared in the right center in the parking area and several sparse residential have disappeared in the top right to bottom right in the parking area
000954_cap,1,0,0,appear,appear,OK,,,N/A,bottom|center|top-left,bottom|center|top-left,OK,area,area,OK,sparse,sparse,OK,several sparse new residential have appeared in the center to left center in the parking area and several sparse residential have disappeared in the top left to bottom center in the parking area .,a new residential has appeared in the left center in the parking area and several sparse residential have disappeared in the top left to bottom center in the parking area
000961_cap,0,0,0,appear,appear,OK,,,N/A,bottom|center|top-right,bottom-left|center|top-right,WRONG,area|tree,area|tree,OK,sparse,sparse,OK,several sparse new residential have appeared in the top center to center in the parking area and several sparse residential have disappeared in the top right to bottom center among the trees .,several sparse new residential have appeared in the top center to center in the parking area and several sparse residential have disappeared in the top right to bottom left among the trees
000963_cap,0,0,0,appear,appear,OK,several,-,WRONG,bottom-left,bottom-left|center,WRONG,area,area,OK,dense,sparse,WRONG,a new residential has appeared in the bottom left in the parking area and several dense buildings have disappeared in different areas in the parking area .,several sparse new residential have appeared in the bottom left to bottom center in the parking area and several sparse residential have disappeared in the left center to left center in the parking area
000964_cap,0,0,0,appear,appear,OK,,,N/A,bottom-left|bottom-right|center,bottom-right|center|left,WRONG,area,area,OK,sparse,-,WRONG,several sparse new residential have appeared in the bottom left to bottom right in the parking area and several sparse residential have disappeared in the bottom left to left center in the parking area .,a new residential has appeared in the bottom right in the parking area and a residential has disappeared in the left center in the parking area
000969_cap,0,0,0,appear,appear,OK,,,N/A,center|left,bottom-right|center|left,WRONG,area,area,OK,sparse,dense,WRONG,several sparse new residential have appeared in different areas in the parking area and a residential has disappeared in the left center in the parking area .,several dense new residential have appeared in the bottom right to bottom right in the parking area and a residential has disappeared in the left center in the parking area
000970_cap,1,0,0,appear,appear,OK,,,N/A,,,N/A,area,area,OK,dense,dense,OK,several dense new residential have appeared in different areas in the parking area and no building has disappeared in the area .,several dense new residential have appeared in different areas in the parking area and no building has disappeared in the area
000975_cap,0,0,0,appear,appear,OK,,,N/A,bottom-left|top-right,center|left|top-right,WRONG,area,area,OK,sparse,sparse,OK,several sparse new residential have appeared in the top right to bottom left in the parking area and no building has disappeared in the area .,several sparse new residential have appeared in the top right to left center in the parking area and no building has disappeared in the area
000978_cap,1,0,0,appear,appear,OK,,,N/A,bottom-left|bottom-right|center,bottom-left|bottom-right|center,OK,area,area,OK,sparse,sparse,OK,several sparse new residential have appeared in the bottom left to bottom right in the parking area and several sparse residential have disappeared in the bottom center to left center in the parking area .,several sparse new residential have appeared in the bottom left to bottom right in the parking area and several sparse residential have disappeared in the bottom center to left center in the parking area
000980_cap,0,0,0,appear,appear,OK,,,N/A,,,N/A,area,area,OK,dense,sparse,WRONG,several dense new residential have appeared in different areas in the parking area and no building has disappeared in the area .,several sparse new residential have appeared in the bottom left to bottom center in the parking area and no building has disappeared in the area
000981_cap,0,0,0,appear,appear,OK,,,N/A,center|left,center|top-left,WRONG,area,area,OK,,,N/A,a new residential has appeared in the left center in the parking area and no building has disappeared in the area .,several sparse new residential have appeared in the top left to left center in the parking area and no building has disappeared in the area
000987_cap,1,0,0,appear,appear,OK,,,N/A,bottom-left|center,bottom-left|center,OK,among|area,among|area,OK,,,N/A,a new residential has appeared in the center in the parking area and a residential has disappeared in the bottom left among the trees .,a new residential has appeared in the center in the parking area and a residential has disappeared in the bottom left among the trees
000996_cap,0,0,0,appear,appear,OK,,,N/A,bottom|center|top-left,bottom|center|top-left|top-right,WRONG,tree,area|tree,PART,sparse,sparse,OK,several sparse new residential have appeared in the top left to top center among the trees and several sparse residential have disappeared in the top center to bottom center among the trees .,several sparse new residential have appeared in the top left to top right in the parking area and several sparse residential have disappeared in the top center to bottom center among the trees
001000_cap,1,0,0,disappear,disappear,OK,,,N/A,center|top,center|top,OK,area,area,OK,,,N/A,no building has appeared in the area and a residential has disappeared in the top center in the parking area .,no building has appeared in the area and a residential has disappeared in the top center in the parking area
001001_cap,1,0,0,appear,appear,OK,,,N/A,bottom-right|top-left,bottom-right|top-left,OK,area|tree,area|tree,OK,sparse,sparse,OK,a new residential has appeared in the bottom right in the parking area and several sparse residential have disappeared in the top left to bottom right among the trees .,a new residential has appeared in the bottom right in the parking area and several sparse residential have disappeared in the top left to bottom right among the trees
001003_cap,1,0,0,appear,appear,OK,,,N/A,bottom-left|center|top-right,bottom-left|center|top-right,OK,area,area,OK,sparse,sparse,OK,several sparse new residential have appeared in the top center to bottom left in the parking area and several sparse residential have disappeared in the top right to left center in the parking area .,several sparse new residential have appeared in the top center to bottom left in the parking area and several sparse residential have disappeared in the top right to left center in the parking area
001004_cap,0,0,0,appear,appear,OK,,,N/A,top-left|top-right,-,WRONG,area,area,OK,sparse,dense,WRONG,several sparse new residential have appeared in the top left to top right in the parking area and several dense residential have disappeared in different areas in the parking area .,several dense new residential have appeared in different areas in the parking area and several dense residential have disappeared in different areas in the parking area
001009_cap,0,0,0,appear,appear,OK,,,N/A,bottom|center|left,center|left,WRONG,area|tree,area,PART,sparse,dense,WRONG,several sparse new residential have appeared in the bottom center to left center among the trees and no building has disappeared in the area .,several dense new residential have appeared in the center to left center in the parking area and no building has disappeared in the area
001011_cap,1,0,0,appear,appear,OK,,,N/A,top-left,top-left,OK,area,area,OK,dense,dense,OK,several dense new residential have appeared in different areas in the parking area and a residential has disappeared in the top left in the parking area .,several dense new residential have appeared in different areas in the parking area and a residential has disappeared in the top left in the parking area
001013_cap,0,0,0,appear,appear,OK,,,N/A,bottom-left|center|right|top-left,center|right|top-left,WRONG,among|area,area,PART,sparse,sparse,OK,several sparse new residential have appeared in the top left to bottom left in the parking area and a residential has disappeared in the right center among the trees .,several sparse new residential have appeared in the top left to left center in the parking area and a residential has disappeared in the right center in the parking area
001016_cap,0,0,0,appear,appear,OK,,,N/A,top-left,center|top-left|top-right,WRONG,area,area,OK,dense,sparse,WRONG,several dense new residential have appeared in different areas in the parking area and a residential has disappeared in the top left in the parking area .,several sparse new residential have appeared in the top right to left center in the parking area and a residential has disappeared in the top left in the parking area
001017_cap,1,0,0,appear,appear,OK,,,N/A,bottom-right|top-left,bottom-right|top-left,OK,area,area,OK,sparse,sparse,OK,several sparse new residential have appeared in the top left to bottom right in the parking area and no building has disappeared in the area .,several sparse new residential have appeared in the top left to bottom right in the parking area and no building has disappeared in the area
001019_cap,1,0,0,appear,appear,OK,,,N/A,bottom-left|center|right|top,bottom-left|center|right|top,OK,area,area,OK,sparse,sparse,OK,several sparse new residential have appeared in the center to bottom left in the parking area and several sparse residential have disappeared in the top center to right center in the parking area .,several sparse new residential have appeared in the center to bottom left in the parking area and several sparse residential have disappeared in the top center to right center in the parking area
001021_cap,1,0,0,appear,appear,OK,,,N/A,center|left,center|left,OK,area,area,OK,dense,dense,OK,several dense new residential have appeared in different areas in the parking area and a residential has disappeared in the left center in the parking area .,several dense new residential have appeared in different areas in the parking area and a residential has disappeared in the left center in the parking area
001023_cap,0,0,0,appear,appear,OK,,,N/A,bottom-left|center|top-left,bottom-right|center,WRONG,area,area,OK,sparse,dense,WRONG,several sparse new residential have appeared in the top left to bottom left in the parking area and a residential has disappeared in the bottom center in the parking area .,several dense new residential have appeared in different areas in the parking area and several closely located residential have disappeared in the center to bottom right in the parking area
001024_cap,1,0,0,appear,appear,OK,,,N/A,bottom-left|center|top-right,bottom-left|center|top-right,OK,area,area,OK,sparse,sparse,OK,a new residential has appeared in the top right in the parking area and several sparse residential have disappeared in the bottom left to right center in the parking area .,a new residential has appeared in the top right in the parking area and several sparse residential have disappeared in the bottom left to right center in the parking area
001029_cap,1,0,0,appear,appear,OK,,,N/A,bottom-left|center|top-left,bottom-left|center|top-left,OK,area,area,OK,sparse,sparse,OK,several sparse new residential have appeared in the top center to bottom left in the parking area and several sparse residential have disappeared in the top left to bottom center in the parking area .,several sparse new residential have appeared in the top center to bottom left in the parking area and several sparse residential have disappeared in the top left to bottom center in the parking area
001030_cap,1,0,0,appear,appear,OK,,,N/A,bottom-left|top-left,bottom-left|top-left,OK,among|area,among|area,OK,,,N/A,a new residential has appeared in the top left among the trees and a residential has disappeared in the bottom left in the parking area .,a new residential has appeared in the top left in the parking area and a residential has disappeared in the bottom left among the trees
001044_cap,1,0,0,appear,appear,OK,,,N/A,bottom-left|center|top-right,bottom-left|center|top-right,OK,area,area,OK,sparse,sparse,OK,several sparse new residential have appeared in the bottom left to left center in the parking area and several sparse residential have disappeared in the top right to bottom center in the parking area .,a new residential has appeared in the bottom left in the parking area and several sparse residential have disappeared in the top right to bottom center in the parking area
001062_cap,1,0,0,appear,appear,OK,,,N/A,center|top,center|top,OK,among|area,among|area,OK,sparse,sparse,OK,several sparse new residential have appeared in different areas in the parking area and a residential has disappeared in the top center among the trees .,several sparse new residential have appeared in different areas in the parking area and a residential has disappeared in the top center among the trees
001069_cap,0,0,0,appear,appear,OK,,,N/A,top-right,bottom|center|top-right,WRONG,among|area,area|tree,PART,dense,dense,OK,several dense new residential have appeared in different areas in the parking area and a residential has disappeared in the top right among the trees .,several dense new residential have appeared in different areas in the parking area and several sparse residential have disappeared in the top right to bottom center among the trees
001070_cap,0,0,0,appear,appear,OK,,,N/A,center|top-left|top-right,center|top-right,WRONG,area|tree,area|tree,OK,dense,dense,OK,several dense new residential have appeared in the top left in the parking area and several sparse residential have disappeared in the top center to top right among the trees .,several dense new residential have appeared in different areas in the parking area and several sparse residential have disappeared in the top center to top right among the trees
001073_cap,0,0,0,appear,appear,OK,,,N/A,bottom-right|center|top-right,bottom-right|center|top,WRONG,area|tree,area|tree,OK,sparse,sparse,OK,a new residential has appeared in the top right in the parking area and several sparse residential have disappeared in the top center to bottom right among the trees .,several sparse new residential have appeared in different areas in the parking area and several sparse residential have disappeared in the top center to bottom right among the trees
001077_cap,1,0,0,appear,appear,OK,,,N/A,bottom-left|bottom-right|center,bottom-left|bottom-right|center,OK,area|tree,area|tree,OK,sparse,sparse,OK,several sparse new residential have appeared in the bottom center to right center in the parking area and several sparse residential have disappeared in the bottom left to bottom right among the trees .,several sparse new residential have appeared in the bottom left to right center in the parking area and several sparse residential have disappeared in the bottom left to bottom right among the trees
001079_cap,0,0,0,appear,appear,OK,,,N/A,center|left|top-right,bottom-right|center|left|top-right,WRONG,area,area|tree,PART,sparse,dense,WRONG,several sparse new residential have appeared in the right center to left center in the parking area and a residential has disappeared in the top right in the parking area .,several dense new residential have appeared in the bottom right to left center among the trees and a residential has disappeared in the top right in the parking area
001082_cap,0,0,0,appear,appear,OK,,,N/A,bottom-left,bottom-left|bottom-right|top-left,WRONG,area,area,OK,dense,dense,OK,several dense new residential have appeared in different areas in the parking area and a residential has disappeared in the bottom left in the parking area .,several dense new residential have appeared in the top left to bottom right in the parking area and a residential has disappeared in the bottom left in the parking area
001084_cap,0,0,0,appear,appear,OK,,,N/A,bottom-right|top-right,-,WRONG,area,area,OK,sparse,dense,WRONG,several sparse new residential have appeared in the top right to bottom right in the parking area and no building has disappeared in the area .,several dense new residential have appeared in different areas in the parking area and no building has disappeared in the area
001085_cap,1,0,0,appear,appear,OK,,,N/A,center|right,center|right,OK,among|area,among|area,OK,dense,dense,OK,several dense new residential have appeared in different areas in the parking area and a residential has disappeared in the right center among the trees .,several dense new residential have appeared in different areas in the parking area and a residential has disappeared in the right center among the trees
001086_cap,0,0,0,appear,appear,OK,,,N/A,center|top,center|top-left,WRONG,among|area,area,PART,dense,dense,OK,several dense new residential have appeared in different areas in the parking area and a residential has disappeared in the top center among the trees .,several dense new residential have appeared in the top left to left center in the parking area and a residential has disappeared in the top center in the parking area
001087_cap,1,0,0,appear,appear,OK,,,N/A,bottom-right|top-left,bottom-right|top-left,OK,among|area,among|area,OK,,,N/A,a new residential has appeared in the bottom right in the parking area and a residential has disappeared in the top left among the trees .,a new residential has appeared in the bottom right in the parking area and a residential has disappeared in the top left among the trees
001088_cap,0,0,0,appear,appear,OK,,,N/A,bottom|center|top-right,bottom-left,WRONG,among|area,area,PART,,,N/A,a new residential has appeared in the bottom center in the parking area and a residential has disappeared in the top right among the trees .,several sparse new residential have appeared in the bottom left to bottom left in the parking area and no building has disappeared in the area
001093_cap,0,0,0,appear,appear,OK,,,N/A,bottom|center,bottom-right|center,WRONG,area,area,OK,sparse,dense,WRONG,several sparse new residential have appeared in different areas in the parking area and a residential has disappeared in the bottom center in the parking area .,several dense new residential have appeared in the bottom right to right center in the parking area and a residential has disappeared in the bottom center in the parking area
001094_cap,0,0,0,appear,appear,OK,,,N/A,bottom-left,bottom-left,OK,among|area,area,PART,dense,dense,OK,several dense new residential have appeared in different areas in the parking area and a residential has disappeared in the bottom left among the trees .,several dense new residential have appeared in different areas in the parking area and a residential has disappeared in the bottom left in the parking area
001097_cap,1,0,0,appear,appear,OK,,,N/A,bottom-right|center|left,bottom-right|center|left,OK,area,area,OK,sparse,sparse,OK,several sparse new residential have appeared in the bottom right to left center in the parking area and no building has disappeared in the area .,several sparse new residential have appeared in the left center to bottom right in the parking area and no building has disappeared in the area
001106_cap,0,0,0,appear,appear,OK,,,N/A,bottom|center|right|top,center|right,WRONG,area,area,OK,sparse,sparse,OK,a new residential has appeared in the top center in the parking area and several sparse residential have disappeared in the bottom center to right center in the parking area .,several sparse new residential have appeared in different areas in the parking area and several sparse residential have disappeared in the center to right center in the parking area
001113_cap,0,0,0,appear,appear,OK,,,N/A,bottom-right|center|left,bottom|center,WRONG,among|area,among|area,OK,sparse,dense,WRONG,several sparse new residential have appeared in the bottom right to left center in the parking area and a residential has disappeared in the bottom right among the trees .,several dense new residential have appeared in different areas in the parking area and a residential has disappeared in the bottom center among the trees
001116_cap,0,0,0,appear,appear,OK,,,N/A,bottom-left|center,bottom-left|center,OK,area,among|area,PART,,,N/A,a new residential has appeared in the bottom left in the parking area and a residential has disappeared in the left center in the parking area .,a new residential has appeared in the bottom left in the parking area and a residential has disappeared in the left center among the trees
001125_cap,1,0,0,appear,appear,OK,,,N/A,bottom-right|top-left,bottom-right|top-left,OK,area,area,OK,sparse,sparse,OK,several sparse new residential have appeared in the top left to bottom right in the parking area and no building has disappeared in the area .,several sparse new residential have appeared in the top left to bottom right in the parking area and no building has disappeared in the area
001127_cap,0,0,0,appear,appear,OK,,,N/A,bottom|center|top-right,-,WRONG,area,area,OK,sparse,dense,WRONG,several sparse new residential have appeared in the top right to bottom center in the parking area and no building has disappeared in the area .,several dense new residential have appeared in different areas in the parking area and no building has disappeared in the area
001134_cap,1,0,0,appear,appear,OK,,,N/A,bottom-left|center|top,bottom-left|center|top,OK,area,area,OK,sparse,sparse,OK,several sparse new residential have appeared in the top center to bottom left in the parking area and no building has disappeared in the area .,several sparse new residential have appeared in the top center to bottom left in the parking area and no building has disappeared in the area
001136_cap,0,0,0,appear,appear,OK,,,N/A,bottom|center|left,bottom|center|top-left,WRONG,area,area,OK,dense,dense,OK,several dense new residential have appeared in different areas in the parking area and several sparse residential have disappeared in the bottom center to left center in the parking area .,several dense new residential have appeared in different areas in the parking area and several sparse residential have disappeared in the top left to bottom center in the parking area
001139_cap,0,0,0,appear,appear,OK,,,N/A,bottom-right,-,WRONG,among|area,area,PART,dense,dense,OK,several dense new residential have appeared in different areas in the parking area and a residential has disappeared in the bottom right among the trees .,several dense new residential have appeared in different areas in the parking area and no building has disappeared in the area
001140_cap,0,0,0,appear,appear,OK,,,N/A,bottom-right|center|left,bottom|center,WRONG,area,among|area,PART,sparse,sparse,OK,several sparse new residential have appeared in the bottom right to left center in the parking area and a residential has disappeared in the bottom center in the parking area .,several sparse new residential have appeared in different areas in the parking area and a residential has disappeared in the bottom center among the trees
001141_cap,0,0,0,appear,appear,OK,,,N/A,bottom-left|bottom-right|center,bottom-left|center,WRONG,area,area,OK,sparse,-,WRONG,several sparse new residential have appeared in the bottom center to bottom right in the parking area and a residential has disappeared in the bottom left in the parking area .,a new residential has appeared in the center in the parking area and a residential has disappeared in the bottom left in the parking area
001142_cap,0,0,0,appear,appear,OK,,,N/A,bottom-left|bottom-right,bottom-right,WRONG,area,area,OK,sparse,sparse,OK,several sparse new residential have appeared in the bottom left to bottom right in the parking area and no building has disappeared in the area .,several sparse new residential have appeared in the bottom right to bottom right in the parking area and no building has disappeared in the area
001144_cap,0,0,0,appear,appear,OK,,,N/A,bottom-left|bottom-right|center|top-left,bottom-left|bottom-right|center|top,WRONG,area,area,OK,sparse,sparse,OK,several sparse new residential have appeared in the top center to bottom left in the parking area and several sparse residential have disappeared in the top left to bottom right in the parking area .,several sparse new residential have appeared in the top center to bottom left in the parking area and several sparse residential have disappeared in the bottom center to bottom right in the parking area
001155_cap,1,0,0,appear,appear,OK,,,N/A,center|right,center|right,OK,area,area,OK,dense,dense,OK,several dense new residential have appeared in different areas in the parking area and a residential has disappeared in the right center in the parking area .,several dense new residential have appeared in different areas in the parking area and a residential has disappeared in the right center in the parking area
001163_cap,1,0,0,appear,appear,OK,,,N/A,bottom-right,bottom-right,OK,among|area,among|area,OK,sparse,sparse,OK,several sparse new residential have appeared in different areas in the parking area and a residential has disappeared in the bottom right among the trees .,several sparse new residential have appeared in different areas in the parking area and a residential has disappeared in the bottom right among the trees
001168_cap,0,0,0,appear,appear,OK,,,N/A,top-right,bottom-left|top-right,WRONG,area,area,OK,,,N/A,a new residential has appeared in the top right in the parking area and no building has disappeared in the area .,several sparse new residential have appeared in the top right to bottom left in the parking area and no building has disappeared in the area
001169_cap,0,0,0,appear,appear,OK,,,N/A,center|top,center|top-left,WRONG,among|area,area,PART,,,N/A,a new residential has appeared in the top center among the trees and no building has disappeared in the area .,several sparse new residential have appeared in the top left to top center in the parking area and no building has disappeared in the area
001171_cap,0,0,0,appear,appear,OK,,,N/A,bottom|center|top-right,bottom|center|top-right,OK,among|area,area,PART,sparse,sparse,OK,several sparse new residential have appeared in the top center to bottom center in the parking area and a residential has disappeared in the top right among the trees .,several sparse new residential have appeared in the top center to bottom center in the parking area and a residential has disappeared in the top right in the parking area
001176_cap,1,0,0,appear,appear,OK,,,N/A,center|left,center|left,OK,area,area,OK,,,N/A,a new residential has appeared in the left center in the parking area and no building has disappeared in the area .,a new residential has appeared in the left center in the parking area and no building has disappeared in the area
001186_cap,0,0,0,appear,appear,OK,,,N/A,bottom|center|top-left|top-right,bottom|center|left|top,WRONG,area,among|area,PART,sparse,sparse,OK,several sparse new residential have appeared in the bottom center to left center in the parking area and several sparse residential have disappeared in the top left to top right in the parking area .,several sparse new residential have appeared in the bottom center to left center in the parking area and a residential has disappeared in the top center among the trees
001201_cap,1,0,0,appear,appear,OK,,,N/A,center|right,center|right,OK,among|area,among|area,OK,,,N/A,several closely located new residential have appeared in the center to right center in the parking area and a residential has disappeared in the right center among the trees .,several dense new residential have appeared in different areas in the parking area and a residential has disappeared in the right center among the trees
001203_cap,1,0,0,appear,appear,OK,,,N/A,bottom|center|left|top-right,bottom|center|left|top-right,OK,area,area,OK,sparse,sparse,OK,a new residential has appeared in the bottom center in the parking area and several sparse residential have disappeared in the top right to left center in the parking area .,a new residential has appeared in the bottom center in the parking area and several sparse residential have disappeared in the top right to left center in the parking area
001212_cap,0,0,0,appear,appear,OK,,,N/A,top-left|top-right,-,WRONG,area,area,OK,sparse,dense,WRONG,several sparse new residential have appeared in the top left to top right in the parking area and no building has disappeared in the area .,several dense new residential have appeared in different areas in the parking area and no building has disappeared in the area
001216_cap,1,0,0,appear,appear,OK,,,N/A,top-right,top-right,OK,among|area,among|area,OK,,,N/A,a new residential has appeared in the top right among the trees and no building has disappeared in the area .,a new residential has appeared in the top right among the trees and no building has disappeared in the area
001223_cap,0,0,0,appear,appear,OK,,,N/A,bottom-right|top-right,bottom-right|top-right,OK,area,area,OK,dense,sparse,WRONG,several dense new residential have appeared in different areas in the parking area and several sparse residential have disappeared in the top right to bottom right in the parking area .,several sparse new residential have appeared in different areas in the parking area and several sparse residential have disappeared in the top right to bottom right in the parking area
001227_cap,1,0,0,appear,appear,OK,,,N/A,,,N/A,area,area,OK,dense,dense,OK,several dense new residential have appeared in different areas in the parking area and no building has disappeared in the area .,several dense new residential have appeared in different areas in the parking area and no building has disappeared in the area
001229_cap,0,0,0,appear,appear,OK,,,N/A,bottom-right|top-left,-,WRONG,area,area,OK,sparse,sparse,OK,several sparse new residential have appeared in the top left to bottom right in the parking area and no building has disappeared in the area .,several sparse new residential have appeared in different areas in the parking area and no building has disappeared in the area
001231_cap,0,0,0,appear,appear,OK,one,-,WRONG,bottom-right|center|top-right,center,WRONG,area,area,OK,sparse,dense,WRONG,several sparse new residential have appeared in the top right to bottom right in the parking area and a building has disappeared in the center in the parking area .,several dense new residential have appeared in different areas in the parking area and a residential has disappeared in the center in the parking area
001233_cap,1,0,0,appear,appear,OK,,,N/A,,,N/A,area,area,OK,dense,dense,OK,several dense new residential have appeared in different areas in the parking area and no building has disappeared in the area .,several dense new residential have appeared in the top left in the parking area and no building has disappeared in the area
001240_cap,0,0,0,appear,appear,OK,,,N/A,center|top-right,center|left|top-right,WRONG,area,area,OK,dense,sparse,WRONG,several dense new residential have appeared in the top right in the parking area and a residential has disappeared in the center in the parking area .,several sparse new residential have appeared in the top right to left center in the parking area and a residential has disappeared in the center in the parking area
001245_cap,0,0,0,appear,appear,OK,,,N/A,center|top-left,center|top-left,OK,area,among|area,PART,,,N/A,a new residential has appeared in the top center in the parking area and a residential has disappeared in the top left in the parking area .,a new residential has appeared in the top center in the parking area and a residential has disappeared in the top left among the trees
001251_cap,1,0,0,appear,appear,OK,,,N/A,,,N/A,area,area,OK,sparse,sparse,OK,several sparse new residential have appeared in different areas in the parking area and no building has disappeared in the area .,several sparse new residential have appeared in the bottom right to left center in the parking area and no building has disappeared in the area
001260_cap,1,0,0,appear,appear,OK,,,N/A,bottom-right|center|left,bottom-right|center|left,OK,area,area,OK,,,N/A,a new residential has appeared in the bottom right in the parking area and a residential has disappeared in the left center in the parking area .,a new residential has appeared in the bottom right in the parking area and a residential has disappeared in the left center in the parking area
001263_cap,0,0,0,appear,appear,OK,,,N/A,bottom-left|bottom-right,bottom-left|bottom-right,OK,area,area,OK,sparse,-,WRONG,several sparse new residential have appeared in the bottom left to bottom right in the parking area and a residential has disappeared in the bottom right in the parking area .,a new residential has appeared in the bottom left in the parking area and a residential has disappeared in the bottom right in the parking area
001267_cap,0,0,0,appear,appear,OK,,,N/A,top-left,top-left,OK,area,among|area,PART,dense,dense,OK,several dense new residential have appeared in different areas in the parking area and a residential has disappeared in the top left in the parking area .,several dense new residential have appeared in different areas in the parking area and a residential has disappeared in the top left among the trees
001272_cap,1,0,0,appear,appear,OK,,,N/A,bottom-right|center|top-left|top-right,bottom-right|center|top-left|top-right,OK,area,area,OK,sparse,sparse,OK,several sparse new residential have appeared in the top left to bottom right in the parking area and several sparse residential have disappeared in the top right to bottom center in the parking area .,several sparse new residential have appeared in the top left to bottom right in the parking area and several sparse residential have disappeared in the top right to bottom center in the parking area
001277_cap,1,0,0,appear,appear,OK,,,N/A,,,N/A,area,area,OK,dense,dense,OK,several dense new residential have appeared in different areas in the parking area and no building has disappeared in the area .,several dense new residential have appeared in different areas in the parking area and no building has disappeared in the area
001285_cap,0,0,0,appear,appear,OK,,,N/A,bottom-right,center|right,WRONG,area,area,OK,,,N/A,a new residential has appeared in the bottom right in the parking area and no building has disappeared in the area .,a new residential has appeared in the right center in the parking area and no building has disappeared in the area
001286_cap,0,0,0,appear,appear,OK,,,N/A,bottom-left,center|left,WRONG,area,area,OK,,,N/A,a new residential has appeared in the bottom left in the parking area and no building has disappeared in the area .,several sparse new residential have appeared in the left center to left center in the parking area and no building has disappeared in the area
001287_cap,1,1,1,none,none,OK,,,N/A,,,N/A,,,N/A,,,N/A,no building has appeared in the area and no building has disappeared in the area .,no building has appeared in the area and no building has disappeared in the area
001289_cap,1,0,0,appear,appear,OK,,,N/A,center,center,OK,area,area,OK,,,N/A,a new residential has appeared in the center in the parking area and no building has disappeared in the area .,a new residential has appeared in the center in the parking area and no building has disappeared in the area
001293_cap,0,0,0,appear,appear,OK,,,N/A,bottom-right,bottom-right,OK,area,area,OK,dense,sparse,WRONG,several dense new residential have appeared in different areas in the parking area and a residential has disappeared in the bottom right in the parking area .,several sparse new residential have appeared in different areas in the parking area and a residential has disappeared in the bottom right in the parking area
001296_cap,0,0,0,appear,appear,OK,,,N/A,bottom-right|center,bottom-right|center,OK,area|tree,area,PART,,,N/A,several closely located new residential have appeared in the center to bottom right among the trees and no building has disappeared in the area .,several sparse new residential have appeared in the center to bottom right in the parking area and no building has disappeared in the area
001300_cap,0,0,0,appear,appear,OK,,,N/A,bottom|center|left|top-right,bottom-left|center|top-right,WRONG,area,area|tree,PART,sparse,sparse,OK,a new residential has appeared in the left center in the parking area and several sparse residential have disappeared in the top right to bottom center in the parking area .,a new residential has appeared in the left center in the parking area and several sparse residential have disappeared in the top right to bottom left among the trees
001310_cap,0,0,0,appear,appear,OK,,,N/A,top-left,-,WRONG,area,area,OK,dense,dense,OK,several dense new residential have appeared in the top left in the parking area and no building has disappeared in the area .,several dense new residential have appeared in different areas in the parking area and no building has disappeared in the area
001320_cap,1,0,0,appear,appear,OK,,,N/A,,,N/A,area,area,OK,dense,dense,OK,several dense new residential have appeared in different areas in the parking area and no building has disappeared in the area .,several dense new residential have appeared in different areas in the parking area and no building has disappeared in the area
001328_cap,0,0,0,appear,appear,OK,,,N/A,bottom-left|center|top-left,bottom-left|center|top-left,OK,area,among|area,PART,sparse,sparse,OK,several sparse new residential have appeared in the top left to bottom center in the parking area and several closely located residential have disappeared in the bottom left in the parking area .,several sparse new residential have appeared in the top left to bottom center in the parking area and a residential has disappeared in the bottom left among the trees
001329_cap,1,0,0,appear,appear,OK,,,N/A,bottom-left|bottom-right,bottom-left|bottom-right,OK,area,area,OK,,,N/A,a new residential has appeared in the bottom left in the parking area and a residential has disappeared in the bottom right in the parking area .,a new residential has appeared in the bottom left in the parking area and a residential has disappeared in the bottom right to bottom right in the parking area
001337_cap,0,0,0,appear,appear,OK,,,N/A,bottom-left|bottom-right,bottom-left|bottom-right,OK,area,area,OK,sparse,dense,WRONG,several sparse new residential have appeared in different areas in the parking area and several sparse residential have disappeared in the bottom left to bottom right in the parking area .,several dense new residential have appeared in different areas in the parking area and several sparse residential have disappeared in the bottom left to bottom right in the parking area
001345_cap,1,0,0,disappear,disappear,OK,,,N/A,bottom-right,bottom-right,OK,area,area,OK,,,N/A,no building has appeared in the area and a residential has disappeared in the bottom right in the parking area .,no building has appeared in the area and a residential has disappeared in the bottom right in the parking area
001353_cap,1,0,0,disappear,disappear,OK,,,N/A,bottom-right,bottom-right,OK,area,area,OK,,,N/A,no building has appeared in the area and a residential has disappeared in the bottom right in the parking area .,no building has appeared in the area and a residential has disappeared in the bottom right in the parking area
001354_cap,0,0,0,disappear,appear,WRONG,,,N/A,bottom|center,bottom-right|center,WRONG,area,area,OK,,,N/A,no building has appeared in the area and a residential has disappeared in the bottom center in the parking area .,a new residential has appeared in the bottom right in the parking area and a residential has disappeared in the bottom center in the parking area
001357_cap,1,0,0,appear,appear,OK,,,N/A,center|right|top-left,center|right|top-left,OK,area,area,OK,,,N/A,a new residential has appeared in the top left in the parking area and a residential has disappeared in the right center in the parking area .,a new residential has appeared in the top left in the parking area and a residential has disappeared in the right center in the parking area
001361_cap,1,0,0,appear,appear,OK,,,N/A,,,N/A,area,area,OK,dense,dense,OK,several dense new residential have appeared in different areas in the parking area and no building has disappeared in the area .,several dense new residential have appeared in different areas in the parking area and no building has disappeared in the area
001367_cap,0,0,0,appear,appear,OK,,,N/A,bottom|center|top-left,bottom-right|top-left,WRONG,area,area,OK,sparse,sparse,OK,several sparse new residential have appeared in the top left to bottom center in the parking area and no building has disappeared in the area .,several sparse new residential have appeared in the top left to bottom right in the parking area and no building has disappeared in the area
001373_cap,0,0,0,appear,appear,OK,,,N/A,bottom-left|bottom-right|center|top-left,bottom-left|center|right|top-left,WRONG,area,area,OK,sparse,sparse,OK,several sparse new residential have appeared in the bottom center to bottom right in the parking area and several sparse residential have disappeared in the top left to bottom left in the parking area .,several sparse new residential have appeared in the bottom center to right center in the parking area and several sparse residential have disappeared in the top left to bottom left in the parking area
001376_cap,0,0,0,appear,appear,OK,,,N/A,bottom-left|top-left,bottom|center|top-left,WRONG,area,area,OK,sparse,sparse,OK,several sparse new residential have appeared in the top left to bottom left in the parking area and no building has disappeared in the area .,several sparse new residential have appeared in the top left to bottom center in the parking area and no building has disappeared in the area
001379_cap,0,0,0,appear,appear,OK,,,N/A,center|right|top-left,center|right|top-left,OK,among|area,area,PART,sparse,dense,WRONG,several sparse new residential have appeared in different areas among the trees and several sparse residential have disappeared in the top left to right center in the parking area .,several dense new residential have appeared in different areas in the parking area and several sparse residential have disappeared in the top left to right center in the parking area
001385_cap,1,0,0,appear,appear,OK,,,N/A,bottom-right|center|left,bottom-right|center|left,OK,area,area,OK,sparse,sparse,OK,several sparse new residential have appeared in the bottom right to left center in the parking area and no building has disappeared in the area .,several sparse new residential have appeared in the bottom right to left center in the parking area and no building has disappeared in the area
001390_cap,0,0,0,appear,appear,OK,one,-,WRONG,center|top-right,center|top-right,OK,area,area,OK,,,N/A,a new residential has appeared in the top right in the parking area and a building has disappeared in the top center in the parking area .,a new residential has appeared in the top right in the parking area and a residential has disappeared in the center in the parking area
001394_cap,0,0,0,disappear,appear,WRONG,,,N/A,,,N/A,area,area,OK,dense,sparse,WRONG,no building has appeared in the area and several dense residential have disappeared in different areas in the parking area .,a new residential has appeared in the top right in the parking area and several sparse residential have disappeared in the bottom center to left center in the parking area
001405_cap,1,0,0,appear,appear,OK,,,N/A,bottom-left,bottom-left,OK,area,area,OK,dense,dense,OK,several dense new residential have appeared in different areas in the parking area and a residential has disappeared in the bottom left in the parking area .,several dense new residential have appeared in different areas in the parking area and a residential has disappeared in the bottom left in the parking area
001409_cap,1,0,0,appear,appear,OK,,,N/A,center,center,OK,area,area,OK,,,N/A,a new residential has appeared in the center in the parking area and no building has disappeared in the area .,a new residential has appeared in the center in the parking area and no building has disappeared in the area
001416_cap,1,0,0,appear,appear,OK,,,N/A,,,N/A,area,area,OK,dense,dense,OK,several dense new residential have appeared in different areas in the parking area and no building has disappeared in the area .,several dense new residential have appeared in different areas in the parking area and no building has disappeared in the area
001430_cap,0,0,0,appear,appear,OK,,,N/A,bottom-left|top-right,bottom-left|center,WRONG,area,area,OK,sparse,dense,WRONG,several sparse new residential have appeared in the top right to bottom left in the parking area and no building has disappeared in the area .,several dense new residential have appeared in the center to bottom left in the parking area and no building has disappeared in the area
001433_cap,1,0,0,appear,appear,OK,,,N/A,top-right,top-right,OK,area,area,OK,,,N/A,a new residential has appeared in the top right in the parking area and no building has disappeared in the area .,a new residential has appeared in the top right in the parking area and no building has disappeared in the area
001439_cap,0,0,0,disappear,disappear,OK,,,N/A,center|right,center,WRONG,area,area,OK,,,N/A,no building has appeared in the area and a residential has disappeared in the right center in the parking area .,no building has appeared in the area and several sparse residential have disappeared in the center in the parking area
001449_cap,0,0,0,appear,appear,OK,,,N/A,bottom-right|center|top-right,top-right,WRONG,area,area,OK,sparse,sparse,OK,a new residential has appeared in the top right in the parking area and several sparse residential have disappeared in the center to bottom right in the parking area .,a new residential has appeared in the top right in the parking area and several sparse residential have disappeared in different areas in the parking area
001452_cap,1,0,0,appear,appear,OK,,,N/A,,,N/A,area,area,OK,dense,dense,OK,several dense new residential have appeared in different areas in the parking area and no building has disappeared in the area .,several dense new residential have appeared in different areas in the parking area and no building has disappeared in the area
001456_cap,0,0,0,appear,appear,OK,,,N/A,center|top,bottom-left|top-left,WRONG,area,area,OK,sparse,dense,WRONG,several sparse new residential have appeared in different areas in the parking area and a residential has disappeared in the top center in the parking area .,several dense new residential have appeared in different areas in the parking area and several sparse residential have disappeared in the top left to bottom left in the parking area
001466_cap,0,0,0,appear,appear,OK,,,N/A,bottom-left|bottom-right|top-left,bottom-right|center|top-left,WRONG,area|tree,among|tree,PART,sparse,sparse,OK,a new residential has appeared in the bottom right in the parking area and several sparse residential have disappeared in the top left to bottom left among the trees .,a new residential has appeared in the bottom right among the trees and several sparse residential have disappeared in the top left to bottom center among the trees
001471_cap,0,0,0,appear,appear,OK,,,N/A,bottom-left|center|top,-,WRONG,area,area,OK,sparse,dense,WRONG,several sparse new residential have appeared in the top center to bottom left in the parking area and no building has disappeared in the area .,several dense new residential have appeared in different areas in the parking area and no building has disappeared in the area
001482_cap,1,0,0,appear,appear,OK,,,N/A,bottom-right|center|top-left|top-right,bottom-right|center|top-left|top-right,OK,area|tree,area|tree,OK,sparse,sparse,OK,several sparse new residential have appeared in the top right to bottom right in the parking area and several sparse residential have disappeared in the top left to center among the trees .,several sparse new residential have appeared in the top right to bottom right in the parking area and several sparse residential have disappeared in the top left to center among the trees
001483_cap,1,0,0,appear,appear,OK,,,N/A,center|left,center|left,OK,area,area,OK,dense,dense,OK,several dense new residential have appeared in different areas in the parking area and a residential has disappeared in the left center in the parking area .,several dense new residential have appeared in different areas in the parking area and a residential has disappeared in the left center in the parking area
001487_cap,1,0,0,appear,appear,OK,,,N/A,,,N/A,area,area,OK,dense,dense,OK,several dense new residential have appeared in different areas in the parking area and no building has disappeared in the area .,several dense new residential have appeared in different areas in the parking area and no building has disappeared in the area
001492_cap,1,0,0,appear,appear,OK,,,N/A,bottom-right|center|top-left,bottom-right|center|top-left,OK,area,area,OK,sparse,sparse,OK,several sparse new residential have appeared in the top center to bottom right in the parking area and several closely located residential have disappeared in the top left to center in the parking area .,several sparse new residential have appeared in the top center to bottom right in the parking area and several sparse residential have disappeared in the top left to left center in the parking area
001494_cap,0,0,0,appear,appear,OK,,,N/A,bottom-left|center|right,-,WRONG,area,area,OK,sparse,dense,WRONG,several sparse new residential have appeared in the bottom left to right center in the parking area and no building has disappeared in the area .,several dense new residential have appeared in different areas in the parking area and no building has disappeared in the area
001495_cap,1,0,0,appear,appear,OK,,,N/A,,,N/A,area,area,OK,dense,dense,OK,several dense new residential have appeared in different areas in the parking area and no building has disappeared in the area .,several dense new buildings have appeared in the top left to bottom left in the parking area and no building has disappeared in the area
001513_cap,0,0,0,appear,appear,OK,,,N/A,bottom-left|center|top,bottom-left|center|top-right,WRONG,area,area,OK,sparse,sparse,OK,several sparse new residential have appeared in the top center to left center in the parking area and a residential has disappeared in the bottom left in the parking area .,several sparse new residential have appeared in the top right to left center in the parking area and a residential has disappeared in the bottom left in the parking area
001514_cap,0,0,0,appear,appear,OK,,,N/A,bottom-right|top-left,-,WRONG,area,area,OK,sparse,sparse,OK,several sparse new residential have appeared in the top left to bottom right in the parking area and no building has disappeared in the area .,several sparse new residential have appeared in different areas in the parking area and no building has disappeared in the area
001517_cap,1,0,0,disappear,disappear,OK,,,N/A,bottom|center,bottom|center,OK,area,area,OK,,,N/A,no building has appeared in the area and a residential has disappeared in the bottom center in the parking area .,no building has appeared in the area and several closely located residential have disappeared in the bottom center in the parking area
001530_cap,0,0,0,appear,appear,OK,,,N/A,bottom-left|center,bottom-left,WRONG,area,area,OK,sparse,dense,WRONG,several sparse new residential have appeared in the center to bottom left in the parking area and a residential has disappeared in the bottom left in the parking area .,several dense new residential have appeared in different areas in the parking area and a residential has disappeared in the bottom left in the parking area
001532_cap,0,0,0,appear,appear,OK,,,N/A,center|top-left|top-right,center|top-left|top-right,OK,area|tree,area,PART,sparse,sparse,OK,a new residential has appeared in the top left in the parking area and several sparse residential have disappeared in the top center to top right among the trees .,a new residential has appeared in the top left in the parking area and several sparse residential have disappeared in the top right to center in the parking area
001551_cap,0,0,0,appear,appear,OK,,,N/A,bottom-right,bottom-right|center|left|top-right,WRONG,area,area,OK,sparse,sparse,OK,several sparse new residential have appeared in the bottom right in the parking area and several dense residential have disappeared in different areas in the parking area .,several sparse new residential have appeared in the top center to bottom right in the parking area and several sparse residential have disappeared in the top right to left center in the parking area
001553_cap,0,0,0,appear,appear,OK,,,N/A,center|top-left,center,WRONG,area,area,OK,dense,dense,OK,several dense new residential have appeared in different areas in the parking area and several sparse residential have disappeared in the top left to center in the parking area .,several dense new residential have appeared in different areas in the parking area and a residential has disappeared in the center in the parking area
001555_cap,1,0,0,appear,appear,OK,,,N/A,bottom|center|left,bottom|center|left,OK,area,area,OK,,,N/A,a new residential has appeared in the bottom center in the parking area and a residential has disappeared in the left center in the parking area .,a new residential has appeared in the bottom center in the parking area and a residential has disappeared in the left center in the parking area
001557_cap,0,0,0,appear,appear,OK,,,N/A,bottom-right|center,bottom-right|center,OK,area,among|area,PART,,,N/A,a new residential has appeared in the bottom center in the parking area and a residential has disappeared in the bottom right in the parking area .,a new residential has appeared in the center in the parking area and a residential has disappeared in the bottom right among the trees
001564_cap,0,0,0,appear,appear,OK,one,-,WRONG,bottom-left|bottom-right|center,bottom-left|bottom-right|center|top-right,WRONG,area,area,OK,sparse,sparse,OK,a new building has appeared in the right center in the parking area and several sparse residential have disappeared in the bottom left to bottom right in the parking area .,several closely located new residential have appeared in the top right to bottom right in the parking area and several sparse residential have disappeared in the bottom left to right center in the parking area
001567_cap,0,0,0,appear,appear,OK,,,N/A,bottom-left,bottom|center,WRONG,area,area,OK,dense,dense,OK,several dense new residential have appeared in different areas in the parking area and a residential has disappeared in the bottom left in the parking area .,several dense new residential have appeared in different areas in the parking area and a residential has disappeared in the bottom center in the parking area
001573_cap,0,0,0,appear,appear,OK,,,N/A,bottom-right|center,bottom|center,WRONG,area|tree,area,PART,,,N/A,several closely located new residential have appeared in the bottom center to bottom right among the trees and no building has disappeared in the area .,several sparse new residential have appeared in the bottom center to bottom center in the parking area and no building has disappeared in the area
001577_cap,0,0,0,appear,appear,OK,,,N/A,center|top-left|top-right,center|right|top-left,WRONG,area,area,OK,sparse,-,WRONG,several sparse new residential have appeared in the top left to right center in the parking area and a residential has disappeared in the top right in the parking area .,a new residential has appeared in the top left in the parking area and a residential has disappeared in the right center in the parking area
001578_cap,1,0,0,appear,appear,OK,,,N/A,center|top,center|top,OK,area,area,OK,dense,dense,OK,several dense new residential have appeared in different areas in the parking area and a residential has disappeared in the top center in the parking area .,several dense new residential have appeared in different areas in the parking area and a building has disappeared in the top center in the parking area
001600_cap,0,0,0,appear,appear,OK,,,N/A,center|top-right,bottom-left|center|top-left|top-right,WRONG,area,area,OK,dense,sparse,WRONG,several dense new residential have appeared in different areas in the parking area and several sparse residential have disappeared in the top right to right center in the parking area .,several sparse new residential have appeared in the top left to bottom left in the parking area and several sparse residential have disappeared in the top right to center in the parking area
001621_cap,0,0,0,appear,appear,OK,,,N/A,center|right|top-left,-,WRONG,area,area,OK,sparse,dense,WRONG,several sparse new residential have appeared in the top left to right center in the parking area and no building has disappeared in the area .,several dense new residential have appeared in different areas in the parking area and no building has disappeared in the area
001622_cap,1,0,0,appear,appear,OK,,,N/A,bottom-right|center,bottom-right|center,OK,area,area,OK,sparse,sparse,OK,several sparse new residential have appeared in the center to bottom right in the parking area and no building has disappeared in the area .,several sparse new residential have appeared in the center to bottom right in the parking area and no building has disappeared in the area
001633_cap,1,0,0,appear,appear,OK,,,N/A,bottom|center,bottom|center,OK,area,area,OK,,,N/A,a new residential has appeared in the bottom center in the parking area and no building has disappeared in the area .,a new residential has appeared in the bottom center in the parking area and no building has disappeared in the area
001635_cap,0,0,0,appear,appear,OK,,,N/A,bottom|center|top-right,bottom-right|center|top-right,WRONG,area,area,OK,sparse,sparse,OK,a new residential has appeared in the top right in the parking area and several sparse residential have disappeared in the center to bottom center in the parking area .,several sparse new residential have appeared in the top right to top right in the parking area and several sparse residential have disappeared in the top center to bottom right in the parking area
001636_cap,0,0,0,appear,appear,OK,,,N/A,center|left|right|top,bottom-left|center|right|top,WRONG,area,among|area,PART,sparse,sparse,OK,several sparse new residential have appeared in the top center to right center in the parking area and a residential has disappeared in the left center in the parking area .,several sparse new residential have appeared in the top center to right center in the parking area and a residential has disappeared in the bottom left among the trees
001637_cap,0,0,0,appear,appear,OK,,,N/A,bottom-right|center|top-left,bottom-right|top-left,WRONG,area,among|area,PART,sparse,-,WRONG,several sparse new residential have appeared in the top left to center in the parking area and a residential has disappeared in the bottom right in the parking area .,a new residential has appeared in the top left in the parking area and a residential has disappeared in the bottom right among the trees
001638_cap,1,0,0,appear,appear,OK,,,N/A,bottom-left|bottom-right|center,bottom-left|bottom-right|center,OK,area,area,OK,sparse,sparse,OK,a new residential has appeared in the left center in the parking area and several sparse residential have disappeared in the bottom left to bottom right in the parking area .,several sparse new residential have appeared in the left center to left center in the parking area and several sparse residential have disappeared in the bottom left to bottom right in the parking area
001643_cap,0,0,0,appear,appear,OK,,,N/A,bottom-right|top-left|top-right,bottom-right|center|top-left,WRONG,area,among|area,PART,sparse,sparse,OK,several sparse new residential have appeared in the top right to bottom right in the parking area and a residential has disappeared in the top left in the parking area .,several sparse new residential have appeared in the top center to bottom right in the parking area and a residential has disappeared in the top left among the trees
001644_cap,1,0,0,appear,appear,OK,,,N/A,top-right,top-right,OK,area,area,OK,dense,dense,OK,several dense new residential have appeared in different areas in the parking area and a residential has disappeared in the top right in the parking area .,several dense new residential have appeared in different areas in the parking area and a residential has disappeared in the top right in the parking area
001649_cap,0,0,0,appear,appear,OK,,,N/A,bottom-left|top-left,center|top-left,WRONG,area,area,OK,sparse,sparse,OK,several sparse new residential have appeared in the top left to bottom left in the parking area and several dense residential have disappeared in different areas in the parking area .,a new residential has appeared in the top left in the parking area and several sparse residential have disappeared in the top center to left center in the parking area
001650_cap,0,0,0,appear,appear,OK,,,N/A,bottom-right,bottom|center|top-right,WRONG,among,area,WRONG,sparse,sparse,OK,a new residential has appeared in the bottom right among the trees and several sparse residential have disappeared in different areas among the trees .,a new residential has appeared in the bottom center in the parking area and several sparse residential have disappeared in the top right to top right in the parking area
001654_cap,0,0,0,appear,appear,OK,,,N/A,bottom|center|left,bottom|center|top-left,WRONG,area,area,OK,sparse,sparse,OK,several sparse new residential have appeared in the bottom center to left center in the parking area and no building has disappeared in the area .,several sparse new residential have appeared in the top left to bottom center in the parking area and no building has disappeared in the area
001664_cap,0,0,0,appear,appear,OK,,,N/A,,,N/A,area,area,OK,sparse,-,WRONG,several sparse new residential have appeared in different areas in the parking area and no building has disappeared in the area .,several closely located new residential have appeared in the top right to right center in the parking area and no building has disappeared in the area
001665_cap,1,0,0,appear,appear,OK,,,N/A,,,N/A,area,area,OK,dense,dense,OK,several dense new residential have appeared in different areas in the parking area and no building has disappeared in the area .,several dense new residential have appeared in different areas in the parking area and no building has disappeared in the area
001668_cap,0,0,0,appear,appear,OK,,,N/A,center|left,center,WRONG,area,area,OK,dense,dense,OK,several dense new residential have appeared in different areas in the parking area and a residential has disappeared in the left center in the parking area .,several dense new residential have appeared in different areas in the parking area and a residential has disappeared in the center in the parking area
001673_cap,0,0,0,disappear,appear,WRONG,,,N/A,top-left,bottom-left|top-left,WRONG,area,area,OK,,,N/A,no building has appeared in the area and a residential has disappeared in the top left in the parking area .,a new residential has appeared in the bottom left in the parking area and a residential has disappeared in the top left in the parking area
001684_cap,0,0,0,appear,appear,OK,,,N/A,bottom-right|center|left,bottom-left|bottom-right|top-left,WRONG,area,area,OK,,,N/A,a new residential has appeared in the left center in the parking area and a residential has disappeared in the bottom right in the parking area .,several sparse new residential have appeared in the top left to bottom left in the parking area and a residential has disappeared in the bottom right in the parking area
001687_cap,1,0,0,appear,appear,OK,,,N/A,center|left|top,center|left|top,OK,area,area,OK,sparse,sparse,OK,several sparse new residential have appeared in the top center to left center in the parking area and no building has disappeared in the area .,several sparse new residential have appeared in the top center to left center in the parking area and no building has disappeared in the area
001689_cap,1,0,0,appear,appear,OK,,,N/A,bottom|center|top-right,bottom|center|top-right,OK,area,area,OK,sparse,sparse,OK,a new residential has appeared in the right center in the parking area and several sparse residential have disappeared in the top right to bottom center in the parking area .,a new residential has appeared in the right center in the parking area and several sparse residential have disappeared in the top right to bottom center in the parking area
001698_cap,1,0,0,appear,appear,OK,,,N/A,center|right,center|right,OK,area,area,OK,,,N/A,a new residential has appeared in the right center in the parking area and no building has disappeared in the area .,a new residential has appeared in the right center in the parking area and no building has disappeared in the area
001718_cap,0,0,0,appear,appear,OK,,,N/A,top-left|top-right,top-left|top-right,OK,area,among|area,PART,,,N/A,a new residential has appeared in the top left in the parking area and a residential has disappeared in the top right in the parking area .,a new residential has appeared in the top left in the parking area and a residential has disappeared in the top right among the trees
001719_cap,0,0,0,disappear,disappear,OK,,,N/A,center|right|top-left,center|top-left,WRONG,road,area,WRONG,sparse,sparse,OK,no building has appeared in the area and several sparse residential have disappeared in the top left to right center along the roads .,no building has appeared in the area and several sparse residential have disappeared in the top left to left center in the parking area
001723_cap,0,0,0,disappear,disappear,OK,,,N/A,bottom-right,bottom-right,OK,among,area,WRONG,,,N/A,no building has appeared in the area and a residential has disappeared in the bottom right among the trees .,no building has appeared in the area and a residential has disappeared in the bottom right in the parking area
001729_cap,1,0,0,appear,appear,OK,,,N/A,bottom|center,bottom|center,OK,area,area,OK,,,N/A,a new residential has appeared in the bottom center in the parking area and no building has disappeared in the area .,a new residential has appeared in the bottom center in the parking area and no building has disappeared in the area
001730_cap,0,0,0,appear,appear,OK,,,N/A,bottom-left|bottom-right|center,center|right,WRONG,area,area,OK,sparse,sparse,OK,several sparse new residential have appeared in the bottom left to bottom right in the parking area and a residential has disappeared in the right center in the parking area .,several sparse new residential have appeared in different areas in the parking area and several sparse residential have disappeared in the right center to right center in the parking area
001732_cap,1,0,0,appear,appear,OK,,,N/A,center|left|top-right,center|left|top-right,OK,area,area,OK,dense,dense,OK,several dense new residential have appeared in different areas in the parking area and several sparse residential have disappeared in the top right to left center in the parking area .,several dense new residential have appeared in different areas in the parking area and several sparse residential have disappeared in the top right to left center in the parking area
001733_cap,0,0,0,appear,appear,OK,,,N/A,top-right,bottom-left|top-left|top-right,WRONG,area,among|area,PART,dense,sparse,WRONG,several dense new residential have appeared in different areas in the parking area and a residential has disappeared in the top right in the parking area .,several sparse new residential have appeared in the top left to bottom left in the parking area and a residential has disappeared in the top right among the trees
001734_cap,0,0,0,appear,appear,OK,,,N/A,center|top-left|top-right,center|top-left|top-right,OK,area|tree,among|area,PART,sparse,sparse,OK,several sparse new residential have appeared in the top right to left center among the trees and a residential has disappeared in the top left in the parking area .,several sparse new residential have appeared in the top right to left center in the parking area and a residential has disappeared in the top left among the trees
001735_cap,0,0,0,appear,appear,OK,,,N/A,center|top,bottom-right|center|top,WRONG,area,area,OK,sparse,sparse,OK,several sparse new residential have appeared in the top center in the parking area and no building has disappeared in the area .,several sparse new residential have appeared in the top center to bottom right in the parking area and no building has disappeared in the area
001742_cap,0,0,0,appear,appear,OK,,,N/A,top-left|top-right,bottom|center|top-left|top-right,WRONG,area,area,OK,,,N/A,a new residential has appeared in the top left in the parking area and a residential has disappeared in the top right in the parking area .,several sparse new residential have appeared in the top left to bottom center in the parking area and a residential has disappeared in the top right in the parking area
001748_cap,1,0,0,appear,appear,OK,,,N/A,bottom|center|top-right,bottom|center|top-right,OK,area,area,OK,dense,dense,OK,several dense new residential have appeared in different areas in the parking area and several sparse residential have disappeared in the top right to bottom center in the parking area .,several dense new residential have appeared in different areas in the parking area and several sparse residential have disappeared in the top right to bottom center in the parking area
001752_cap,0,0,0,appear,appear,OK,,,N/A,bottom-right|center|top-left,bottom-left,WRONG,among|area,among|area,OK,sparse,dense,WRONG,several sparse new residential have appeared in the top left to center in the parking area and a residential has disappeared in the bottom right among the trees .,several dense new residential have appeared in different areas in the parking area and a residential has disappeared in the bottom left among the trees
001755_cap,1,0,0,appear,appear,OK,,,N/A,bottom-right|center|top-left,bottom-right|center|top-left,OK,area,area,OK,sparse,sparse,OK,several sparse new residential have appeared in the center to bottom right in the parking area and a residential has disappeared in the top left in the parking area .,several sparse new residential have appeared in the center to bottom right in the parking area and a residential has disappeared in the top left in the parking area
001761_cap,0,0,0,appear,appear,OK,,,N/A,bottom-left,bottom-left|bottom-right|top-left,WRONG,among|area,area,PART,sparse,sparse,OK,a new residential has appeared in the bottom left in the parking area and several sparse residential have disappeared in different areas among the trees .,a new residential has appeared in the bottom left in the parking area and several sparse residential have disappeared in the top left to bottom right in the parking area
001766_cap,1,1,1,none,none,OK,,,N/A,,,N/A,,,N/A,,,N/A,no building has appeared in the area and no building has disappeared in the area .,no building has appeared in the area and no building has disappeared in the area
001767_cap,1,1,1,none,none,OK,,,N/A,,,N/A,,,N/A,,,N/A,no building has appeared in the area and no building has disappeared in the area .,no building has appeared in the area and no building has disappeared in the area
001780_cap,0,0,0,appear,appear,OK,several,-,WRONG,bottom-left|bottom-right|center|top,bottom-right,WRONG,area,among,WRONG,dense,dense,OK,several dense new residential have appeared in the top center to bottom right in the parking area and several sparse houses have disappeared in the center to bottom left in the parking area .,several dense new residential have appeared in the bottom right among the trees and several sparse residential have disappeared in different areas among the trees
001781_cap,0,0,0,appear,appear,OK,,,N/A,bottom-left|center,bottom-left|center,OK,area,among|area,PART,dense,dense,OK,several dense new residential have appeared in the bottom left in the parking area and a residential has disappeared in the left center in the parking area .,several dense new residential have appeared in the bottom left in the parking area and a residential has disappeared in the left center among the trees
001787_cap,0,0,0,appear,appear,OK,several,-,WRONG,center|top-right,center,WRONG,among|tree,among|tree,OK,dense,dense,OK,several dense new residential have appeared in the right center among the trees and several sparse houses have disappeared in the top right to center among the trees .,several dense new residential have appeared in different areas among the trees and several sparse residential have disappeared in the center to center to center among the trees
001788_cap,0,0,0,appear,appear,OK,several,-,WRONG,center|right,-,WRONG,among,among,OK,dense,dense,OK,several dense new residential have appeared in different areas among the trees and several dense houses have disappeared in the right center among the trees .,several dense new residential have appeared in different areas among the trees and several sparse residential have disappeared in different areas among the trees
001795_cap,1,0,0,appear,appear,OK,,,N/A,,,N/A,among,among,OK,dense,dense,OK,several dense new residential have appeared in different areas among the trees and several dense residential have disappeared in different areas among the trees .,several dense new residential have appeared in different areas among the trees and several sparse residential have disappeared in different areas among the trees
001802_cap,0,0,0,appear,appear,OK,,,N/A,,,N/A,among|area,among|tree,PART,dense,dense,OK,several dense new residential have appeared in different areas in the parking area and several sparse residential have disappeared in different areas among the trees .,several dense new buildings have appeared in different areas among the trees and several sparse residential have disappeared in the top right to bottom left among the trees
001810_cap,1,1,1,none,none,OK,,,N/A,,,N/A,,,N/A,,,N/A,no building has appeared in the area and no building has disappeared in the area .,no building has appeared in the area and no building has disappeared in the area
001812_cap,1,1,1,none,none,OK,,,N/A,,,N/A,,,N/A,,,N/A,no building has appeared in the area and no building has disappeared in the area .,no building has appeared in the area and no building has disappeared in the area
001813_cap,1,1,1,none,none,OK,,,N/A,,,N/A,,,N/A,,,N/A,no building has appeared in the area and no building has disappeared in the area .,no building has appeared in the area and no building has disappeared in the area
001816_cap,0,0,0,appear,appear,OK,one,one,OK,bottom-right|center,bottom-right|center,OK,among,land,WRONG,,,N/A,a new house has appeared in the bottom right among the trees and a residential has disappeared in the bottom center among the trees .,a new building has appeared in the bottom right on bare land and a building has disappeared in the bottom center on bare land
001827_cap,0,0,0,appear,appear,OK,,,N/A,bottom-right|center|left,bottom-right|center|top-left,WRONG,among|tree,among|tree,OK,dense,dense,OK,several dense new residential have appeared in different areas among the trees and several sparse residential have disappeared in the bottom right to left center among the trees .,several dense new residential have appeared in the top left among the trees and several sparse residential have disappeared in the bottom right to left center among the trees
001838_cap,0,0,0,appear,appear,OK,,,N/A,bottom-right|center|top-left,bottom-right,WRONG,among|tree,among,PART,dense,dense,OK,several dense new residential have appeared in the bottom right among the trees and several sparse residential have disappeared in the top left to right center among the trees .,several dense new residential have appeared in the bottom right among the trees and several sparse residential have disappeared in different areas among the trees
001840_cap,0,0,0,appear,appear,OK,,,N/A,top-left,bottom-left|top-left,WRONG,among,among,OK,sparse,dense,WRONG,several sparse new residential have appeared in different areas among the trees and a residential has disappeared in the top left among the trees .,several dense new residential have appeared in the bottom left among the trees and several sparse residential have disappeared in the top left among the trees
001844_cap,0,0,0,appear,appear,OK,,,N/A,bottom-right|top-left|top-right,bottom-right|center|top-left,WRONG,among|tree,among|tree,OK,dense,dense,OK,several dense new residential have appeared in the bottom right among the trees and several sparse residential have disappeared in the top left to top right among the trees .,several dense new residential have appeared in the bottom right among the trees and a residential has disappeared in the top left to left center among the trees
001850_cap,1,1,1,none,none,OK,,,N/A,,,N/A,,,N/A,,,N/A,no building has appeared in the area and no building has disappeared in the area .,no building has appeared in the area and no building has disappeared in the area
001858_cap,0,0,0,appear,appear,OK,,,N/A,bottom-left|bottom-right|top-right,bottom-left|center|right,WRONG,among|tree,tree,PART,sparse,sparse,OK,several sparse new residential have appeared in the top right to bottom left among the trees and several sparse residential have disappeared in the bottom right among the trees .,several sparse new buildings have appeared in the bottom left to right center among the trees and several sparse residential have disappeared in the bottom center to right center among the trees
001859_cap,0,0,0,appear,appear,OK,several,-,WRONG,bottom-left|center|top-left,bottom|center,WRONG,area|tree,among|area,PART,sparse,sparse,OK,a new residential has appeared in the top left in the parking area and several sparse houses have disappeared in the bottom left to bottom center among the trees .,several sparse new residential have appeared in different areas in the parking area and a residential has disappeared in the bottom center among the trees
001864_cap,0,0,0,appear,appear,OK,,,N/A,,,N/A,among,among|tree,PART,dense,dense,OK,several dense new residential have appeared in different areas among the trees and several sparse residential have disappeared in different areas among the trees .,several dense new residential have appeared in the top right among the trees and several sparse residential have disappeared in the top left to left center among the trees
001866_cap,0,0,0,appear,appear,OK,,,N/A,bottom-left,bottom-left|bottom-right|center|top-left,WRONG,among,tree,WRONG,dense,dense,OK,several dense new residential have appeared in the bottom left among the trees and several dense residential have disappeared in different areas among the trees .,several dense new residential have appeared in the top left to bottom left among the trees and several sparse residential have disappeared in the bottom right to left center among the trees
001870_cap,0,0,0,appear,appear,OK,,,N/A,bottom-left|center|top-right,top-right,WRONG,among|tree,among,PART,dense,dense,OK,several dense new residential have appeared in the top right among the trees and several sparse residential have disappeared in the center to bottom left among the trees .,several dense new residential have appeared in the top right among the trees and several sparse residential have disappeared in different areas among the trees
001873_cap,0,0,0,appear,appear,OK,several,-,WRONG,top-left|top-right,bottom|center|top-left|top-right,WRONG,area|tree,tree,PART,dense,dense,OK,several dense new residential have appeared in different areas in the parking area and several sparse houses have disappeared in the top left to top right among the trees .,several dense new residential have appeared in the top center to bottom center among the trees and several sparse residential have disappeared in the top left to top right among the trees
001878_cap,0,0,0,appear,appear,OK,several,-,WRONG,bottom-right|top-left|top-right,top-left,WRONG,among|tree,among,PART,sparse,sparse,OK,several sparse new houses have appeared in the bottom right among the trees and several sparse residential have disappeared in the top left to top right among the trees .,several sparse new residential have appeared in different areas among the trees and several sparse residential have disappeared in the top left among the trees
001880_cap,0,0,0,appear,appear,OK,,,N/A,bottom|center,bottom-left|bottom-right|center,WRONG,among,among|tree,PART,dense,dense,OK,several dense new residential have appeared in different areas among the trees and a residential has disappeared in the bottom center among the trees .,several dense new residential have appeared in the bottom left to bottom right among the trees and a residential has disappeared in the bottom center among the trees
001882_cap,1,0,0,appear,appear,OK,,,N/A,,,N/A,among,among,OK,dense,dense,OK,several dense new residential have appeared in different areas among the trees and several sparse residential have disappeared in different areas among the trees .,several dense new residential have appeared in different areas among the trees and a residential has disappeared in the bottom right among the trees
001886_cap,0,0,0,appear,appear,OK,several,-,WRONG,bottom-left|bottom-right|top-right,bottom-left|bottom-right,WRONG,among|tree,area|tree,PART,dense,dense,OK,several dense new houses have appeared in the top right among the trees and several sparse residential have disappeared in the bottom left to bottom right among the trees .,several dense new residential have appeared in different areas in the parking area and several sparse residential have disappeared in the bottom left to bottom right among the trees
001894_cap,1,1,1,none,none,OK,,,N/A,,,N/A,,,N/A,,,N/A,no building has appeared in the area and no building has disappeared in the area .,no building has appeared in the area and no building has disappeared in the area
001895_cap,1,1,1,none,none,OK,,,N/A,,,N/A,,,N/A,,,N/A,no building has appeared in the area and no building has disappeared in the area .,no building has appeared in the area and no building has disappeared in the area
001903_cap,0,0,0,appear,appear,OK,,,N/A,,,N/A,among|area,among,PART,dense,dense,OK,several dense new residential have appeared in different areas among the trees and several dense residential have disappeared in different areas in the parking area .,several dense new residential have appeared in different areas among the trees and several dense residential have disappeared in different areas among the trees
001904_cap,0,0,0,appear,appear,OK,,,N/A,bottom|center,bottom-left|top-right,WRONG,among,area|tree,WRONG,dense,dense,OK,several dense new residential have appeared in the bottom center among the trees and several sparse residential have disappeared in different areas among the trees .,several dense new residential have appeared in different areas in the parking area and several sparse residential have disappeared in the top right to bottom left among the trees
001905_cap,0,0,0,appear,appear,OK,several,-,WRONG,bottom-left|center|top,bottom-left|center|top,OK,among|tree,area|tree,PART,dense,dense,OK,several dense new residential have appeared in the bottom left among the trees and several sparse houses have disappeared in the top center to bottom left among the trees .,several dense new residential have appeared in different areas in the parking area and a residential has disappeared in the top center to bottom left among the trees
001913_cap,0,0,0,appear,appear,OK,,,N/A,top-right,-,WRONG,among|area,among,PART,dense,dense,OK,several dense new residential have appeared in the top right in the parking area and several sparse residential have disappeared in different areas among the trees .,several dense new residential have appeared in different areas among the trees and several sparse residential have disappeared in different areas among the trees
001918_cap,0,0,0,appear,appear,OK,,,N/A,,,N/A,among|area,among,PART,dense,dense,OK,several dense new residential have appeared in different areas among the trees and several sparse residential have disappeared in different areas in the parking area .,several dense new residential have appeared in the bottom left among the trees and several sparse residential have disappeared in different areas among the trees
001928_cap,0,0,0,appear,appear,OK,,,N/A,,,N/A,among,area|tree,WRONG,dense,sparse,WRONG,several dense new residential have appeared in different areas among the trees and several sparse residential have disappeared in different areas among the trees .,several sparse new residential have appeared in different areas in the parking area and several sparse residential have disappeared in the top left to bottom right among the trees
001937_cap,0,0,0,appear,appear,OK,several,-,WRONG,bottom-right|center,bottom-right|center,OK,area|tree,land,WRONG,sparse,sparse,OK,several closely located new residential have appeared in the bottom right in the parking area and several sparse buildings have disappeared in the bottom center to bottom right among the trees .,several sparse new residential have appeared in the bottom right to bottom right on bare land and a residential has disappeared in the bottom center on bare land
001938_cap,1,0,0,appear,appear,OK,,,N/A,bottom-left,bottom-left,OK,among|area,among|area,OK,dense,dense,OK,several dense new residential have appeared in different areas in the parking area and several closely located residential have disappeared in the bottom left among the trees .,several dense new residential have appeared in different areas in the parking area and a residential has disappeared in the bottom left among the trees
001939_cap,0,0,0,appear,appear,OK,,,N/A,center|right,bottom-left|center|right,WRONG,among,among,OK,dense,dense,OK,several dense new residential have appeared in different areas among the trees and a residential has disappeared in the right center among the trees .,several dense new buildings have appeared in the bottom left among the trees and a residential has disappeared in the right center among the trees
001945_cap,0,0,0,appear,appear,OK,,,N/A,bottom-left,-,WRONG,among|area,among|area,OK,dense,dense,OK,several dense new residential have appeared in the bottom left among the trees and several dense residential have disappeared in different areas in the parking area .,several dense new residential have appeared in different areas in the parking area and several dense residential have disappeared in different areas among the trees
001947_cap,1,0,0,appear,appear,OK,,,N/A,bottom-right|top-right,bottom-right|top-right,OK,among,among,OK,dense,dense,OK,several dense new residential have appeared in the top right among the trees and several sparse residential have disappeared in the bottom right among the trees .,several dense new residential have appeared in the top right among the trees and a residential has disappeared in the bottom right among the trees
001953_cap,0,0,0,appear,appear,OK,,,N/A,,,N/A,among|area,area,PART,dense,dense,OK,several dense new residential have appeared in different areas among the trees and no building has disappeared in the area .,several dense new residential have appeared in different areas in the parking area and no building has disappeared in the area
001972_cap,0,0,0,appear,appear,OK,several,-,WRONG,bottom-left|center,bottom-left|bottom-right|center,WRONG,among,among|tree,PART,dense,dense,OK,several dense new buildings have appeared in the center among the trees and a building has disappeared in the bottom left among the trees .,several dense new residential have appeared in the center to bottom right among the trees and a residential has disappeared in the bottom left among the trees
001985_cap,1,0,0,appear,appear,OK,,,N/A,,,N/A,among|area,among|area,OK,dense,dense,OK,several dense new residential have appeared in different areas among the trees and no building has disappeared in the area .,several dense new residential have appeared in different areas among the trees and no building has disappeared in the area
001989_cap,0,0,0,appear,appear,OK,,,N/A,center|right|top-left,bottom-right|center,WRONG,among,area|tree,WRONG,dense,dense,OK,several dense new residential have appeared in the top left among the trees and several <UNK> residential have disappeared in the right center among the trees .,several dense new residential have appeared in different areas in the parking area and several sparse residential have disappeared in the bottom right to right center among the trees
001990_cap,0,0,0,appear,appear,OK,,,N/A,,,N/A,among,among|tree,PART,sparse,dense,WRONG,several sparse new residential have appeared in different areas among the trees and several dense residential have disappeared in different areas among the trees .,several dense new residential have appeared in the top left among the trees and several sparse residential have disappeared in the center to center among the trees
001991_cap,1,0,0,appear,appear,OK,,,N/A,center|top,center|top,OK,among,among,OK,dense,dense,OK,a new residential has appeared in the top center among the trees and several dense residential have disappeared in different areas among the trees .,a new residential has appeared in the top center among the trees and several dense residential have disappeared in different areas among the trees
001994_cap,0,0,0,appear,appear,OK,,,N/A,center|right|top-left,bottom-right|top-right,WRONG,among|tree,among,PART,dense,dense,OK,several dense new residential have appeared in different areas among the trees and several sparse residential have disappeared in the top left to right center among the trees .,several dense new residential have appeared in the top right among the trees and a residential has disappeared in the bottom right among the trees
002002_cap,0,0,0,appear,appear,OK,,,N/A,bottom-left|center|right,bottom|center,WRONG,among,among,OK,dense,dense,OK,several dense new residential have appeared in the bottom left among the trees and a residential has disappeared in the right center among the trees .,several dense new residential have appeared in different areas among the trees and several sparse residential have disappeared in the bottom center among the trees
002022_cap,1,0,0,appear,appear,OK,,,N/A,top-left,top-left,OK,among,among,OK,dense,dense,OK,several dense new residential have appeared in different areas among the trees and several closely located residential have disappeared in the top left among the trees .,several dense new residential have appeared in different areas among the trees and a residential has disappeared in the top left among the trees
002025_cap,0,0,0,appear,appear,OK,,,N/A,bottom-right|top-right,top-right,WRONG,among|tree,among,PART,dense,dense,OK,several dense new residential have appeared in different areas among the trees and several sparse residential have disappeared in the top right to bottom right among the trees .,several dense new residential have appeared in different areas among the trees and several sparse residential have disappeared in the top right among the trees
002045_cap,0,0,0,appear,appear,OK,,,N/A,center,center|top,WRONG,among|area,among|area,OK,sparse,-,WRONG,a new residential has appeared in the center in the parking area and several sparse residential have disappeared in different areas among the trees .,a new residential has appeared in the center in the parking area and a residential has disappeared in the top center among the trees
002051_cap,0,0,0,appear,appear,OK,,,N/A,center|top-left|top-right,bottom-right|center|top-left|top-right,WRONG,tree,tree,OK,dense,dense,OK,several dense new residential have appeared in the top left to top right among the trees and several sparse residential have disappeared in the top right to right center among the trees .,several dense new residential have appeared in the top left to top right among the trees and several sparse residential have disappeared in the bottom right to right center among the trees
002060_cap,0,0,0,appear,appear,OK,,,N/A,center,center|right,WRONG,among|area,among|area,OK,dense,dense,OK,several dense new residential have appeared in different areas in the parking area and a residential has disappeared in the center among the trees .,several dense new residential have appeared in different areas in the parking area and a residential has disappeared in the right center among the trees
002068_cap,1,0,0,appear,appear,OK,,,N/A,,,N/A,among,among,OK,dense,dense,OK,several dense new residential have appeared in different areas among the trees and several dense residential have disappeared in different areas among the trees .,several dense new residential have appeared in different areas among the trees and several dense residential have disappeared in different areas among the trees
002070_cap,0,0,0,appear,appear,OK,several,-,WRONG,center|left|top-right,bottom-left|center|right,WRONG,among|tree,among|tree,OK,sparse,sparse,OK,several sparse new residential have appeared in the right center to left center among the trees and several dense houses have disappeared in the top right among the trees .,several sparse new residential have appeared in the bottom left to right center among the trees and several dense residential have disappeared in different areas among the trees
002071_cap,0,0,0,appear,appear,OK,several,-,WRONG,center|left|top-right,center|left|top-right,OK,among|tree,among|tree,OK,sparse,sparse,OK,several sparse new houses have appeared in the top right to left center among the trees and several dense houses have disappeared in different areas among the trees .,several sparse new residential have appeared in the top right to left center among the trees and several dense residential have disappeared in different areas among the trees
002073_cap,0,0,0,appear,appear,OK,,,N/A,bottom-right|center|left,bottom-right|center|left,OK,among|area,among|tree,PART,dense,dense,OK,several dense new residential have appeared in different areas among the trees and several sparse residential have disappeared in the bottom right to left center in the parking area .,several dense new residential have appeared in different areas among the trees and several sparse residential have disappeared in the bottom right to left center among the trees
002078_cap,0,0,0,appear,appear,OK,several,-,WRONG,,,N/A,area,area,OK,dense,dense,OK,several dense new buildings have appeared in different areas in the parking area and no building has disappeared in the area .,several dense new residential have appeared in different areas in the parking area and no building has disappeared in the area
002080_cap,0,0,0,appear,appear,OK,,,N/A,top-left,top-left,OK,area,among|area,PART,dense,dense,OK,several dense new residential have appeared in the top left in the parking area and no building has disappeared in the area .,several dense new residential have appeared in the top left among the trees and a building has disappeared in the area
002081_cap,0,0,0,appear,appear,OK,several,-,WRONG,top-right,top-right,OK,area,area,OK,dense,dense,OK,several dense new buildings have appeared in the top right in the parking area and no building has disappeared in the area .,several dense new residential have appeared in the top right to top right in the parking area and no building has disappeared in the area
002087_cap,0,0,0,appear,appear,OK,,,N/A,bottom-right|center|top,bottom-right|center|top,OK,among|area,area,PART,,,N/A,a new residential has appeared in the top center in the parking area and a residential has disappeared in the bottom right among the trees .,a new residential has appeared in the top center in the parking area and a residential has disappeared in the bottom right in the parking area
002088_cap,0,0,0,appear,appear,OK,several,several,OK,bottom-right|center,bottom|center|right,WRONG,area,area,OK,sparse,sparse,OK,several sparse new residential have appeared in the bottom right in the parking area and several sparse buildings have disappeared in the bottom center to right center in the parking area .,several sparse new residential have appeared in different areas in the parking area and several sparse houses have disappeared in the bottom center to right center in the parking area
002094_cap,0,0,0,appear,appear,OK,several,-,WRONG,bottom|center|top-right,top-right,WRONG,among|tree,among,PART,dense,dense,OK,several dense new residential have appeared in the top right among the trees and several sparse houses have disappeared in the top center to bottom center among the trees .,several dense new residential have appeared in the top right among the trees and several sparse residential have disappeared in different areas among the trees
002095_cap,0,0,0,appear,appear,OK,,,N/A,bottom-left,bottom-right|top-left,WRONG,among,area|tree,WRONG,dense,dense,OK,several dense new residential have appeared in the bottom left among the trees and several sparse residential have disappeared in different areas among the trees .,several dense new buildings have appeared in different areas in the parking area and several sparse residential have disappeared in the top left to bottom right among the trees
002106_cap,0,0,0,appear,appear,OK,,,N/A,center|top-left,top-left,WRONG,among|tree,among,PART,dense,sparse,WRONG,several dense new residential have appeared in different areas among the trees and several sparse residential have disappeared in the top left to top center among the trees .,several sparse new residential have appeared in different areas among the trees and a residential has disappeared in the top left among the trees
002112_cap,0,0,0,appear,appear,OK,several,-,WRONG,top-left|top-right,-,WRONG,among|area,among|area,OK,sparse,sparse,OK,several sparse new residential have appeared in the top left to top right in the parking area and several dense houses have disappeared in different areas among the trees .,several sparse new residential have appeared in different areas among the trees and several dense residential have disappeared in different areas in the parking area
002120_cap,0,0,0,appear,appear,OK,,,N/A,bottom-left,-,WRONG,among|area,area,PART,dense,dense,OK,several dense new residential have appeared in the bottom left among the trees and no building has disappeared in the area .,several dense new residential have appeared in different areas in the parking area and no building has disappeared in the area
002122_cap,0,0,0,appear,appear,OK,one,-,WRONG,bottom|center,bottom|center,OK,among|area,among,PART,sparse,dense,WRONG,several sparse new residential have appeared in different areas in the parking area and a building has disappeared in the bottom center among the trees .,several dense new residential have appeared in different areas among the trees and a residential has disappeared in the bottom center among the trees
002130_cap,1,0,0,appear,appear,OK,,,N/A,,,N/A,among,among,OK,dense,dense,OK,several dense new residential have appeared in different areas among the trees and several sparse residential have disappeared in different areas among the trees .,several dense new buildings have appeared in different areas among the trees and several sparse residential have disappeared in different areas among the trees
002136_cap,0,0,0,appear,appear,OK,,,N/A,top-right,bottom|center|top,WRONG,among,area|tree,WRONG,dense,dense,OK,several dense new residential have appeared in the top right among the trees and several dense residential have disappeared in different areas among the trees .,several dense new residential have appeared in different areas in the parking area and several sparse residential have disappeared in the top center to bottom center among the trees
002142_cap,0,0,0,appear,appear,OK,several,-,WRONG,top-left,top-left,OK,among,among,OK,dense,dense,OK,several dense new houses have appeared in different areas among the trees and a house has disappeared in the top left among the trees .,several dense new residential have appeared in different areas among the trees and a residential has disappeared in the top left among the trees
002162_cap,0,0,0,appear,appear,OK,,,N/A,bottom-left|bottom-right,bottom-left|bottom-right,OK,among,among|tree,PART,dense,dense,OK,several dense new residential have appeared in the bottom right among the trees and several closely located residential have disappeared in the bottom left among the trees .,several dense new residential have appeared in the bottom right to bottom right among the trees and a residential has disappeared in the bottom left among the trees
002167_cap,0,0,0,appear,appear,OK,several,one,WRONG,bottom-right,bottom-right,OK,among|area,among|area,OK,sparse,dense,WRONG,several sparse new buildings have appeared in different areas in the parking area and a residential has disappeared in the bottom right among the trees .,several dense new residential have appeared in different areas in the parking area and a building has disappeared in the bottom right among the trees
002168_cap,0,0,0,appear,appear,OK,,,N/A,bottom|center,bottom|center|right,WRONG,among|area,among|area,OK,sparse,-,WRONG,several sparse new residential have appeared in different areas in the parking area and a residential has disappeared in the bottom center among the trees .,a new residential has appeared in the right center in the parking area and a building has disappeared in the bottom center among the trees
002173_cap,1,0,0,appear,appear,OK,,,N/A,bottom-left|center,bottom-left|center,OK,among,among,OK,dense,dense,OK,several dense new residential have appeared in the bottom left among the trees and a residential has disappeared in the left center among the trees .,several dense new residential have appeared in the bottom left among the trees and a residential has disappeared in the left center among the trees
002176_cap,0,0,0,appear,appear,OK,,,N/A,bottom-left|top-right,bottom-left,WRONG,area,among|area,PART,dense,dense,OK,several dense new residential have appeared in the top right in the parking area and a residential has disappeared in the bottom left in the parking area .,several dense new buildings have appeared in different areas in the parking area and a residential has disappeared in the bottom left among the trees
002182_cap,0,0,0,appear,appear,OK,,,N/A,bottom-left|center,top-right,WRONG,among,among,OK,dense,dense,OK,several dense new residential have appeared in the bottom left among the trees and a residential has disappeared in the left center among the trees .,several dense new residential have appeared in different areas among the trees and a residential has disappeared in the top right among the trees
002188_cap,0,0,0,appear,appear,OK,,,N/A,bottom-right|center|top-left,center|right|top-left,WRONG,area,area|tree,PART,dense,dense,OK,several dense new residential have appeared in the top left to bottom right in the parking area and a residential has disappeared in the right center in the parking area .,several dense new residential have appeared in the top left in the parking area and several sparse residential have disappeared in the center to right center among the trees
002197_cap,0,0,0,appear,appear,OK,several,-,WRONG,top-right,bottom-right|top-right,WRONG,among|area,among,PART,dense,dense,OK,several dense new houses have appeared in different areas in the parking area and several sparse residential have disappeared in the top right among the trees .,several dense new residential have appeared in the bottom right among the trees and several closely located residential have disappeared in the top right among the trees
002200_cap,1,0,0,appear,appear,OK,,,N/A,bottom|center,bottom|center,OK,among|area,among|area,OK,dense,dense,OK,several dense new residential have appeared in different areas in the parking area and a residential has disappeared in the bottom center among the trees .,several dense new residential have appeared in different areas in the parking area and a residential has disappeared in the bottom center among the trees
002203_cap,0,0,0,appear,appear,OK,several,-,WRONG,top-right,top-right,OK,among,among,OK,sparse,sparse,OK,several sparse new residential have appeared in the top right among the trees and several dense houses have disappeared in different areas among the trees .,several sparse new residential have appeared in the top right among the trees and several sparse residential have disappeared in different areas among the trees
002206_cap,0,0,0,appear,appear,OK,,,N/A,bottom-left|center|right,bottom-left|center,WRONG,among|tree,area|tree,PART,dense,dense,OK,several dense new residential have appeared in the left center among the trees and several sparse residential have disappeared in the bottom left to right center among the trees .,several dense new residential have appeared in the left center in the parking area and several sparse residential have disappeared in the bottom left to bottom left among the trees
002208_cap,0,0,0,appear,appear,OK,,,N/A,bottom|center|right|top-left,bottom|center|left,WRONG,area|tree,area|tree,OK,sparse,sparse,OK,several sparse new residential have appeared in the top left to right center in the parking area and several sparse residential have disappeared in the bottom center to left center among the trees .,several sparse new residential have appeared in different areas in the parking area and several sparse residential have disappeared in the bottom center to left center among the trees
002209_cap,0,0,0,appear,appear,OK,,,N/A,bottom-left|center|top-right,bottom-left|center|right,WRONG,area|tree,area|tree,OK,sparse,sparse,OK,several sparse new residential have appeared in the top right to center in the parking area and several sparse residential have disappeared in the bottom left to right center among the trees .,several sparse new residential have appeared in different areas in the parking area and several sparse residential have disappeared in the bottom left to right center among the trees
002210_cap,0,0,0,appear,appear,OK,several,-,WRONG,center,bottom|center,WRONG,among|area,among|tree,PART,sparse,dense,WRONG,several sparse new houses have appeared in different areas in the parking area and a residential has disappeared in the center among the trees .,several dense new residential have appeared in different areas among the trees and several closely located residential have disappeared in the center to bottom center among the trees
002215_cap,0,0,0,appear,appear,OK,,,N/A,bottom|center|left,bottom-right|top-left|top-right,WRONG,among|tree,among|tree,OK,dense,dense,OK,several dense new residential have appeared in the bottom center to left center among the trees and several sparse residential have disappeared in different areas among the trees .,several dense new residential have appeared in the top right among the trees and no building has disappeared in the top left to bottom right among the trees
002221_cap,0,0,0,appear,appear,OK,,,N/A,center|right|top-left,center|top-left|top-right,WRONG,among,among|area,PART,dense,dense,OK,several dense new residential have appeared in the right center among the trees and several <UNK> residential have disappeared in the top left among the trees .,several dense new residential have appeared in the top right to left center in the parking area and several closely located residential have disappeared in the top left among the trees
002226_cap,0,0,0,appear,appear,OK,,,N/A,bottom|center|top-left|top-right,bottom|center,WRONG,among|tree,among,PART,dense,dense,OK,several dense new residential have appeared in the top left to top right among the trees and a residential has disappeared in the bottom center among the trees .,several dense new residential have appeared in different areas among the trees and a residential has disappeared in the bottom center among the trees
002233_cap,0,0,0,appear,appear,OK,,,N/A,top-left,-,WRONG,area,among|area,PART,dense,dense,OK,several dense new residential have appeared in the top left in the parking area and no building has disappeared in the area .,several dense new residential have appeared in different areas among the trees and no building has disappeared in the area
002234_cap,1,0,0,appear,appear,OK,,,N/A,,,N/A,among|area,among|area,OK,dense,dense,OK,several dense new residential have appeared in different areas among the trees and no building has disappeared in the area .,several dense new residential have appeared in different areas among the trees and no building has disappeared in the area
002235_cap,0,0,0,appear,appear,OK,,,N/A,,,N/A,among|area,area|tree,PART,dense,dense,OK,several dense new residential have appeared in different areas among the trees and no building has disappeared in the area .,several dense new residential have appeared in the top right to bottom left among the trees and no building has disappeared in the area
002245_cap,0,0,0,appear,appear,OK,several,-,WRONG,,,N/A,among,among|area,PART,dense,dense,OK,several dense new residential have appeared in different areas among the trees and several dense houses have disappeared in different areas among the trees .,several dense new residential have appeared in different areas among the trees and several sparse residential have disappeared in different areas in the parking area
002252_cap,0,0,0,appear,appear,OK,,,N/A,bottom-left|center|top,center|top,WRONG,among|tree,among|tree,OK,sparse,sparse,OK,several sparse new residential have appeared in different areas among the trees and several sparse residential have disappeared in the top center to bottom left among the trees .,several sparse new residential have appeared in different areas among the trees and several sparse residential have disappeared in the top center to top center among the trees
002255_cap,0,0,0,appear,appear,OK,,,N/A,top-left|top-right,top-left,WRONG,among|tree,among,PART,dense,dense,OK,several dense new residential have appeared in the top left to top right among the trees and several sparse residential have disappeared in different areas among the trees .,several dense new residential have appeared in the top left among the trees and several dense residential have disappeared in different areas among the trees
002260_cap,0,0,0,appear,appear,OK,,,N/A,center|left,center|left,OK,among|area,area,PART,dense,dense,OK,several dense new residential have appeared in the left center among the trees and no building has disappeared in the area .,several dense new residential have appeared in the left center to left center in the parking area and no building has disappeared in the area
002262_cap,0,0,0,appear,appear,OK,,,N/A,,,N/A,among|area,area|tree,PART,dense,dense,OK,several dense new residential have appeared in different areas among the trees and no building has disappeared in the area .,several dense new residential have appeared in the bottom right to bottom right among the trees and no building has disappeared in the area
002264_cap,0,0,0,appear,appear,OK,,,N/A,bottom-right,-,WRONG,among,among|area,PART,dense,dense,OK,several dense new residential have appeared in different areas among the trees and a residential has disappeared in the bottom right among the trees .,several dense new residential have appeared in different areas among the trees and no building has disappeared in the area
002267_cap,0,0,0,appear,appear,OK,,,N/A,bottom-left|center|right,bottom-left|center|right,OK,among|tree,among|tree,OK,sparse,dense,WRONG,several sparse new residential have appeared in different areas among the trees and several sparse residential have disappeared in the bottom left to right center among the trees .,several dense new residential have appeared in different areas among the trees and several sparse residential have disappeared in the bottom left to right center among the trees
002269_cap,0,0,0,appear,appear,OK,,,N/A,center|top-right,bottom|center|top-left,WRONG,among|tree,among|tree,OK,dense,dense,OK,several dense new residential have appeared in the top right to right center among the trees and several dense residential have disappeared in different areas among the trees .,several dense new residential have appeared in different areas among the trees and several dense residential have disappeared in the top left to bottom center among the trees
002271_cap,1,0,0,appear,appear,OK,,,N/A,,,N/A,among|area,among|area,OK,dense,dense,OK,several dense new residential have appeared in different areas among the trees and no building has disappeared in the area .,several dense new residential have appeared in different areas among the trees and no building has disappeared in the area
002272_cap,1,0,0,appear,appear,OK,,,N/A,bottom-right|top-right,bottom-right|top-right,OK,among,among,OK,dense,dense,OK,several dense new residential have appeared in the top right among the trees and a residential has disappeared in the bottom right among the trees .,several dense new residential have appeared in the top right among the trees and a residential has disappeared in the bottom right among the trees
002277_cap,1,0,0,appear,appear,OK,,,N/A,,,N/A,among|area,among|area,OK,dense,dense,OK,several dense new residential have appeared in different areas among the trees and no building has disappeared in the area .,several dense new residential have appeared in different areas among the trees and no building has disappeared in the area
002282_cap,0,0,0,appear,appear,OK,,,N/A,center|top-left,center|top,WRONG,among|tree,area|tree,PART,dense,dense,OK,several dense new residential have appeared in different areas among the trees and several closely located residential have disappeared in the top left to top center among the trees .,several dense new residential have appeared in different areas in the parking area and several closely located residential have disappeared in the top center to top center among the trees
002284_cap,0,0,0,appear,appear,OK,,,N/A,bottom-right|center|top,center|right|top-left,WRONG,among,area,WRONG,dense,dense,OK,several dense new residential have appeared in the bottom right among the trees and several sparse residential have disappeared in the top center among the trees .,several dense new residential have appeared in the top left in the parking area and several sparse residential have disappeared in the top center to right center in the parking area
002290_cap,0,0,0,appear,appear,OK,several,several,OK,bottom-left|top-left,bottom-left|top-left,OK,area,among|tree,WRONG,dense,dense,OK,several dense new houses have appeared in different areas in the parking area and several sparse houses have disappeared in the top left to bottom left in the parking area .,several dense new houses have appeared in different areas among the trees and several sparse houses have disappeared in the top left to bottom left among the trees
002294_cap,1,0,0,appear,appear,OK,,,N/A,bottom-right|center|left,bottom-right|center|left,OK,among,among,OK,dense,dense,OK,several dense new residential have appeared in the bottom right among the trees and a residential has disappeared in the left center among the trees .,several dense new residential have appeared in the bottom right among the trees and a residential has disappeared in the left center among the trees
002298_cap,0,0,0,appear,appear,OK,,,N/A,top-right,center|left|top,WRONG,among,among|tree,PART,dense,dense,OK,several dense new residential have appeared in the top right among the trees and several dense residential have disappeared in different areas among the trees .,several dense new residential have appeared in different areas among the trees and several sparse residential have disappeared in the top center to left center among the trees
002299_cap,0,0,0,appear,appear,OK,,,N/A,bottom-right|top-right,-,WRONG,among,among,OK,dense,dense,OK,several dense new residential have appeared in the top right among the trees and several dense residential have disappeared in the bottom right among the trees .,several dense new residential have appeared in different areas among the trees and several sparse residential have disappeared in different areas among the trees
002300_cap,0,0,0,appear,appear,OK,,,N/A,top-left,-,WRONG,among,among|area,PART,dense,dense,OK,several dense new residential have appeared in the top left among the trees and several sparse residential have disappeared in different areas among the trees .,several dense new residential have appeared in different areas in the parking area and several sparse residential have disappeared in different areas among the trees
002307_cap,0,0,0,appear,appear,OK,,,N/A,bottom-right|top-right,bottom-left,WRONG,among,among|tree,PART,dense,dense,OK,several dense new residential have appeared in the bottom right among the trees and several sparse residential have disappeared in the top right among the trees .,several dense new residential have appeared in the bottom left to bottom left among the trees and several sparse residential have disappeared in different areas among the trees
002316_cap,0,0,0,appear,appear,OK,several,-,WRONG,bottom-left|center|top-right,bottom-right|top-right,WRONG,among|tree,among,PART,dense,dense,OK,several dense new residential have appeared in the top right among the trees and several sparse houses have disappeared in the bottom left to left center among the trees .,several dense new residential have appeared in the top right among the trees and no building has disappeared in the bottom right among the trees
002324_cap,0,0,0,appear,appear,OK,,,N/A,bottom-left|top-right,bottom-left|center|top-right,WRONG,among|area,among|area,OK,dense,dense,OK,several dense new residential have appeared in the top right in the parking area and a residential has disappeared in the bottom left among the trees .,several dense new residential have appeared in the top center to top right in the parking area and a residential has disappeared in the bottom left among the trees
002332_cap,0,0,0,appear,appear,OK,,,N/A,bottom-right|center|left,-,WRONG,among|area,area,PART,dense,dense,OK,several dense new residential have appeared in the bottom right in the parking area and a residential has disappeared in the left center among the trees .,several dense new residential have appeared in different areas in the parking area and no building has disappeared in the area
002334_cap,0,0,0,appear,appear,OK,,,N/A,top-right,top-right,OK,among,among|area,PART,dense,dense,OK,several dense new residential have appeared in different areas among the trees and a residential has disappeared in the top right among the trees .,several dense new residential have appeared in different areas in the parking area and a residential has disappeared in the top right among the trees
002339_cap,0,0,0,appear,appear,OK,,,N/A,bottom|center,bottom-right|top-left,WRONG,among,among|tree,PART,dense,dense,OK,several dense new residential have appeared in the bottom center among the trees and several sparse residential have disappeared in different areas among the trees .,several dense new residential have appeared in the bottom right among the trees and several sparse residential have disappeared in the top left to bottom right among the trees
002358_cap,0,0,0,appear,appear,OK,,,N/A,center|left,bottom-left|center,WRONG,among,area|tree,WRONG,dense,dense,OK,several dense new residential have appeared in different areas among the trees and a residential has disappeared in the left center among the trees .,several dense new residential have appeared in different areas in the parking area and several sparse residential have disappeared in the bottom left to left center among the trees
002361_cap,0,0,0,appear,appear,OK,several,-,WRONG,bottom-right|center|top-left,bottom-right|top-left,WRONG,among|area,among|tree,PART,sparse,dense,WRONG,several sparse new buildings have appeared in the bottom center among the trees and several sparse residential have disappeared in the top left to bottom right in the parking area .,several dense new residential have appeared in different areas among the trees and several sparse residential have disappeared in the top left to bottom right among the trees
002362_cap,0,0,0,appear,appear,OK,,,N/A,bottom-left,bottom-left,OK,among,among|tree,PART,dense,dense,OK,several dense new residential have appeared in the bottom left among the trees and a residential has disappeared in the bottom left among the trees .,several dense new residential have appeared in different areas among the trees and several sparse residential have disappeared in the bottom left to bottom left among the trees
002365_cap,0,0,0,appear,appear,OK,one,-,WRONG,center|right|top-left,center|right,WRONG,among,among,OK,,,N/A,a new residential has appeared in the top left among the trees and a house has disappeared in the right center among the trees .,several dense new residential have appeared in different areas among the trees and a residential has disappeared in the right center among the trees
002372_cap,0,0,0,appear,appear,OK,,,N/A,bottom-left|bottom-right|top-left,bottom-right,WRONG,tree,among|tree,PART,sparse,dense,WRONG,several sparse new residential have appeared in the bottom left to bottom right among the trees and several sparse residential have disappeared in the top left to bottom right among the trees .,several dense new residential have appeared in different areas among the trees and several sparse residential have disappeared in the bottom right to bottom right among the trees
002373_cap,0,0,0,appear,appear,OK,,,N/A,bottom|center,bottom-left|center|top,WRONG,among,among|tree,PART,sparse,sparse,OK,several sparse new residential have appeared in different areas among the trees and a residential has disappeared in the bottom center among the trees .,several sparse new residential have appeared in different areas among the trees and several sparse residential have disappeared in the top center to bottom left among the trees
002376_cap,0,0,0,appear,appear,OK,one,-,WRONG,bottom-right,bottom-right,OK,among,among,OK,sparse,sparse,OK,several sparse new residential have appeared in different areas among the trees and a house has disappeared in the bottom right among the trees .,several sparse new residential have appeared in different areas among the trees and a residential has disappeared in the bottom right among the trees
002379_cap,0,0,0,appear,appear,OK,,,N/A,bottom-right|center|top-right,center|top-left|top-right,WRONG,among|tree,among|tree,OK,dense,dense,OK,several dense new residential have appeared in the bottom right among the trees and several closely located residential have disappeared in the top right to right center among the trees .,several dense new residential have appeared in the top left among the trees and several sparse residential have disappeared in the top right to right center among the trees
002386_cap,0,0,0,appear,appear,OK,,,N/A,bottom-left|bottom-right|center,top-left,WRONG,among|area,among|area,OK,dense,dense,OK,several dense new residential have appeared in the bottom left among the trees and several sparse residential have disappeared in the bottom center to bottom right in the parking area .,several dense new residential have appeared in the top left in the parking area and several sparse residential have disappeared in different areas among the trees
002391_cap,0,0,0,appear,appear,OK,,,N/A,bottom-right|center|left,bottom-left|bottom-right|top-left,WRONG,among|tree,among|tree,OK,dense,dense,OK,several dense new residential have appeared in the right center among the trees and several sparse residential have disappeared in the bottom right to left center among the trees .,several dense new residential have appeared in the top left among the trees and several sparse residential have disappeared in the bottom left to bottom right among the trees
002393_cap,0,0,0,appear,appear,OK,,,N/A,bottom|center|top-left,bottom|center,WRONG,among,among|area,PART,dense,dense,OK,several dense new residential have appeared in the top left among the trees and several closely located residential have disappeared in the bottom center among the trees .,several dense new buildings have appeared in different areas in the parking area and a residential has disappeared in the bottom center among the trees
002395_cap,1,0,0,appear,appear,OK,,,N/A,center|top-left|top-right,center|top-left|top-right,OK,among|tree,among|tree,OK,dense,dense,OK,several dense new residential have appeared in the top right among the trees and several closely located residential have disappeared in the top left to top center among the trees .,several dense new residential have appeared in the top right among the trees and several sparse residential have disappeared in the top left to top center among the trees
002410_cap,1,0,0,appear,appear,OK,,,N/A,bottom-right|center,bottom-right|center,OK,among|tree,among|tree,OK,dense,dense,OK,several dense new residential have appeared in the bottom center to right center among the trees and several closely located residential have disappeared in the bottom right among the trees .,several dense new residential have appeared in the center to right center among the trees and a residential has disappeared in the bottom right among the trees
002411_cap,0,0,0,appear,appear,OK,,,N/A,bottom-left,bottom-left|center|top,WRONG,among,area|tree,WRONG,dense,dense,OK,several dense new residential have appeared in different areas among the trees and several sparse residential have disappeared in the bottom left among the trees .,several dense new residential have appeared in different areas in the parking area and several sparse residential have disappeared in the top center to bottom left among the trees
002414_cap,0,0,0,appear,appear,OK,,,N/A,center|left|top-right,center|left|top-right,OK,area,among|tree,WRONG,dense,dense,OK,several dense new residential have appeared in different areas in the parking area and several sparse residential have disappeared in the top right to left center in the parking area .,several dense new residential have appeared in different areas among the trees and several sparse residential have disappeared in the top right to left center among the trees
002419_cap,1,0,0,appear,appear,OK,one,one,OK,center|top,center|top,OK,among,among,OK,,,N/A,a new residential has appeared in the top center among the trees and a house has disappeared in the center among the trees .,a new residential has appeared in the top center among the trees and a building has disappeared in the center among the trees
002436_cap,0,0,0,appear,appear,OK,,,N/A,bottom-right|center|left,bottom-right|center|left,OK,among|tree,among,PART,dense,dense,OK,several dense new residential have appeared in the bottom right among the trees and several sparse residential have disappeared in the bottom center to left center among the trees .,several dense new residential have appeared in the bottom right among the trees and several sparse residential have disappeared in the left center among the trees
002438_cap,0,0,0,appear,appear,OK,,,N/A,bottom-right|center|top,-,WRONG,area|tree,among|area,PART,sparse,sparse,OK,several sparse new residential have appeared in the top center to bottom right among the trees and no building has disappeared in the area .,several sparse new residential have appeared in different areas among the trees and no building has disappeared in the area
002439_cap,0,0,0,appear,appear,OK,,,N/A,top-right,top-right,OK,among,among,OK,sparse,dense,WRONG,several sparse new residential have appeared in different areas among the trees and a residential has disappeared in the top right among the trees .,several dense new residential have appeared in different areas among the trees and a residential has disappeared in the top right among the trees
002441_cap,0,0,0,appear,appear,OK,,,N/A,center|right|top-left,center|right,WRONG,among|tree,among,PART,dense,dense,OK,several dense new residential have appeared in the top left among the trees and several sparse residential have disappeared in the top left to right center among the trees .,several dense new residential have appeared in different areas among the trees and a residential has disappeared in the right center among the trees
002443_cap,0,0,0,appear,appear,OK,,,N/A,bottom-left|bottom-right|center|top-left,-,WRONG,tree,among,WRONG,sparse,dense,WRONG,several sparse new residential have appeared in the top left to bottom left among the trees and several sparse residential have disappeared in the bottom right to left center among the trees .,several dense new residential have appeared in different areas among the trees and several sparse residential have disappeared in different areas among the trees
002444_cap,0,0,0,appear,appear,OK,,,N/A,top-right,bottom-right|center,WRONG,among,among|tree,PART,dense,dense,OK,several closely located new residential have appeared in the top right among the trees and several dense residential have disappeared in different areas among the trees .,several dense new residential have appeared in different areas among the trees and several sparse residential have disappeared in the bottom right to right center among the trees
002454_cap,0,0,0,appear,appear,OK,,,N/A,bottom|center|top-right,bottom|center|top-right,OK,among|area,area|tree,PART,dense,dense,OK,several dense new residential have appeared in different areas among the trees and several sparse residential have disappeared in the top right to bottom center in the parking area .,several dense new residential have appeared in different areas in the parking area and several sparse residential have disappeared in the top right to bottom center among the trees
002466_cap,0,0,0,appear,appear,OK,,,N/A,center|right|top,center|top,WRONG,among,among,OK,dense,dense,OK,several dense new residential have appeared in the right center among the trees and a residential has disappeared in the top center among the trees .,several dense new residential have appeared in different areas among the trees and a residential has disappeared in the top center among the trees
002473_cap,0,0,0,appear,appear,OK,several,-,WRONG,bottom-right|center|top-left,bottom-right|center|top,WRONG,among|tree,tree,PART,dense,dense,OK,several dense new houses have appeared in the top left to center among the trees and a residential has disappeared in the bottom right among the trees .,several dense new residential have appeared in the top center to top center among the trees and several sparse residential have disappeared in the bottom right to bottom right among the trees
002478_cap,0,0,0,appear,appear,OK,several,-,WRONG,center|top-left|top-right,-,WRONG,among|tree,among|area,PART,dense,dense,OK,several dense new residential have appeared in the top right among the trees and several sparse buildings have disappeared in the top left to right center among the trees .,several dense new residential have appeared in different areas in the parking area and several sparse residential have disappeared in different areas among the trees
002484_cap,0,0,0,appear,appear,OK,several,-,WRONG,bottom-left|bottom-right,bottom-left|center|right,WRONG,among,among|tree,PART,sparse,dense,WRONG,several sparse new buildings have appeared in the bottom right among the trees and several closely located residential have disappeared in the bottom left among the trees .,several dense new residential have appeared in different areas among the trees and several sparse residential have disappeared in the bottom left to right center among the trees
002485_cap,0,0,0,appear,appear,OK,one,-,WRONG,center|right,center|right,OK,among|area,among,PART,sparse,sparse,OK,several sparse new residential have appeared in different areas among the trees and a house has disappeared in the right center in the parking area .,several sparse new residential have appeared in different areas among the trees and a residential has disappeared in the right center among the trees
002495_cap,0,0,0,appear,appear,OK,,,N/A,top-right,bottom|center|top-right,WRONG,among,among|tree,PART,dense,dense,OK,several dense new residential have appeared in the top right among the trees and several dense residential have disappeared in different areas among the trees .,several dense new residential have appeared in the top right to bottom center among the trees and several dense residential have disappeared in different areas among the trees
002496_cap,0,0,0,appear,appear,OK,several,-,WRONG,bottom-left|center,bottom-left|center|top-left,WRONG,among|tree,area|tree,PART,dense,dense,OK,several dense new buildings have appeared in different areas among the trees and several sparse residential have disappeared in the center to bottom left among the trees .,several dense new residential have appeared in the top left in the parking area and several sparse residential have disappeared in the center to bottom left among the trees
002504_cap,1,0,0,appear,appear,OK,one,one,OK,top-right,top-right,OK,area,area,OK,,,N/A,a new building has appeared in the top right in the parking area and a house has disappeared in the top right in the parking area .,a new building has appeared in the top right in the parking area and a building has disappeared in the top right in the parking area
002506_cap,1,0,0,appear,appear,OK,one,one,OK,top-left|top-right,top-left|top-right,OK,among,among,OK,,,N/A,a new house has appeared in the top right among the trees and a building has disappeared in the top left among the trees .,a new building has appeared in the top right among the trees and a building has disappeared in the top left among the trees
002510_cap,0,0,0,appear,appear,OK,several,-,WRONG,bottom-right|center|top-left|top-right,-,WRONG,tree,area,WRONG,dense,dense,OK,several dense new residential have appeared in the top left to top right among the trees and several sparse buildings have disappeared in the top center to bottom right among the trees .,several dense new residential have appeared in different areas in the parking area and several dense residential have disappeared in different areas in the parking area
002522_cap,1,0,0,appear,appear,OK,,,N/A,bottom-left,bottom-left,OK,among,among,OK,dense,dense,OK,several dense new residential have appeared in different areas among the trees and several closely located residential have disappeared in the bottom left among the trees .,several dense new residential have appeared in different areas among the trees and a residential has disappeared in the bottom left among the trees
002534_cap,0,0,0,appear,appear,OK,,,N/A,bottom-left,-,WRONG,among|area,among|area,OK,dense,dense,OK,several dense new residential have appeared in the bottom left among the trees and no building has disappeared in the area .,several dense new residential have appeared in different areas among the trees and no building has disappeared in the area
002537_cap,0,0,0,appear,appear,OK,,,N/A,,,N/A,among,among|area,PART,dense,dense,OK,several dense new residential have appeared in different areas among the trees and several dense residential have disappeared in different areas among the trees .,several dense new residential have appeared in different areas in the parking area and several dense residential have disappeared in different areas among the trees
002543_cap,0,0,0,appear,appear,OK,,,N/A,bottom-left,bottom-left,OK,among,among,OK,sparse,dense,WRONG,several sparse new residential have appeared in the bottom left among the trees and several dense residential have disappeared in different areas among the trees .,several dense new residential have appeared in the bottom left among the trees and several sparse residential have disappeared in different areas among the trees
002545_cap,0,0,0,appear,appear,OK,,,N/A,bottom|center|left,bottom-left|center,WRONG,among,among,OK,sparse,dense,WRONG,several sparse new residential have appeared in the bottom center among the trees and a residential has disappeared in the left center among the trees .,several dense new residential have appeared in the bottom left among the trees and a residential has disappeared in the left center among the trees
002553_cap,0,0,0,appear,appear,OK,,,N/A,,,N/A,among,among,OK,sparse,dense,WRONG,several sparse new residential have appeared in different areas among the trees and several dense residential have disappeared in different areas among the trees .,several dense new residential have appeared in different areas among the trees and several dense residential have disappeared in different areas among the trees
002562_cap,0,0,0,appear,appear,OK,,,N/A,center|left|top,center|top,WRONG,among|tree,among,PART,dense,dense,OK,several dense new residential have appeared in different areas among the trees and several sparse residential have disappeared in the top center to left center among the trees .,several dense new residential have appeared in different areas among the trees and a residential has disappeared in the top center among the trees
002568_cap,0,0,0,appear,appear,OK,,,N/A,bottom-left|top-left|top-right,bottom-left|top-right,WRONG,among|tree,among|tree,OK,dense,dense,OK,several dense new residential have appeared in the top right among the trees and several sparse residential have disappeared in the top left to bottom left among the trees .,several dense new residential have appeared in the top right among the trees and several sparse residential have disappeared in the bottom left to bottom left among the trees
002571_cap,0,0,0,appear,appear,OK,,,N/A,,,N/A,among,among|tree,PART,dense,dense,OK,several dense new residential have appeared in different areas among the trees and several sparse residential have disappeared in different areas among the trees .,several dense new residential have appeared in different areas among the trees and several sparse residential have disappeared in the top right to left center among the trees
002575_cap,0,0,0,appear,appear,OK,,,N/A,bottom-left|top-left|top-right,bottom-left|top-left,WRONG,among|tree,among|tree,OK,dense,dense,OK,several dense new residential have appeared in the top right among the trees and several sparse residential have disappeared in the top left to bottom left among the trees .,several dense new residential have appeared in different areas among the trees and several sparse residential have disappeared in the top left to bottom left among the trees
002580_cap,0,0,0,appear,appear,OK,,,N/A,center|left,bottom-right|center|top-left,WRONG,among,tree,WRONG,dense,dense,OK,several dense new residential have appeared in different areas among the trees and several dense residential have disappeared in the left center among the trees .,several dense new residential have appeared in the bottom right to bottom right among the trees and several sparse residential have disappeared in the top left to left center among the trees
002585_cap,0,0,0,appear,appear,OK,several,-,WRONG,center|left,center|top-left|top-right,WRONG,among|area,area|tree,PART,dense,dense,OK,several dense new buildings have appeared in the left center in the parking area and several sparse residential have disappeared in different areas among the trees .,several dense new residential have appeared in the left center in the parking area and several sparse residential have disappeared in the top left to top right among the trees
002593_cap,0,0,0,appear,appear,OK,one,one,OK,center|top-left|top-right,center|top-left|top-right,OK,area,area|tree,PART,sparse,sparse,OK,a new house has appeared in the right center in the parking area and several sparse residential have disappeared in the top left to top right in the parking area .,a new building has appeared in the right center in the parking area and several sparse residential have disappeared in the top left to top right among the trees
002598_cap,0,0,0,appear,appear,OK,,,N/A,,,N/A,among,among|tree,PART,dense,dense,OK,several dense new residential have appeared in different areas among the trees and several sparse residential have disappeared in different areas among the trees .,several dense new residential have appeared in different areas among the trees and several sparse residential have disappeared in the top left to bottom left among the trees
002599_cap,0,0,0,appear,appear,OK,,,N/A,bottom-right|center,bottom-right,WRONG,among|tree,area|tree,PART,dense,dense,OK,several dense new residential have appeared in different areas among the trees and several closely located residential have disappeared in the bottom center to bottom right among the trees .,several dense new residential have appeared in different areas in the parking area and several sparse residential have disappeared in the bottom right to bottom right among the trees
002601_cap,0,0,0,appear,appear,OK,,,N/A,top-left,top-left,OK,among,among|area,PART,dense,dense,OK,several dense new residential have appeared in different areas among the trees and a residential has disappeared in the top left among the trees .,several dense new residential have appeared in the top left among the trees and no building has disappeared in the area
002604_cap,0,0,0,appear,appear,OK,,,N/A,top-right,-,WRONG,among|area,among|area,OK,dense,dense,OK,several dense new residential have appeared in the top right among the trees and no building has disappeared in the area .,several dense new residential have appeared in different areas among the trees and no building has disappeared in the area
002610_cap,1,0,0,appear,appear,OK,,,N/A,bottom-left|center,bottom-left|center,OK,among|tree,among|tree,OK,dense,dense,OK,several dense new residential have appeared in different areas among the trees and several closely located residential have disappeared in the bottom left to left center among the trees .,several dense new residential have appeared in different areas among the trees and several sparse residential have disappeared in the bottom left to left center among the trees
002612_cap,0,0,0,appear,appear,OK,,,N/A,,,N/A,among,among|tree,PART,dense,dense,OK,several dense new residential have appeared in different areas among the trees and several sparse residential have disappeared in different areas among the trees .,several dense new residential have appeared in different areas among the trees and several sparse residential have disappeared in the bottom right to bottom right among the trees
002618_cap,0,0,0,appear,appear,OK,,,N/A,bottom-right|top-right,top-right,WRONG,among|land,among,PART,dense,dense,OK,several dense new residential have appeared in the bottom right among the trees and a residential has disappeared in the top right on bare land .,several dense new residential have appeared in different areas among the trees and a residential has disappeared in the top right among the trees
002620_cap,1,0,0,appear,appear,OK,,,N/A,top-left,top-left,OK,among,among,OK,dense,dense,OK,several dense new residential have appeared in the top left among the trees and several dense residential have disappeared in different areas among the trees .,several dense new residential have appeared in the top left among the trees and several dense residential have disappeared in different areas among the trees
002622_cap,0,0,0,appear,appear,OK,,,N/A,bottom-left,bottom-left|bottom-right|top-left,WRONG,among,tree,WRONG,dense,dense,OK,several dense new residential have appeared in the bottom left among the trees and several sparse residential have disappeared in different areas among the trees .,several dense new residential have appeared in the bottom left to bottom right among the trees and several sparse residential have disappeared in the top left to bottom right among the trees
002626_cap,0,0,0,appear,appear,OK,,,N/A,,,N/A,among,among|tree,PART,dense,dense,OK,several dense new residential have appeared in different areas among the trees and several dense residential have disappeared in different areas among the trees .,several dense new residential have appeared in different areas among the trees and several sparse residential have disappeared in the bottom left to bottom right among the trees
002628_cap,0,0,0,appear,appear,OK,,,N/A,bottom|center|left,bottom-left|top-left,WRONG,among|tree,among|tree,OK,dense,dense,OK,several dense new residential have appeared in the bottom center to left center among the trees and several sparse residential have disappeared in different areas among the trees .,several dense new residential have appeared in different areas among the trees and several sparse residential have disappeared in the top left to bottom left among the trees
002634_cap,0,0,0,disappear,disappear,OK,one,one,OK,bottom-left,bottom-left,OK,area,among,WRONG,,,N/A,no building has appeared in the area and a building has disappeared in the bottom left in the parking area .,no building has appeared in the area and a building has disappeared in the bottom left among the trees
002644_cap,0,0,0,appear,appear,OK,,,N/A,bottom-right|top-left,bottom-right,WRONG,among|tree,among,PART,dense,dense,OK,several dense new residential have appeared in the top left to bottom right among the trees and a residential has disappeared in the bottom right among the trees .,several dense new residential have appeared in different areas among the trees and a residential has disappeared in the bottom right among the trees
002647_cap,0,0,0,appear,appear,OK,,,N/A,,,N/A,among|area,area|tree,PART,dense,dense,OK,several dense new residential have appeared in different areas among the trees and no building has disappeared in the area .,several dense new residential have appeared in the top right to left center among the trees and no building has disappeared in the area
002655_cap,1,0,0,appear,appear,OK,,,N/A,,,N/A,among,among,OK,dense,dense,OK,several dense new residential have appeared in different areas among the trees and several sparse residential have disappeared in different areas among the trees .,several dense new residential have appeared in different areas among the trees and several sparse residential have disappeared in different areas among the trees
002662_cap,0,0,0,appear,appear,OK,,,N/A,bottom|center,bottom-right|top-left,WRONG,among,among|tree,PART,dense,dense,OK,several dense new residential have appeared in the bottom center among the trees and several dense residential have disappeared in different areas among the trees .,several dense new residential have appeared in different areas among the trees and several sparse residential have disappeared in the top left to bottom right among the trees
002672_cap,1,0,0,appear,appear,OK,,,N/A,bottom-right|top-left,bottom-right|top-left,OK,among,among,OK,dense,dense,OK,several dense new residential have appeared in the bottom right among the trees and several closely located residential have disappeared in the top left among the trees .,several dense new residential have appeared in the bottom right among the trees and several sparse residential have disappeared in the top left among the trees
002677_cap,0,0,0,appear,appear,OK,one,several,WRONG,bottom|center,-,WRONG,area,area,OK,,,N/A,a new building has appeared in the bottom center in the parking area and no building has disappeared in the area .,several sparse new buildings have appeared in different areas in the parking area and no building has disappeared in the area
002679_cap,0,0,0,appear,appear,OK,,,N/A,bottom-left|center|top,center|top,WRONG,area,area,OK,sparse,-,WRONG,several sparse new residential have appeared in the top center to bottom left in the parking area and no building has disappeared in the area .,a new building has appeared in the top center in the parking area and no building has disappeared in the area
002682_cap,0,0,0,appear,appear,OK,several,-,WRONG,,,N/A,among,among,OK,dense,dense,OK,several dense new residential have appeared in different areas among the trees and several dense buildings have disappeared in different areas among the trees .,several dense new residential have appeared in different areas among the trees and several dense residential have disappeared in different areas among the trees
002685_cap,0,0,0,appear,appear,OK,,,N/A,bottom-right|center,bottom|center,WRONG,among|tree,among,PART,dense,dense,OK,several dense new residential have appeared in different areas among the trees and several closely located residential have disappeared in the bottom center to bottom right among the trees .,several dense new residential have appeared in different areas among the trees and several sparse residential have disappeared in the bottom center among the trees
002688_cap,1,0,0,appear,appear,OK,,,N/A,bottom-left|top-left,bottom-left|top-left,OK,among|tree,among|tree,OK,dense,dense,OK,several dense new residential have appeared in different areas among the trees and several sparse residential have disappeared in the top left to bottom left among the trees .,several dense new residential have appeared in different areas among the trees and several sparse residential have disappeared in the top left to bottom left among the trees
002693_cap,0,0,0,appear,appear,OK,,,N/A,top-right,-,WRONG,among|area,among,PART,dense,dense,OK,several dense new residential have appeared in the top right in the parking area and several sparse residential have disappeared in different areas among the trees .,several dense new residential have appeared in different areas among the trees and several sparse residential have disappeared in different areas among the trees
002699_cap,0,0,0,appear,appear,OK,,,N/A,bottom-left|top-right,-,WRONG,among|area,area,PART,dense,dense,OK,several dense new residential have appeared in the bottom left in the parking area and a residential has disappeared in the top right among the trees .,several dense new residential have appeared in different areas in the parking area and no building has disappeared in the area
002700_cap,0,0,0,appear,appear,OK,several,several,OK,top-left,-,WRONG,among|area,among|area,OK,sparse,sparse,OK,several sparse new houses have appeared in the top left in the parking area and a residential has disappeared in the top left among the trees .,several sparse new houses have appeared in different areas among the trees and no building has disappeared in the area
002703_cap,0,0,0,appear,appear,OK,several,-,WRONG,top-left,-,WRONG,among|area,area,PART,sparse,dense,WRONG,several sparse new houses have appeared in the top left among the trees and no building has disappeared in the area .,several dense new residential have appeared in different areas in the parking area and no building has disappeared in the area
002704_cap,0,0,0,appear,appear,OK,several,-,WRONG,top-right,center|right,WRONG,among,among,OK,dense,dense,OK,several dense new houses have appeared in different areas among the trees and a residential has disappeared in the top right among the trees .,several dense new residential have appeared in different areas among the trees and a residential has disappeared in the right center among the trees
002709_cap,1,0,0,appear,appear,OK,,,N/A,center|top-left,center|top-left,OK,area|tree,area|tree,OK,,,N/A,several closely located new residential have appeared in the top left to left center among the trees and no building has disappeared in the area .,several dense new residential have appeared in the top left to left center among the trees and no building has disappeared in the area
002712_cap,1,0,0,appear,appear,OK,,,N/A,bottom-right|top-left,bottom-right|top-left,OK,among|tree,among|tree,OK,dense,dense,OK,several dense new residential have appeared in different areas among the trees and several sparse residential have disappeared in the top left to bottom right among the trees .,several dense new residential have appeared in different areas among the trees and several sparse residential have disappeared in the top left to bottom right among the trees
002718_cap,0,0,0,appear,appear,OK,,,N/A,bottom-right|center|left,bottom-right|center|left,OK,among,among|tree,PART,dense,dense,OK,several dense new residential have appeared in the bottom right among the trees and a residential has disappeared in the left center among the trees .,several dense new residential have appeared in the bottom right to bottom right among the trees and a residential has disappeared in the left center among the trees
002720_cap,0,0,0,appear,appear,OK,several,several,OK,bottom-left|bottom-right|center,bottom-right|top-left,WRONG,among|area,among|area,OK,dense,dense,OK,several dense new buildings have appeared in the bottom left to bottom center in the parking area and a residential has disappeared in the bottom right among the trees .,several dense new buildings have appeared in the top left in the parking area and a residential has disappeared in the bottom right among the trees
002721_cap,0,0,0,appear,appear,OK,,,N/A,bottom-left|bottom-right|center,bottom-right|center,WRONG,among|tree,among|tree,OK,dense,sparse,WRONG,several dense new residential have appeared in the bottom left among the trees and several sparse residential have disappeared in the bottom center to bottom right among the trees .,several sparse new buildings have appeared in different areas among the trees and several sparse residential have disappeared in the bottom center to bottom right among the trees
002724_cap,0,0,0,appear,appear,OK,several,-,WRONG,top-right,top-right,OK,among|land,among|area,PART,sparse,sparse,OK,several sparse new houses have appeared in the top right among the trees and several dense residential have disappeared in different areas on bare land .,several sparse new residential have appeared in the top right in the parking area and a residential has disappeared in the top right among the trees
002732_cap,0,0,0,appear,appear,OK,several,several,OK,center|top,center|top-left|top-right,WRONG,area,among|area,PART,sparse,sparse,OK,several sparse new buildings have appeared in different areas in the parking area and a residential has disappeared in the top center in the parking area .,several sparse new buildings have appeared in the top left to top right in the parking area and a residential has disappeared in the top center among the trees
002735_cap,0,0,0,appear,appear,OK,,,N/A,center|top-left|top-right,center|top-left|top-right,OK,area|tree,among|area,PART,sparse,sparse,OK,several sparse new residential have appeared in the top center to top right in the parking area and several sparse residential have disappeared in the top left to top right among the trees .,several sparse new residential have appeared in the top center to top right in the parking area and a residential has disappeared in the top left among the trees
002736_cap,0,0,0,appear,appear,OK,,,N/A,center|top-left,center|top-left,OK,among|area,area,PART,sparse,sparse,OK,several sparse new residential have appeared in the top left to top center in the parking area and a residential has disappeared in the top center among the trees .,several sparse new houses have appeared in different areas in the parking area and a building has disappeared in the top left to top center in the parking area
002741_cap,0,0,0,appear,appear,OK,,,N/A,center|left,bottom-left|center,WRONG,among|area,area|tree,PART,dense,dense,OK,several dense new residential have appeared in the left center among the trees and no building has disappeared in the area .,several dense new residential have appeared in the bottom left to bottom center among the trees and no building has disappeared in the area
002744_cap,1,1,1,none,none,OK,,,N/A,,,N/A,,,N/A,,,N/A,no building has appeared in the area and no building has disappeared in the area .,no building has appeared in the area and no building has disappeared in the area
002746_cap,1,0,0,appear,appear,OK,,,N/A,center|top,center|top,OK,area,area,OK,,,N/A,a new residential has appeared in the top center in the parking area and no building has disappeared in the area .,a new residential has appeared in the top center in the parking area and no building has disappeared in the area
002747_cap,1,0,0,appear,appear,OK,,,N/A,top-left,top-left,OK,among|area,among|area,OK,,,N/A,a new residential has appeared in the top left among the trees and no building has disappeared in the area .,a new residential has appeared in the top left among the trees and no building has disappeared in the area
002752_cap,0,0,0,appear,appear,OK,,,N/A,bottom-left|center,bottom-left,WRONG,among|tree,among,PART,,,N/A,a new residential has appeared in the bottom left among the trees and several closely located residential have disappeared in the bottom left to left center among the trees .,several sparse new residential have appeared in different areas among the trees and a residential has disappeared in the bottom left among the trees
002756_cap,0,0,0,appear,appear,OK,,,N/A,center|right|top-left,bottom-right|center|top-left,WRONG,among|tree,among|tree,OK,dense,dense,OK,several dense new residential have appeared in different areas among the trees and several sparse residential have disappeared in the top left to right center among the trees .,several dense new residential have appeared in the bottom right among the trees and several sparse residential have disappeared in the top left to right center among the trees
002759_cap,0,0,0,appear,appear,OK,several,-,WRONG,top-left,-,WRONG,among,among,OK,dense,dense,OK,several dense new houses have appeared in the top left among the trees and several sparse residential have disappeared in different areas among the trees .,several dense new residential have appeared in different areas among the trees and several sparse residential have disappeared in different areas among the trees
002766_cap,0,0,0,appear,appear,OK,one,one,OK,center|top-right,top-right,WRONG,among|tree,among,PART,,,N/A,a new building has appeared in the top right among the trees and several closely located residential have disappeared in the top center to top right among the trees .,a new building has appeared in the top right among the trees and a building has disappeared in the top right among the trees
002768_cap,0,0,0,appear,appear,OK,several,several,OK,center|top-right,center|right,WRONG,among|tree,among|area,PART,dense,dense,OK,several dense new residential have appeared in different areas among the trees and several sparse buildings have disappeared in the top right to right center among the trees .,several dense new houses have appeared in different areas in the parking area and a residential has disappeared in the right center among the trees
002772_cap,0,0,0,appear,appear,OK,,,N/A,bottom-left|center|top-left,bottom-left,WRONG,among|tree,among|area,PART,dense,dense,OK,several dense new residential have appeared in the top left to center among the trees and a residential has disappeared in the bottom left among the trees .,several dense new residential have appeared in different areas in the parking area and a residential has disappeared in the bottom left among the trees
002775_cap,1,1,1,none,none,OK,,,N/A,,,N/A,,,N/A,,,N/A,no building has appeared in the area and no building has disappeared in the area .,no building has appeared in the area and no building has disappeared in the area
002784_cap,0,0,0,appear,appear,OK,,,N/A,center|top-left,top-left,WRONG,area|tree,among|area,PART,sparse,sparse,OK,several sparse new residential have appeared in the top left to left center among the trees and no building has disappeared in the area .,several sparse new residential have appeared in the top left among the trees and no building has disappeared in the area
002787_cap,1,1,1,none,none,OK,,,N/A,,,N/A,,,N/A,,,N/A,no building has appeared in the area and no building has disappeared in the area .,no building has appeared in the area and no building has disappeared in the area
002788_cap,1,1,1,none,none,OK,,,N/A,,,N/A,,,N/A,,,N/A,no building has appeared in the area and no building has disappeared in the area .,no building has appeared in the area and no building has disappeared in the area
002793_cap,0,0,0,appear,appear,OK,,,N/A,center|left|right,-,WRONG,among|tree,among,PART,sparse,dense,WRONG,several sparse new residential have appeared in the left center to right center among the trees and several dense residential have disappeared in different areas among the trees .,several dense new residential have appeared in different areas among the trees and several sparse residential have disappeared in different areas among the trees
002794_cap,0,0,0,appear,appear,OK,,,N/A,bottom-right|center,-,WRONG,among|tree,among,PART,sparse,dense,WRONG,several sparse new residential have appeared in the center to bottom right among the trees and several sparse residential have disappeared in different areas among the trees .,several dense new residential have appeared in different areas among the trees and several sparse residential have disappeared in different areas among the trees
002800_cap,0,0,0,appear,appear,OK,several,-,WRONG,bottom-left,bottom-left,OK,among,among,OK,dense,dense,OK,several dense new buildings have appeared in the bottom left among the trees and several sparse residential have disappeared in different areas among the trees .,several dense new residential have appeared in the bottom left among the trees and several sparse residential have disappeared in different areas among the trees
002805_cap,0,0,0,appear,appear,OK,,,N/A,bottom|center,center|top-right,WRONG,among,among|tree,PART,dense,dense,OK,several dense new residential have appeared in the bottom center among the trees and several sparse residential have disappeared in different areas among the trees .,several dense new residential have appeared in different areas among the trees and several sparse residential have disappeared in the top center to top right among the trees
002814_cap,0,0,0,appear,appear,OK,several,-,WRONG,bottom|center|top-left,bottom-left|center|top-left,WRONG,area|tree,area|tree,OK,dense,dense,OK,several dense new residential have appeared in the top left to top center in the parking area and several sparse houses have disappeared in the bottom center to left center among the trees .,several dense new residential have appeared in the top left in the parking area and several sparse residential have disappeared in the bottom left to left center among the trees
002816_cap,1,1,1,none,none,OK,,,N/A,,,N/A,,,N/A,,,N/A,no building has appeared in the area and no building has disappeared in the area .,no building has appeared in the area and no building has disappeared in the area
002817_cap,1,1,1,none,none,OK,,,N/A,,,N/A,,,N/A,,,N/A,no building has appeared in the area and no building has disappeared in the area .,no building has appeared in the area and no building has disappeared in the area
002819_cap,1,1,1,none,none,OK,,,N/A,,,N/A,,,N/A,,,N/A,no building has appeared in the area and no building has disappeared in the area .,no building has appeared in the area and no building has disappeared in the area
002826_cap,1,0,0,appear,appear,OK,,,N/A,top-left,top-left,OK,among|area,among|area,OK,,,N/A,a new residential has appeared in the top left among the trees and no building has disappeared in the area .,a new building has appeared in the top left among the trees and no building has disappeared in the area
002831_cap,1,1,1,none,none,OK,,,N/A,,,N/A,,,N/A,,,N/A,no building has appeared in the area and no building has disappeared in the area .,no building has appeared in the area and no building has disappeared in the area
002851_cap,1,0,0,appear,appear,OK,,,N/A,,,N/A,among|area,among|area,OK,dense,dense,OK,several dense new residential have appeared in different areas among the trees and no building has disappeared in the area .,several dense new residential have appeared in different areas among the trees and no building has disappeared in the area
002853_cap,0,0,0,appear,appear,OK,,,N/A,center|right,top-right,WRONG,area,area,OK,sparse,sparse,OK,several sparse new residential have appeared in the right center in the parking area and no building has disappeared in the area .,several sparse new residential have appeared in the top right in the parking area and no building has disappeared in the area
002854_cap,0,0,0,appear,appear,OK,several,-,WRONG,center,center|top,WRONG,area,area|tree,PART,dense,dense,OK,several dense new buildings have appeared in the center in the parking area and no building has disappeared in the area .,several dense new residential have appeared in the top center to top center among the trees and no building has disappeared in the area
002856_cap,1,0,0,appear,appear,OK,,,N/A,center|top-left,center|top-left,OK,among|tree,among|tree,OK,dense,dense,OK,several dense new residential have appeared in different areas among the trees and several sparse residential have disappeared in the top left to center among the trees .,several dense new residential have appeared in different areas among the trees and several sparse residential have disappeared in the top left to center among the trees
002860_cap,1,1,1,none,none,OK,,,N/A,,,N/A,,,N/A,,,N/A,no building has appeared in the area and no building has disappeared in the area .,no building has appeared in the area and no building has disappeared in the area
002873_cap,1,1,1,none,none,OK,,,N/A,,,N/A,,,N/A,,,N/A,no building has appeared in the area and no building has disappeared in the area .,no building has appeared in the area and no building has disappeared in the area
002875_cap,1,0,0,appear,appear,OK,,,N/A,bottom-right|center,bottom-right|center,OK,area|tree,area|tree,OK,dense,dense,OK,several dense new residential have appeared in the right center in the parking area and several sparse residential have disappeared in the bottom center to bottom right among the trees .,several dense new residential have appeared in different areas in the parking area and several sparse houses have disappeared in the bottom center to bottom right among the trees
002882_cap,0,0,0,appear,appear,OK,,,N/A,bottom-right|center,center,WRONG,area|tree,among,WRONG,dense,dense,OK,several dense new residential have appeared in the bottom right in the parking area and several closely located residential have disappeared in the center to right center among the trees .,several dense new residential have appeared in different areas among the trees and a residential has disappeared in the center among the trees
002886_cap,0,0,0,appear,appear,OK,several,-,WRONG,bottom-left|center|top,bottom-left|center|top,OK,among|tree,area|tree,PART,dense,dense,OK,several dense new houses have appeared in different areas among the trees and several sparse houses have disappeared in the top center to bottom left among the trees .,several dense new residential have appeared in different areas in the parking area and several sparse residential have disappeared in the top center to bottom left among the trees
002891_cap,1,0,0,appear,appear,OK,,,N/A,,,N/A,among,among,OK,dense,dense,OK,several dense new residential have appeared in different areas among the trees and several dense residential have disappeared in different areas among the trees .,several dense new residential have appeared in different areas among the trees and several sparse residential have disappeared in different areas among the trees
002900_cap,1,1,1,none,none,OK,,,N/A,,,N/A,,,N/A,,,N/A,no building has appeared in the area and no building has disappeared in the area .,no building has appeared in the area and no building has disappeared in the area
002904_cap,1,1,1,none,none,OK,,,N/A,,,N/A,,,N/A,,,N/A,no building has appeared in the area and no building has disappeared in the area .,no building has appeared in the area and no building has disappeared in the area
002918_cap,0,0,0,appear,appear,OK,,,N/A,,,N/A,among|area,among|tree,PART,dense,dense,OK,several dense new residential have appeared in different areas among the trees and several sparse residential have disappeared in different areas in the parking area .,several dense new residential have appeared in different areas among the trees and several sparse residential have disappeared in the center to left center among the trees
002921_cap,0,0,0,appear,appear,OK,,,N/A,center|top-left,bottom-left|center,WRONG,among|tree,among|tree,OK,dense,dense,OK,several dense new residential have appeared in different areas among the trees and several sparse residential have disappeared in the top left to left center among the trees .,several dense new residential have appeared in different areas among the trees and several sparse residential have disappeared in the bottom left to left center among the trees
002933_cap,0,0,0,appear,appear,OK,,,N/A,top-left|top-right,-,WRONG,among|area,among,PART,dense,dense,OK,several dense new residential have appeared in the top left to top right in the parking area and several sparse residential have disappeared in different areas among the trees .,several dense new residential have appeared in different areas among the trees and several sparse residential have disappeared in different areas among the trees
002934_cap,0,0,0,appear,appear,OK,,,N/A,top-left,-,WRONG,among|area,among,PART,dense,dense,OK,several dense new residential have appeared in the top left in the parking area and several sparse residential have disappeared in different areas among the trees .,several dense new residential have appeared in different areas among the trees and several sparse residential have disappeared in different areas among the trees
002940_cap,0,0,0,appear,appear,OK,,,N/A,bottom-left|bottom-right,bottom-left,WRONG,among,among,OK,dense,dense,OK,several dense new residential have appeared in the bottom right among the trees and a residential has disappeared in the bottom left among the trees .,several dense new residential have appeared in different areas among the trees and a residential has disappeared in the bottom left among the trees
002941_cap,1,1,1,none,none,OK,,,N/A,,,N/A,,,N/A,,,N/A,no building has appeared in the area and no building has disappeared in the area .,no building has appeared in the area and no building has disappeared in the area
002943_cap,1,1,1,none,none,OK,,,N/A,,,N/A,,,N/A,,,N/A,no building has appeared in the area and no building has disappeared in the area .,no building has appeared in the area and no building has disappeared in the area
002947_cap,1,1,1,none,none,OK,,,N/A,,,N/A,,,N/A,,,N/A,no building has appeared in the area and no building has disappeared in the area .,no building has appeared in the area and no building has disappeared in the area
002948_cap,1,1,1,none,none,OK,,,N/A,,,N/A,,,N/A,,,N/A,no building has appeared in the area and no building has disappeared in the area .,no building has appeared in the area and no building has disappeared in the area
002953_cap,1,1,1,none,none,OK,,,N/A,,,N/A,,,N/A,,,N/A,no building has appeared in the area and no building has disappeared in the area .,no building has appeared in the area and no building has disappeared in the area
002958_cap,0,0,0,appear,appear,OK,,,N/A,bottom-right,bottom-right|top-right,WRONG,among,among,OK,sparse,sparse,OK,several sparse new residential have appeared in different areas among the trees and a residential has disappeared in the bottom right among the trees .,several sparse new residential have appeared in the top right among the trees and a residential has disappeared in the bottom right among the trees
002963_cap,1,0,0,appear,appear,OK,,,N/A,,,N/A,among,among,OK,sparse,sparse,OK,several sparse new residential have appeared in different areas among the trees and several dense residential have disappeared in different areas among the trees .,several sparse new residential have appeared in different areas among the trees and several dense residential have disappeared in different areas among the trees
002983_cap,1,1,1,none,none,OK,,,N/A,,,N/A,,,N/A,,,N/A,no building has appeared in the area and no building has disappeared in the area .,no building has appeared in the area and no building has disappeared in the area
002987_cap,1,1,1,none,none,OK,,,N/A,,,N/A,,,N/A,,,N/A,no building has appeared in the area and no building has disappeared in the area .,no building has appeared in the area and no building has disappeared in the area
002989_cap,1,1,1,none,none,OK,,,N/A,,,N/A,,,N/A,,,N/A,no building has appeared in the area and no building has disappeared in the area .,no building has appeared in the area and no building has disappeared in the area
002990_cap,1,1,1,none,none,OK,,,N/A,,,N/A,,,N/A,,,N/A,no building has appeared in the area and no building has disappeared in the area .,no building has appeared in the area and no building has disappeared in the area
002993_cap,1,1,1,none,none,OK,,,N/A,,,N/A,,,N/A,,,N/A,no building has appeared in the area and no building has disappeared in the area .,no building has appeared in the area and no building has disappeared in the area
002998_cap,1,1,1,none,none,OK,,,N/A,,,N/A,,,N/A,,,N/A,no building has appeared in the area and no building has disappeared in the area .,no building has appeared in the area and no building has disappeared in the area
003014_cap,0,0,0,appear,appear,OK,,,N/A,bottom|center|left,bottom|center,WRONG,among|area,among,PART,dense,dense,OK,several dense new residential have appeared in the left center in the parking area and a residential has disappeared in the bottom center among the trees .,several dense new residential have appeared in different areas among the trees and a residential has disappeared in the bottom center among the trees
003017_cap,0,0,0,appear,appear,OK,,,N/A,center|right,-,WRONG,among,among,OK,dense,dense,OK,several dense new residential have appeared in the right center among the trees and several dense residential have disappeared in different areas among the trees .,several dense new residential have appeared in different areas among the trees and several sparse residential have disappeared in different areas among the trees
003024_cap,0,0,0,appear,appear,OK,several,-,WRONG,top-right,bottom-left|top-right,WRONG,among,among|area,PART,dense,dense,OK,several dense new buildings have appeared in the top right among the trees and several dense residential have disappeared in different areas among the trees .,several dense new residential have appeared in the top right to bottom left in the parking area and several sparse residential have disappeared in different areas among the trees
003027_cap,1,1,1,none,none,OK,,,N/A,,,N/A,,,N/A,,,N/A,no building has appeared in the area and no building has disappeared in the area .,no building has appeared in the area and no building has disappeared in the area
003034_cap,1,1,1,none,none,OK,,,N/A,,,N/A,,,N/A,,,N/A,no building has appeared in the area and no building has disappeared in the area .,no building has appeared in the area and no building has disappeared in the area
003037_cap,1,1,1,none,none,OK,,,N/A,,,N/A,,,N/A,,,N/A,no building has appeared in the area and no building has disappeared in the area .,no building has appeared in the area and no building has disappeared in the area
003038_cap,1,1,1,none,none,OK,,,N/A,,,N/A,,,N/A,,,N/A,no building has appeared in the area and no building has disappeared in the area .,no building has appeared in the area and no building has disappeared in the area
003041_cap,1,1,1,none,none,OK,,,N/A,,,N/A,,,N/A,,,N/A,no building has appeared in the area and no building has disappeared in the area .,no building has appeared in the area and no building has disappeared in the area
003050_cap,0,0,0,appear,appear,OK,,,N/A,bottom-right|center|left,bottom-left|bottom-right,WRONG,among|tree,among,PART,sparse,dense,WRONG,several sparse new residential have appeared in the bottom right to left center among the trees and several closely located residential have disappeared in the bottom right among the trees .,several dense new residential have appeared in the bottom left among the trees and a residential has disappeared in the bottom right among the trees
003052_cap,0,0,0,appear,appear,OK,,,N/A,bottom|center|top-left|top-right,top-left,WRONG,among|tree,among|area,PART,dense,dense,OK,several dense new residential have appeared in the top left among the trees and several sparse residential have disappeared in the top right to bottom center among the trees .,several dense new residential have appeared in the top left in the parking area and several sparse residential have disappeared in different areas among the trees
003060_cap,0,0,0,appear,appear,OK,,,N/A,top-left,bottom-left|top-left,WRONG,among,among|tree,PART,dense,dense,OK,several dense new residential have appeared in the top left among the trees and several sparse residential have disappeared in the top left among the trees .,several dense new residential have appeared in the top left among the trees and several sparse residential have disappeared in the top left to bottom left among the trees
003064_cap,0,0,0,appear,appear,OK,several,-,WRONG,bottom-right,center|top,WRONG,among|area,area|tree,PART,dense,dense,OK,several dense new buildings have appeared in the bottom right in the parking area and several dense residential have disappeared in different areas among the trees .,several dense new residential have appeared in different areas in the parking area and several sparse residential have disappeared in the top center to top center among the trees
003076_cap,1,1,1,none,none,OK,,,N/A,,,N/A,,,N/A,,,N/A,no building has appeared in the area and no building has disappeared in the area .,no building has appeared in the area and no building has disappeared in the area
003080_cap,1,1,1,none,none,OK,,,N/A,,,N/A,,,N/A,,,N/A,no building has appeared in the area and no building has disappeared in the area .,no building has appeared in the area and no building has disappeared in the area
003081_cap,1,1,1,none,none,OK,,,N/A,,,N/A,,,N/A,,,N/A,no building has appeared in the area and no building has disappeared in the area .,no building has appeared in the area and no building has disappeared in the area
003085_cap,1,1,1,none,none,OK,,,N/A,,,N/A,,,N/A,,,N/A,no building has appeared in the area and no building has disappeared in the area .,no building has appeared in the area and no building has disappeared in the area
003087_cap,0,0,0,appear,appear,OK,one,one,OK,center|right|top,center|right|top,OK,among,area,WRONG,,,N/A,a new residential has appeared in the top center among the trees and a building has disappeared in the right center among the trees .,a new building has appeared in the top center in the parking area and a residential has disappeared in the right center in the parking area
003094_cap,0,0,0,appear,appear,OK,,,N/A,bottom-left|center|right,bottom-left|center|right,OK,area|tree,among|tree,PART,sparse,dense,WRONG,several sparse new residential have appeared in the center to right center in the parking area and several sparse residential have disappeared in the center to bottom left among the trees .,several dense new residential have appeared in different areas among the trees and several sparse residential have disappeared in the bottom left to right center among the trees
003096_cap,0,0,0,appear,appear,OK,,,N/A,,,N/A,area,among|area,PART,dense,dense,OK,several dense new residential have appeared in different areas in the parking area and no building has disappeared in the area .,several dense new residential have appeared in different areas among the trees and no building has disappeared in the area
003109_cap,1,1,1,none,none,OK,,,N/A,,,N/A,,,N/A,,,N/A,no building has appeared in the area and no building has disappeared in the area .,no building has appeared in the area and no building has disappeared in the area
003116_cap,1,1,1,none,none,OK,,,N/A,,,N/A,,,N/A,,,N/A,no building has appeared in the area and no building has disappeared in the area .,no building has appeared in the area and no building has disappeared in the area
003121_cap,1,1,1,none,none,OK,,,N/A,,,N/A,,,N/A,,,N/A,no building has appeared in the area and no building has disappeared in the area .,no building has appeared in the area and no building has disappeared in the area
003123_cap,1,1,1,none,none,OK,,,N/A,,,N/A,,,N/A,,,N/A,no building has appeared in the area and no building has disappeared in the area .,no building has appeared in the area and no building has disappeared in the area
003124_cap,1,1,1,none,none,OK,,,N/A,,,N/A,,,N/A,,,N/A,no building has appeared in the area and no building has disappeared in the area .,no building has appeared in the area and no building has disappeared in the area
003127_cap,1,1,1,none,none,OK,,,N/A,,,N/A,,,N/A,,,N/A,no building has appeared in the area and no building has disappeared in the area .,no building has appeared in the area and no building has disappeared in the area
003128_cap,1,1,1,none,none,OK,,,N/A,,,N/A,,,N/A,,,N/A,no building has appeared in the area and no building has disappeared in the area .,no building has appeared in the area and no building has disappeared in the area
003130_cap,0,0,0,appear,appear,OK,,,N/A,top-left|top-right,center|top-right,WRONG,among|area,area,PART,sparse,-,WRONG,a new residential has appeared in the top right among the trees and several sparse residential have disappeared in the top left to top right in the parking area .,a new building has appeared in the top right in the parking area and a building has disappeared in the top center in the parking area
003137_cap,0,0,0,appear,appear,OK,,,N/A,bottom-right,bottom-left|top-left,WRONG,among|area,area|tree,PART,dense,dense,OK,several dense new residential have appeared in the bottom right in the parking area and several sparse residential have disappeared in different areas among the trees .,several dense new residential have appeared in different areas in the parking area and several sparse residential have disappeared in the top left to bottom left among the trees
003148_cap,0,0,0,appear,appear,OK,several,-,WRONG,top-left,bottom-left|center,WRONG,among,among|tree,PART,dense,dense,OK,several dense new buildings have appeared in the top left among the trees and several dense buildings have disappeared in different areas among the trees .,several dense new residential have appeared in different areas among the trees and several sparse residential have disappeared in the bottom left to left center among the trees
003149_cap,0,0,0,appear,appear,OK,several,-,WRONG,center|left|top-right,bottom-left|bottom-right|top-right,WRONG,among|area,among|tree,PART,sparse,dense,WRONG,several sparse new buildings have appeared in the top right in the parking area and a building has disappeared in the left center among the trees .,several dense new residential have appeared in the top right to bottom left among the trees and a residential has disappeared in the bottom right among the trees
003155_cap,1,1,1,none,none,OK,,,N/A,,,N/A,,,N/A,,,N/A,no building has appeared in the area and no building has disappeared in the area .,no building has appeared in the area and no building has disappeared in the area
003159_cap,1,1,1,none,none,OK,,,N/A,,,N/A,,,N/A,,,N/A,no building has appeared in the area and no building has disappeared in the area .,no building has appeared in the area and no building has disappeared in the area
003161_cap,1,1,1,none,none,OK,,,N/A,,,N/A,,,N/A,,,N/A,no building has appeared in the area and no building has disappeared in the area .,no building has appeared in the area and no building has disappeared in the area
003167_cap,1,1,1,none,none,OK,,,N/A,,,N/A,,,N/A,,,N/A,no building has appeared in the area and no building has disappeared in the area .,no building has appeared in the area and no building has disappeared in the area
003179_cap,0,0,0,appear,appear,OK,several,several,OK,center|top-left|top-right,center|left,WRONG,area|tree,among|area,PART,dense,dense,OK,several dense new buildings have appeared in the top left to right center in the parking area and several sparse buildings have disappeared in the top right to left center among the trees .,several dense new buildings have appeared in different areas in the parking area and a house has disappeared in the left center among the trees
003181_cap,0,0,0,appear,appear,OK,several,-,WRONG,center|top-left|top-right,center|top-left,WRONG,area|tree,among|area,PART,dense,dense,OK,several dense new buildings have appeared in the center in the parking area and several sparse houses have disappeared in the top left to top right among the trees .,several dense new residential have appeared in the top center in the parking area and a residential has disappeared in the top left among the trees
003184_cap,0,1,0,none,appear,WRONG,,,N/A,,,N/A,,,N/A,,,N/A,no building has appeared in the area and no building has disappeared in the area .,a new residential has appeared in the top left in the parking area and no building has disappeared in the area
003188_cap,0,0,0,appear,appear,OK,,,N/A,center|top-right,bottom-left|bottom-right|center|top-right,WRONG,among|tree,tree,PART,dense,dense,OK,several dense new residential have appeared in different areas among the trees and several closely located residential have disappeared in the top right to right center among the trees .,several dense new residential have appeared in the bottom left to bottom right among the trees and several sparse residential have disappeared in the top right to right center among the trees
003190_cap,1,0,0,appear,appear,OK,,,N/A,,,N/A,among,among,OK,dense,dense,OK,several dense new residential have appeared in different areas among the trees and several dense residential have disappeared in different areas among the trees .,several dense new residential have appeared in different areas among the trees and several sparse residential have disappeared in different areas among the trees
003191_cap,0,0,0,appear,appear,OK,,,N/A,bottom-left|top-left,center|top,WRONG,area|tree,among,WRONG,dense,dense,OK,several dense new residential have appeared in different areas in the parking area and several sparse residential have disappeared in the top left to bottom left among the trees .,several dense new residential have appeared in different areas among the trees and a residential has disappeared in the top center among the trees
003195_cap,1,1,1,none,none,OK,,,N/A,,,N/A,,,N/A,,,N/A,no building has appeared in the area and no building has disappeared in the area .,no building has appeared in the area and no building has disappeared in the area
003203_cap,1,1,1,none,none,OK,,,N/A,,,N/A,,,N/A,,,N/A,no building has appeared in the area and no building has disappeared in the area .,no building has appeared in the area and no building has disappeared in the area
003211_cap,0,0,0,appear,appear,OK,,,N/A,bottom-right|center,bottom-right|center,OK,among|tree,land,WRONG,sparse,sparse,OK,several sparse new residential have appeared in the bottom right to right center among the trees and several dense residential have disappeared in different areas among the trees .,a new building has appeared in the right center on bare land and several sparse residential have disappeared in the bottom right to right center on bare land
003214_cap,1,0,0,appear,appear,OK,,,N/A,bottom-right,bottom-right,OK,among|area,among|area,OK,,,N/A,a new residential has appeared in the bottom right among the trees and no building has disappeared in the area .,several sparse new residential have appeared in the bottom right among the trees and no building has disappeared in the area
003228_cap,0,0,0,appear,appear,OK,,,N/A,bottom|center|top-right,bottom|center|top-right,OK,among|tree,area|tree,PART,sparse,sparse,OK,several sparse new residential have appeared in different areas among the trees and several sparse residential have disappeared in the top right to bottom center among the trees .,several sparse new residential have appeared in different areas in the parking area and several sparse houses have disappeared in the top right to bottom center among the trees
003234_cap,1,0,0,appear,appear,OK,,,N/A,,,N/A,among|area,among|area,OK,dense,dense,OK,several dense new residential have appeared in different areas among the trees and no building has disappeared in the area .,several dense new residential have appeared in different areas among the trees and no building has disappeared in the area
003245_cap,1,1,1,none,none,OK,,,N/A,,,N/A,,,N/A,,,N/A,no building has appeared in the area and no building has disappeared in the area .,no building has appeared in the area and no building has disappeared in the area
003248_cap,1,1,1,none,none,OK,,,N/A,,,N/A,,,N/A,,,N/A,no building has appeared in the area and no building has disappeared in the area .,no building has appeared in the area and no building has disappeared in the area
003259_cap,0,0,0,appear,appear,OK,,,N/A,bottom-left|bottom-right|center|top,bottom-left|bottom-right|center|top-right,WRONG,area|tree,tree,PART,dense,dense,OK,several dense new residential have appeared in the bottom left to bottom right in the parking area and several sparse residential have disappeared in the top center to bottom center among the trees .,several dense new residential have appeared in the bottom right to bottom left among the trees and several sparse residential have disappeared in the top right to bottom center among the trees
003269_cap,0,0,0,appear,appear,OK,,,N/A,bottom|center|top-right,center|right,WRONG,area,area|tree,PART,dense,dense,OK,several dense new residential have appeared in the bottom center in the parking area and several sparse residential have disappeared in the top right to bottom center in the parking area .,several dense new residential have appeared in different areas in the parking area and several sparse residential have disappeared in the center to right center among the trees
003274_cap,0,0,0,appear,appear,OK,,,N/A,center|left|top,center|top,WRONG,among,among,OK,,,N/A,a new residential has appeared in the left center among the trees and a residential has disappeared in the top center among the trees .,several dense new residential have appeared in different areas among the trees and a residential has disappeared in the top center among the trees
003277_cap,1,0,0,appear,appear,OK,,,N/A,bottom-left,bottom-left,OK,among|area,among|area,OK,,,N/A,several closely located new residential have appeared in the bottom left among the trees and no building has disappeared in the area .,several sparse new residential have appeared in the bottom left among the trees and no building has disappeared in the area
003285_cap,1,1,1,none,none,OK,,,N/A,,,N/A,,,N/A,,,N/A,no building has appeared in the area and no building has disappeared in the area .,no building has appeared in the area and no building has disappeared in the area
003288_cap,1,1,1,none,none,OK,,,N/A,,,N/A,,,N/A,,,N/A,no building has appeared in the area and no building has disappeared in the area .,no building has appeared in the area and no building has disappeared in the area
003293_cap,1,1,1,none,none,OK,,,N/A,,,N/A,,,N/A,,,N/A,no building has appeared in the area and no building has disappeared in the area .,no building has appeared in the area and no building has disappeared in the area
003297_cap,0,0,0,appear,appear,OK,,,N/A,center|right|top-left,top-right,WRONG,area|tree,among|area,PART,sparse,dense,WRONG,several sparse new residential have appeared in the top left to right center among the trees and no building has disappeared in the area .,several dense new residential have appeared in different areas in the parking area and a residential has disappeared in the top right among the trees
003298_cap,0,0,0,appear,appear,OK,,,N/A,center|right,-,WRONG,among|area,area,PART,sparse,dense,WRONG,several sparse new residential have appeared in the right center among the trees and no building has disappeared in the area .,several dense new residential have appeared in different areas in the parking area and no building has disappeared in the area
003301_cap,0,0,0,appear,appear,OK,,,N/A,center|right|top-left,-,WRONG,among|tree,among,PART,dense,dense,OK,several dense new residential have appeared in the top left to right center among the trees and several dense residential have disappeared in different areas among the trees .,several dense new residential have appeared in different areas among the trees and several dense residential have disappeared in different areas among the trees
003305_cap,0,0,0,appear,appear,OK,one,-,WRONG,bottom-left,bottom-left,OK,among,among,OK,sparse,sparse,OK,several sparse new residential have appeared in different areas among the trees and a house has disappeared in the bottom left among the trees .,several sparse new residential have appeared in different areas among the trees and a residential has disappeared in the bottom left among the trees
003306_cap,0,0,0,appear,appear,OK,,,N/A,bottom|center|top-right,bottom|center|top-right,OK,area|tree,among|tree,PART,dense,dense,OK,several dense new residential have appeared in different areas in the parking area and several sparse residential have disappeared in the top right to bottom center among the trees .,several dense new residential have appeared in different areas among the trees and several sparse residential have disappeared in the top right to bottom center among the trees
003312_cap,0,0,0,appear,appear,OK,,,N/A,,,N/A,among,among|tree,PART,dense,sparse,WRONG,several dense new residential have appeared in different areas among the trees and several dense residential have disappeared in different areas among the trees .,several sparse new residential have appeared in the left center to left center among the trees and several sparse residential have disappeared in different areas among the trees
003314_cap,0,0,0,appear,appear,OK,one,-,WRONG,center|top-left,center|right|top-left,WRONG,among,among|tree,PART,,,N/A,a new residential has appeared in the top left among the trees and a house has disappeared in the center among the trees .,a new residential has appeared in the top left among the trees and several sparse residential have disappeared in the center to right center among the trees
003316_cap,0,0,0,appear,appear,OK,,,N/A,bottom|center|left,bottom|center,WRONG,among,among,OK,,,N/A,a new residential has appeared in the left center among the trees and a residential has disappeared in the bottom center among the trees .,a new residential has appeared in the center among the trees and a residential has disappeared in the bottom center among the trees
003321_cap,0,0,0,appear,appear,OK,,,N/A,top-right,center|top-right,WRONG,among|area,among|area,OK,dense,sparse,WRONG,several dense new residential have appeared in different areas in the parking area and a residential has disappeared in the top right among the trees .,several sparse new residential have appeared in the top right to right center in the parking area and a residential has disappeared in the top right among the trees
003332_cap,1,1,1,none,none,OK,,,N/A,,,N/A,,,N/A,,,N/A,no building has appeared in the area and no building has disappeared in the area .,no building has appeared in the area and no building has disappeared in the area
003333_cap,1,1,1,none,none,OK,,,N/A,,,N/A,,,N/A,,,N/A,no building has appeared in the area and no building has disappeared in the area .,no building has appeared in the area and no building has disappeared in the area
003348_cap,0,0,0,appear,appear,OK,,,N/A,bottom-right|center|top-right,bottom-right|center,WRONG,area|tree,area|tree,OK,dense,dense,OK,several dense new residential have appeared in the top right in the parking area and several sparse residential have disappeared in the top center to bottom right among the trees .,several dense new residential have appeared in different areas in the parking area and several sparse residential have disappeared in the center to bottom right among the trees
003356_cap,0,0,0,appear,appear,OK,,,N/A,bottom-right|center|top-left,-,WRONG,tree,among|area,WRONG,sparse,sparse,OK,several sparse new residential have appeared in the bottom right to left center among the trees and several sparse residential have disappeared in the top left to bottom right among the trees .,several sparse new residential have appeared in different areas in the parking area and several sparse residential have disappeared in different areas among the trees
003367_cap,0,0,0,appear,appear,OK,,,N/A,center|left|top,center|left|top,OK,area,area|tree,PART,,,N/A,several closely located new buildings have appeared in the top center to left center in the parking area and no building has disappeared in the area .,several closely located new residential have appeared in the top center to left center among the trees and no building has disappeared in the area
003370_cap,1,1,1,none,none,OK,,,N/A,,,N/A,,,N/A,,,N/A,no building has appeared in the area and no building has disappeared in the area .,no building has appeared in the area and no building has disappeared in the area
003381_cap,1,1,1,none,none,OK,,,N/A,,,N/A,,,N/A,,,N/A,no building has appeared in the area and no building has disappeared in the area .,no building has appeared in the area and no building has disappeared in the area
003398_cap,0,0,0,appear,appear,OK,,,N/A,top-right,-,WRONG,among,among|area,PART,dense,dense,OK,several dense new residential have appeared in different areas among the trees and a residential has disappeared in the top right among the trees .,several dense new residential have appeared in different areas among the trees and no building has disappeared in the area
003401_cap,0,0,0,appear,appear,OK,several,-,WRONG,,,N/A,among,among|area,PART,dense,dense,OK,several dense new residential have appeared in different areas among the trees and several sparse houses have disappeared in different areas among the trees .,several dense new residential have appeared in different areas in the parking area and several sparse residential have disappeared in different areas among the trees
003417_cap,1,1,1,none,none,OK,,,N/A,,,N/A,,,N/A,,,N/A,no building has appeared in the area and no building has disappeared in the area .,no building has appeared in the area and no building has disappeared in the area
003424_cap,0,0,0,appear,appear,OK,,,N/A,center|top-right,top-right,WRONG,area|tree,among|area,PART,,,N/A,several closely located new houses have appeared in the top center to top right among the trees and no building has disappeared in the area .,a new residential has appeared in the top right among the trees and no building has disappeared in the area
003425_cap,0,0,0,appear,appear,OK,,,N/A,bottom-right|center,bottom-right,WRONG,among|tree,among,PART,sparse,sparse,OK,several sparse new residential have appeared in different areas among the trees and several closely located residential have disappeared in the bottom right to right center among the trees .,several sparse new residential have appeared in different areas among the trees and a residential has disappeared in the bottom right among the trees
003454_cap,1,1,1,none,none,OK,,,N/A,,,N/A,,,N/A,,,N/A,no building has appeared in the area and no building has disappeared in the area .,no building has appeared in the area and no building has disappeared in the area
003464_cap,1,1,1,none,none,OK,,,N/A,,,N/A,,,N/A,,,N/A,no building has appeared in the area and no building has disappeared in the area .,no building has appeared in the area and no building has disappeared in the area
003467_cap,1,0,0,appear,appear,OK,,,N/A,center|top-right,center|top-right,OK,among|tree,among|tree,OK,sparse,sparse,OK,several sparse new residential have appeared in the top right to right center among the trees and a residential has disappeared in the top right among the trees .,several sparse new residential have appeared in the right center to right center among the trees and a residential has disappeared in the top right among the trees
003472_cap,0,0,0,appear,appear,OK,,,N/A,bottom-left|bottom-right,bottom-left,WRONG,among|tree,among,PART,dense,dense,OK,several dense new residential have appeared in different areas among the trees and several sparse residential have disappeared in the bottom left to bottom right among the trees .,several dense new residential have appeared in different areas among the trees and several sparse residential have disappeared in the bottom left among the trees
003475_cap,0,0,0,appear,appear,OK,,,N/A,top-right,center|left|top-right,WRONG,among,tree,WRONG,dense,dense,OK,several dense new residential have appeared in the top right among the trees and several dense residential have disappeared in different areas among the trees .,several dense new residential have appeared in the top right to right center among the trees and several sparse residential have disappeared in the top center to left center among the trees
003478_cap,0,0,0,appear,appear,OK,,,N/A,,,N/A,among,among|area,PART,sparse,sparse,OK,several sparse new residential have appeared in different areas among the trees and several sparse residential have disappeared in different areas among the trees .,several sparse new residential have appeared in different areas in the parking area and several sparse residential have disappeared in different areas among the trees
003484_cap,0,0,0,appear,appear,OK,,,N/A,center|top-right,center|left|top-right,WRONG,among,among,OK,sparse,dense,WRONG,several sparse new residential have appeared in the center among the trees and a residential has disappeared in the top right among the trees .,several dense new residential have appeared in the left center among the trees and a residential has disappeared in the top right among the trees
003485_cap,0,0,0,appear,appear,OK,several,several,OK,center|right|top-left,center|top-left,WRONG,among|tree,tree,PART,sparse,sparse,OK,several sparse new residential have appeared in the left center among the trees and several sparse houses have disappeared in the top left to right center among the trees .,several sparse new houses have appeared in the top center to left center among the trees and several sparse residential have disappeared in the top left to center among the trees
003486_cap,0,0,0,appear,appear,OK,,,N/A,center|top-right,top-right,WRONG,area|tree,among,WRONG,sparse,sparse,OK,several sparse new residential have appeared in the top center to top right among the trees and a residential has disappeared in the top center in the parking area .,several sparse new residential have appeared in the top right among the trees and several closely located residential have disappeared in the top right among the trees
003497_cap,1,1,1,none,none,OK,,,N/A,,,N/A,,,N/A,,,N/A,no building has appeared in the area and no building has disappeared in the area .,no building has appeared in the area and no building has disappeared in the area
003500_cap,1,1,1,none,none,OK,,,N/A,,,N/A,,,N/A,,,N/A,no building has appeared in the area and no building has disappeared in the area .,no building has appeared in the area and no building has disappeared in the area
003501_cap,1,1,1,none,none,OK,,,N/A,,,N/A,,,N/A,,,N/A,no building has appeared in the area and no building has disappeared in the area .,no building has appeared in the area and no building has disappeared in the area
003503_cap,1,1,1,none,none,OK,,,N/A,,,N/A,,,N/A,,,N/A,no building has appeared in the area and no building has disappeared in the area .,no building has appeared in the area and no building has disappeared in the area
003513_cap,0,0,0,appear,appear,OK,several,several,OK,center|top,top-left,WRONG,among,among,OK,sparse,sparse,OK,several sparse new buildings have appeared in different areas among the trees and a house has disappeared in the top center among the trees .,several sparse new houses have appeared in different areas among the trees and a residential has disappeared in the top left among the trees
003517_cap,0,0,0,appear,appear,OK,,,N/A,bottom-left|top-left|top-right,bottom-left|top-left|top-right,OK,area|tree,area,PART,sparse,dense,WRONG,several sparse new residential have appeared in the top right to bottom left in the parking area and several sparse residential have disappeared in the top left to top right among the trees .,several dense new residential have appeared in the top right to bottom left in the parking area and a residential has disappeared in the top left in the parking area
003521_cap,0,0,0,appear,appear,OK,,,N/A,center|left,top-left,WRONG,among|area,among|area,OK,sparse,dense,WRONG,several sparse new residential have appeared in different areas in the parking area and a residential has disappeared in the left center among the trees .,several dense new buildings have appeared in different areas in the parking area and a residential has disappeared in the top left among the trees
003527_cap,0,0,0,appear,appear,OK,,,N/A,top-left,center|top-left,WRONG,among|area,among|area,OK,,,N/A,several closely located new residential have appeared in the top left in the parking area and a residential has disappeared in the top left among the trees .,a new residential has appeared in the top left in the parking area and a residential has disappeared in the top center among the trees
