id,all_ok,gt_nochange,pred_nochange,gt_Type,pred_Type,flag_Type,gt_Amount,pred_Amount,flag_Amount,gt_Position,pred_Position,flag_Position,gt_Background,pred_Background,flag_Background,gt_Density,pred_Density,flag_Density,gt_text,pred_text
1000_cap,1,1,1,none,none,OK,,,N/A,,,N/A,,,N/A,,,N/A,no building has appeared in the area and no building has disappeared in the area .,no building has appeared in the area and no building has disappeared in the area
1001_cap,1,1,1,none,none,OK,,,N/A,,,N/A,,,N/A,,,N/A,no building has appeared in the area and no building has disappeared in the area .,no building has appeared in the area and no building has disappeared in the area
1013_cap,0,0,0,appear,appear,OK,one,-,WRONG,top-left,top-left,OK,area,area,OK,,,N/A,a new building has appeared in the top left in the parking area and no building has disappeared in the area .,a new residential has appeared in the top left in the parking area and no building has disappeared in the area
101_cap,0,0,0,appear,appear,OK,several,one,WRONG,top-left|top-right,top-right,WRONG,area,area,OK,sparse,-,WRONG,several sparse new buildings have appeared in the top left to top right in the parking area and no building has disappeared in the area .,a new building has appeared in the top right in the parking area and a building has disappeared in the top right in the parking area
1021_cap,1,0,0,appear,appear,OK,,,N/A,bottom-left|bottom-right,bottom-left|bottom-right,OK,area,area,OK,sparse,sparse,OK,several sparse new residential have appeared in the bottom left to bottom right in the parking area and no building has disappeared in the area .,several sparse new buildings have appeared in the bottom left to bottom right in the parking area and no building has disappeared in the area
1024_cap,0,0,0,appear,appear,OK,one,one,OK,center|top-left,top-left,WRONG,area,area,OK,,,N/A,a new building has appeared in the top left in the parking area and a building has disappeared in the top center in the parking area .,a new building has appeared in the top left in the parking area and no building has disappeared in the area
1039_cap,1,1,1,none,none,OK,,,N/A,,,N/A,,,N/A,,,N/A,no building has appeared in the area and no building has disappeared in the area .,no building has appeared in the area and no building has disappeared in the area
1046_cap,1,1,1,none,none,OK,,,N/A,,,N/A,,,N/A,,,N/A,no building has appeared in the area and no building has disappeared in the area .,no building has appeared in the area and no building has disappeared in the area
1050_cap,1,1,1,none,none,OK,,,N/A,,,N/A,,,N/A,,,N/A,no building has appeared in the area and no building has disappeared in the area .,no building has appeared in the area and no building has disappeared in the area
1056_cap,1,1,1,none,none,OK,,,N/A,,,N/A,,,N/A,,,N/A,no building has appeared in the area and no building has disappeared in the area .,no building has appeared in the area and no building has disappeared in the area
1067_cap,1,1,1,none,none,OK,,,N/A,,,N/A,,,N/A,,,N/A,no building has appeared in the area and no building has disappeared in the area .,no building has appeared in the area and no building has disappeared in the area
107_cap,0,0,0,appear,appear,OK,one,-,WRONG,bottom-right,bottom-right,OK,area,area,OK,,,N/A,a new building has appeared in the bottom right in the parking area and a building has disappeared in the bottom right in the parking area .,several sparse new residential have appeared in the bottom right in the parking area and no building has disappeared in the area
1083_cap,1,1,1,none,none,OK,,,N/A,,,N/A,,,N/A,,,N/A,no building has appeared in the area and no building has disappeared in the area .,no building has appeared in the area and no building has disappeared in the area
1106_cap,0,0,0,appear,appear,OK,,,N/A,top-left|top-right,top-left,WRONG,area,area,OK,sparse,sparse,OK,several sparse new residential have appeared in the top left to top right in the parking area and no building has disappeared in the area .,several sparse new residential have appeared in the top left in the parking area and no building has disappeared in the area
1141_cap,1,1,1,none,none,OK,,,N/A,,,N/A,,,N/A,,,N/A,no building has appeared in the area and no building has disappeared in the area .,no building has appeared in the area and no building has disappeared in the area
1153_cap,1,0,0,appear,appear,OK,one,one,OK,center,center,OK,area,area,OK,,,N/A,a new building has appeared in the center in the parking area and no building has disappeared in the area .,a new building has appeared in the center in the parking area and no building has disappeared in the area
1172_cap,1,1,1,none,none,OK,,,N/A,,,N/A,,,N/A,,,N/A,no building has appeared in the area and no building has disappeared in the area .,no building has appeared in the area and no building has disappeared in the area
1179_cap,1,1,1,none,none,OK,,,N/A,,,N/A,,,N/A,,,N/A,no building has appeared in the area and no building has disappeared in the area .,no building has appeared in the area and no building has disappeared in the area
1181_cap,1,1,1,none,none,OK,,,N/A,,,N/A,,,N/A,,,N/A,no building has appeared in the area and no building has disappeared in the area .,no building has appeared in the area and no building has disappeared in the area
1182_cap,1,1,1,none,none,OK,,,N/A,,,N/A,,,N/A,,,N/A,no building has appeared in the area and no building has disappeared in the area .,no building has appeared in the area and no building has disappeared in the area
1194_cap,1,0,0,appear,appear,OK,,,N/A,bottom-right,bottom-right,OK,area,area,OK,,,N/A,a new residential has appeared in the bottom right in the parking area and no building has disappeared in the area .,a new building has appeared in the bottom right in the parking area and no building has disappeared in the area
1201_cap,1,1,1,none,none,OK,,,N/A,,,N/A,,,N/A,,,N/A,no building has appeared in the area and no building has disappeared in the area .,no building has appeared in the area and no building has disappeared in the area
1218_cap,1,1,1,none,none,OK,,,N/A,,,N/A,,,N/A,,,N/A,no building has appeared in the area and no building has disappeared in the area .,no building has appeared in the area and no building has disappeared in the area
1232_cap,1,1,1,none,none,OK,,,N/A,,,N/A,,,N/A,,,N/A,no building has appeared in the area and no building has disappeared in the area .,no building has appeared in the area and no building has disappeared in the area
1234_cap,1,1,1,none,none,OK,,,N/A,,,N/A,,,N/A,,,N/A,no building has appeared in the area and no building has disappeared in the area .,no building has appeared in the area and no building has disappeared in the area
123_cap,0,0,0,appear,appear,OK,,,N/A,center|top-right,bottom-right,WRONG,along|road,area,WRONG,,,N/A,several closely located new residential have appeared in the top right along the roads and several closely located residential have disappeared in the top center to top right along the roads .,a new residential has appeared in the bottom right in the parking area and no building has disappeared in the area
1264_cap,1,1,1,none,none,OK,,,N/A,,,N/A,,,N/A,,,N/A,no building has appeared in the area and no building has disappeared in the area .,no building has appeared in the area and no building has disappeared in the area
1280_cap,0,0,0,appear,appear,OK,several,-,WRONG,bottom-left|top-left,top-left,WRONG,area,area,OK,sparse,dense,WRONG,several sparse new buildings have appeared in the top left to bottom left in the parking area and no building has disappeared in the area .,several dense new residential have appeared in the top left in the parking area and no building has disappeared in the area
1284_cap,1,0,0,appear,appear,OK,,,N/A,top-left,top-left,OK,area,area,OK,,,N/A,a new residential has appeared in the top left in the parking area and no building has disappeared in the area .,a new residential has appeared in the top left in the parking area and no building has disappeared in the area
1291_cap,1,1,1,none,none,OK,,,N/A,,,N/A,,,N/A,,,N/A,no building has appeared in the area and no building has disappeared in the area .,no building has appeared in the area and no building has disappeared in the area
1292_cap,1,1,1,none,none,OK,,,N/A,,,N/A,,,N/A,,,N/A,no building has appeared in the area and no building has disappeared in the area .,no building has appeared in the area and no building has disappeared in the area
1306_cap,1,1,1,none,none,OK,,,N/A,,,N/A,,,N/A,,,N/A,no building has appeared in the area and no building has disappeared in the area .,no building has appeared in the area and no building has disappeared in the area
1318_cap,1,1,1,none,none,OK,,,N/A,,,N/A,,,N/A,,,N/A,no building has appeared in the area and no building has disappeared in the area .,no building has appeared in the area and no building has disappeared in the area
1323_cap,1,0,0,appear,appear,OK,,,N/A,,,N/A,area,area,OK,dense,dense,OK,several dense new residential have appeared in different areas in the parking area and no building has disappeared in the area .,several dense new residential have appeared in the bottom right in the parking area and no building has disappeared in the area
1325_cap,0,1,0,none,appear,WRONG,,,N/A,,,N/A,,,N/A,,,N/A,no building has appeared in the area and no building has disappeared in the area .,a new building has appeared in the bottom center in the parking area and no building has disappeared in the area
1336_cap,1,1,1,none,none,OK,,,N/A,,,N/A,,,N/A,,,N/A,no building has appeared in the area and no building has disappeared in the area .,no building has appeared in the area and no building has disappeared in the area
1339_cap,0,0,0,appear,appear,OK,one,-,WRONG,top-right,top-right,OK,among|area,among|area,OK,,,N/A,a new building has appeared in the top right among the trees and no building has disappeared in the area .,a new residential has appeared in the top right among the trees and no building has disappeared in the area
1345_cap,1,1,1,none,none,OK,,,N/A,,,N/A,,,N/A,,,N/A,no building has appeared in the area and no building has disappeared in the area .,no building has appeared in the area and no building has disappeared in the area
1368_cap,0,0,0,appear,appear,OK,,,N/A,bottom-right,bottom-right,OK,land,area,WRONG,dense,dense,OK,several dense new residential have appeared in the bottom right on bare land and no building has disappeared in the area .,several dense new residential have appeared in the bottom right in the parking area and no building has disappeared in the area
1371_cap,1,1,1,none,none,OK,,,N/A,,,N/A,,,N/A,,,N/A,no building has appeared in the area and no building has disappeared in the area .,no building has appeared in the area and no building has disappeared in the area
1373_cap,1,1,1,none,none,OK,,,N/A,,,N/A,,,N/A,,,N/A,no building has appeared in the area and no building has disappeared in the area .,no building has appeared in the area and no building has disappeared in the area
1398_cap,1,1,1,none,none,OK,,,N/A,,,N/A,,,N/A,,,N/A,no building has appeared in the area and no building has disappeared in the area .,no building has appeared in the area and no building has disappeared in the area
1410_cap,0,0,0,appear,appear,OK,,,N/A,center|top,top-left,WRONG,area,area,OK,,,N/A,a new residential has appeared in the top center in the parking area and no building has disappeared in the area .,several dense new residential have appeared in the top left in the parking area and no building has disappeared in the area
1417_cap,1,1,1,none,none,OK,,,N/A,,,N/A,,,N/A,,,N/A,no building has appeared in the area and no building has disappeared in the area .,no building has appeared in the area and no building has disappeared in the area
1425_cap,1,1,1,none,none,OK,,,N/A,,,N/A,,,N/A,,,N/A,no building has appeared in the area and no building has disappeared in the area .,no building has appeared in the area and no building has disappeared in the area
142_cap,1,1,1,none,none,OK,,,N/A,,,N/A,,,N/A,,,N/A,no building has appeared in the area and no building has disappeared in the area .,no building has appeared in the area and no building has disappeared in the area
1430_cap,1,1,1,none,none,OK,,,N/A,,,N/A,,,N/A,,,N/A,no building has appeared in the area and no building has disappeared in the area .,no building has appeared in the area and no building has disappeared in the area
1432_cap,1,1,1,none,none,OK,,,N/A,,,N/A,,,N/A,,,N/A,no building has appeared in the area and no building has disappeared in the area .,no building has appeared in the area and no building has disappeared in the area
143_cap,1,1,1,none,none,OK,,,N/A,,,N/A,,,N/A,,,N/A,no building has appeared in the area and no building has disappeared in the area .,no building has appeared in the area and no building has disappeared in the area
1445_cap,1,1,1,none,none,OK,,,N/A,,,N/A,,,N/A,,,N/A,no building has appeared in the area and no building has disappeared in the area .,no building has appeared in the area and no building has disappeared in the area
1448_cap,1,1,1,none,none,OK,,,N/A,,,N/A,,,N/A,,,N/A,no building has appeared in the area and no building has disappeared in the area .,no building has appeared in the area and no building has disappeared in the area
1467_cap,1,1,1,none,none,OK,,,N/A,,,N/A,,,N/A,,,N/A,no building has appeared in the area and no building has disappeared in the area .,no building has appeared in the area and no building has disappeared in the area
1470_cap,1,1,1,none,none,OK,,,N/A,,,N/A,,,N/A,,,N/A,no building has appeared in the area and no building has disappeared in the area .,no building has appeared in the area and no building has disappeared in the area
1487_cap,1,1,1,none,none,OK,,,N/A,,,N/A,,,N/A,,,N/A,no building has appeared in the area and no building has disappeared in the area .,no building has appeared in the area and no building has disappeared in the area
1496_cap,1,1,1,none,none,OK,,,N/A,,,N/A,,,N/A,,,N/A,no building has appeared in the area and no building has disappeared in the area .,no building has appeared in the area and no building has disappeared in the area
1503_cap,0,0,0,appear,appear,OK,,,N/A,bottom-left|top-left,top-left,WRONG,land,area,WRONG,sparse,dense,WRONG,several sparse new residential have appeared in the top left to bottom left on bare land and no building has disappeared in the area .,several dense new residential have appeared in the top left in the parking area and no building has disappeared in the area
1505_cap,1,1,1,none,none,OK,,,N/A,,,N/A,,,N/A,,,N/A,no building has appeared in the area and no building has disappeared in the area .,no building has appeared in the area and no building has disappeared in the area
1508_cap,1,1,1,none,none,OK,,,N/A,,,N/A,,,N/A,,,N/A,no building has appeared in the area and no building has disappeared in the area .,no building has appeared in the area and no building has disappeared in the area
1510_cap,1,1,1,none,none,OK,,,N/A,,,N/A,,,N/A,,,N/A,no building has appeared in the area and no building has disappeared in the area .,no building has appeared in the area and no building has disappeared in the area
1514_cap,1,1,1,none,none,OK,,,N/A,,,N/A,,,N/A,,,N/A,no building has appeared in the area and no building has disappeared in the area .,no building has appeared in the area and no building has disappeared in the area
151_cap,1,0,0,appear,appear,OK,one,one,OK,top-right,top-right,OK,area,area,OK,,,N/A,a new building has appeared in the top right in the parking area and no building has disappeared in the area .,a new building has appeared in the top right in the parking area and no building has disappeared in the area
1520_cap,1,1,1,none,none,OK,,,N/A,,,N/A,,,N/A,,,N/A,no building has appeared in the area and no building has disappeared in the area .,no building has appeared in the area and no building has disappeared in the area
1521_cap,1,1,1,none,none,OK,,,N/A,,,N/A,,,N/A,,,N/A,no building has appeared in the area and no building has disappeared in the area .,no building has appeared in the area and no building has disappeared in the area
1524_cap,1,1,1,none,none,OK,,,N/A,,,N/A,,,N/A,,,N/A,no building has appeared in the area and no building has disappeared in the area .,no building has appeared in the area and no building has disappeared in the area
1533_cap,1,1,1,none,none,OK,,,N/A,,,N/A,,,N/A,,,N/A,no building has appeared in the area and no building has disappeared in the area .,no building has appeared in the area and no building has disappeared in the area
1535_cap,1,1,1,none,none,OK,,,N/A,,,N/A,,,N/A,,,N/A,no building has appeared in the area and no building has disappeared in the area .,no building has appeared in the area and no building has disappeared in the area
1539_cap,1,1,1,none,none,OK,,,N/A,,,N/A,,,N/A,,,N/A,no building has appeared in the area and no building has disappeared in the area .,no building has appeared in the area and no building has disappeared in the area
1553_cap,1,1,1,none,none,OK,,,N/A,,,N/A,,,N/A,,,N/A,no building has appeared in the area and no building has disappeared in the area .,no building has appeared in the area and no building has disappeared in the area
1554_cap,1,1,1,none,none,OK,,,N/A,,,N/A,,,N/A,,,N/A,no building has appeared in the area and no building has disappeared in the area .,no building has appeared in the area and no building has disappeared in the area
1587_cap,0,0,0,appear,appear,OK,,,N/A,bottom-right|center|left,bottom-left,WRONG,area,area,OK,sparse,dense,WRONG,several sparse new residential have appeared in the bottom right to left center in the parking area and no building has disappeared in the area .,several dense new residential have appeared in the bottom left in the parking area and no building has disappeared in the area
158_cap,1,1,1,none,none,OK,,,N/A,,,N/A,,,N/A,,,N/A,no building has appeared in the area and no building has disappeared in the area .,no building has appeared in the area and no building has disappeared in the area
159_cap,1,1,1,none,none,OK,,,N/A,,,N/A,,,N/A,,,N/A,no building has appeared in the area and no building has disappeared in the area .,no building has appeared in the area and no building has disappeared in the area
15_cap,0,1,0,none,appear,WRONG,,,N/A,,,N/A,,,N/A,,,N/A,no building has appeared in the area and no building has disappeared in the area .,a new residential has appeared in the top left in the parking area and no building has disappeared in the area
1602_cap,1,1,1,none,none,OK,,,N/A,,,N/A,,,N/A,,,N/A,no building has appeared in the area and no building has disappeared in the area .,no building has appeared in the area and no building has disappeared in the area
1623_cap,1,1,1,none,none,OK,,,N/A,,,N/A,,,N/A,,,N/A,no building has appeared in the area and no building has disappeared in the area .,no building has appeared in the area and no building has disappeared in the area
163_cap,1,1,1,none,none,OK,,,N/A,,,N/A,,,N/A,,,N/A,no building has appeared in the area and no building has disappeared in the area .,no building has appeared in the area and no building has disappeared in the area
164_cap,1,1,1,none,none,OK,,,N/A,,,N/A,,,N/A,,,N/A,no building has appeared in the area and no building has disappeared in the area .,no building has appeared in the area and no building has disappeared in the area
1669_cap,1,1,1,none,none,OK,,,N/A,,,N/A,,,N/A,,,N/A,no building has appeared in the area and no building has disappeared in the area .,no building has appeared in the area and no building has disappeared in the area
1682_cap,1,1,1,none,none,OK,,,N/A,,,N/A,,,N/A,,,N/A,no building has appeared in the area and no building has disappeared in the area .,no building has appeared in the area and no building has disappeared in the area
1687_cap,1,1,1,none,none,OK,,,N/A,,,N/A,,,N/A,,,N/A,no building has appeared in the area and no building has disappeared in the area .,no building has appeared in the area and no building has disappeared in the area
1688_cap,1,1,1,none,none,OK,,,N/A,,,N/A,,,N/A,,,N/A,no building has appeared in the area and no building has disappeared in the area .,no building has appeared in the area and no building has disappeared in the area
168_cap,1,1,1,none,none,OK,,,N/A,,,N/A,,,N/A,,,N/A,no building has appeared in the area and no building has disappeared in the area .,no building has appeared in the area and no building has disappeared in the area
1694_cap,1,1,1,none,none,OK,,,N/A,,,N/A,,,N/A,,,N/A,no building has appeared in the area and no building has disappeared in the area .,no building has appeared in the area and no building has disappeared in the area
169_cap,0,0,0,appear,appear,OK,one,several,WRONG,center|right,bottom-right,WRONG,area,area,OK,,,N/A,a new building has appeared in the right center in the parking area and no building has disappeared in the area .,several sparse new buildings have appeared in the bottom right in the parking area and no building has disappeared in the area
1711_cap,1,1,1,none,none,OK,,,N/A,,,N/A,,,N/A,,,N/A,no building has appeared in the area and no building has disappeared in the area .,no building has appeared in the area and no building has disappeared in the area
1713_cap,1,1,1,none,none,OK,,,N/A,,,N/A,,,N/A,,,N/A,no building has appeared in the area and no building has disappeared in the area .,no building has appeared in the area and no building has disappeared in the area
1720_cap,1,0,0,appear,appear,OK,,,N/A,top-right,top-right,OK,area,area,OK,dense,dense,OK,several dense new residential have appeared in the top right in the parking area and no building has disappeared in the area .,several dense new residential have appeared in the top right in the parking area and no building has disappeared in the area
1724_cap,1,1,1,none,none,OK,,,N/A,,,N/A,,,N/A,,,N/A,no building has appeared in the area and no building has disappeared in the area .,no building has appeared in the area and no building has disappeared in the area
1736_cap,1,1,1,none,none,OK,,,N/A,,,N/A,,,N/A,,,N/A,no building has appeared in the area and no building has disappeared in the area .,no building has appeared in the area and no building has disappeared in the area
1743_cap,1,1,1,none,none,OK,,,N/A,,,N/A,,,N/A,,,N/A,no building has appeared in the area and no building has disappeared in the area .,no building has appeared in the area and no building has disappeared in the area
1752_cap,1,1,1,none,none,OK,,,N/A,,,N/A,,,N/A,,,N/A,no building has appeared in the area and no building has disappeared in the area .,no building has appeared in the area and no building has disappeared in the area
1754_cap,1,1,1,none,none,OK,,,N/A,,,N/A,,,N/A,,,N/A,no building has appeared in the area and no building has disappeared in the area .,no building has appeared in the area and no building has disappeared in the area
1757_cap,1,1,1,none,none,OK,,,N/A,,,N/A,,,N/A,,,N/A,no building has appeared in the area and no building has disappeared in the area .,no building has appeared in the area and no building has disappeared in the area
1762_cap,0,0,0,appear,appear,OK,,,N/A,center|right|top,top-right,WRONG,area,area,OK,dense,dense,OK,several dense new residential have appeared in the top center to right center in the parking area and no building has disappeared in the area .,several dense new residential have appeared in the top right in the parking area and no building has disappeared in the area
1783_cap,1,1,1,none,none,OK,,,N/A,,,N/A,,,N/A,,,N/A,no building has appeared in the area and no building has disappeared in the area .,no building has appeared in the area and no building has disappeared in the area
1785_cap,1,1,1,none,none,OK,,,N/A,,,N/A,,,N/A,,,N/A,no building has appeared in the area and no building has disappeared in the area .,no building has appeared in the area and no building has disappeared in the area
1788_cap,1,1,1,none,none,OK,,,N/A,,,N/A,,,N/A,,,N/A,no building has appeared in the area and no building has disappeared in the area .,no building has appeared in the area and no building has disappeared in the area
1796_cap,1,1,1,none,none,OK,,,N/A,,,N/A,,,N/A,,,N/A,no building has appeared in the area and no building has disappeared in the area .,no building has appeared in the area and no building has disappeared in the area
1799_cap,1,1,1,none,none,OK,,,N/A,,,N/A,,,N/A,,,N/A,no building has appeared in the area and no building has disappeared in the area .,no building has appeared in the area and no building has disappeared in the area
1804_cap,0,0,0,appear,appear,OK,,,N/A,center|top-left,top-left,WRONG,among|area,among|area,OK,,,N/A,a new residential has appeared in the top left among the trees and a residential has disappeared in the left center in the parking area .,a new residential has appeared in the top left among the trees and no building has disappeared in the area
1807_cap,1,1,1,none,none,OK,,,N/A,,,N/A,,,N/A,,,N/A,no building has appeared in the area and no building has disappeared in the area .,no building has appeared in the area and no building has disappeared in the area
1820_cap,1,1,1,none,none,OK,,,N/A,,,N/A,,,N/A,,,N/A,no building has appeared in the area and no building has disappeared in the area .,no building has appeared in the area and no building has disappeared in the area
1823_cap,1,1,1,none,none,OK,,,N/A,,,N/A,,,N/A,,,N/A,no building has appeared in the area and no building has disappeared in the area .,no building has appeared in the area and no building has disappeared in the area
182_cap,1,1,1,none,none,OK,,,N/A,,,N/A,,,N/A,,,N/A,no building has appeared in the area and no building has disappeared in the area .,no building has appeared in the area and no building has disappeared in the area
1843_cap,1,1,1,none,none,OK,,,N/A,,,N/A,,,N/A,,,N/A,no building has appeared in the area and no building has disappeared in the area .,no building has appeared in the area and no building has disappeared in the area
1849_cap,1,0,0,appear,appear,OK,,,N/A,,,N/A,area,area,OK,dense,dense,OK,several dense new residential have appeared in different areas in the parking area and no building has disappeared in the area .,several dense new residential have appeared in the top left in the parking area and no building has disappeared in the area
1851_cap,1,1,1,none,none,OK,,,N/A,,,N/A,,,N/A,,,N/A,no building has appeared in the area and no building has disappeared in the area .,no building has appeared in the area and no building has disappeared in the area
185_cap,1,1,1,none,none,OK,,,N/A,,,N/A,,,N/A,,,N/A,no building has appeared in the area and no building has disappeared in the area .,no building has appeared in the area and no building has disappeared in the area
1883_cap,1,1,1,none,none,OK,,,N/A,,,N/A,,,N/A,,,N/A,no building has appeared in the area and no building has disappeared in the area .,no building has appeared in the area and no building has disappeared in the area
1891_cap,1,1,1,none,none,OK,,,N/A,,,N/A,,,N/A,,,N/A,no building has appeared in the area and no building has disappeared in the area .,no building has appeared in the area and no building has disappeared in the area
1917_cap,1,1,1,none,none,OK,,,N/A,,,N/A,,,N/A,,,N/A,no building has appeared in the area and no building has disappeared in the area .,no building has appeared in the area and no building has disappeared in the area
1919_cap,1,1,1,none,none,OK,,,N/A,,,N/A,,,N/A,,,N/A,no building has appeared in the area and no building has disappeared in the area .,no building has appeared in the area and no building has disappeared in the area
1926_cap,1,1,1,none,none,OK,,,N/A,,,N/A,,,N/A,,,N/A,no building has appeared in the area and no building has disappeared in the area .,no building has appeared in the area and no building has disappeared in the area
1937_cap,1,1,1,none,none,OK,,,N/A,,,N/A,,,N/A,,,N/A,no building has appeared in the area and no building has disappeared in the area .,no building has appeared in the area and no building has disappeared in the area
1939_cap,1,1,1,none,none,OK,,,N/A,,,N/A,,,N/A,,,N/A,no building has appeared in the area and no building has disappeared in the area .,no building has appeared in the area and no building has disappeared in the area
1945_cap,1,1,1,none,none,OK,,,N/A,,,N/A,,,N/A,,,N/A,no building has appeared in the area and no building has disappeared in the area .,no building has appeared in the area and no building has disappeared in the area
1963_cap,1,1,1,none,none,OK,,,N/A,,,N/A,,,N/A,,,N/A,no building has appeared in the area and no building has disappeared in the area .,no building has appeared in the area and no building has disappeared in the area
1964_cap,1,1,1,none,none,OK,,,N/A,,,N/A,,,N/A,,,N/A,no building has appeared in the area and no building has disappeared in the area .,no building has appeared in the area and no building has disappeared in the area
1974_cap,1,1,1,none,none,OK,,,N/A,,,N/A,,,N/A,,,N/A,no building has appeared in the area and no building has disappeared in the area .,no building has appeared in the area and no building has disappeared in the area
1976_cap,1,1,1,none,none,OK,,,N/A,,,N/A,,,N/A,,,N/A,no building has appeared in the area and no building has disappeared in the area .,no building has appeared in the area and no building has disappeared in the area
199_cap,1,1,1,none,none,OK,,,N/A,,,N/A,,,N/A,,,N/A,no building has appeared in the area and no building has disappeared in the area .,no building has appeared in the area and no building has disappeared in the area
2018_cap,1,1,1,none,none,OK,,,N/A,,,N/A,,,N/A,,,N/A,no building has appeared in the area and no building has disappeared in the area .,no building has appeared in the area and no building has disappeared in the area
2027_cap,1,1,1,none,none,OK,,,N/A,,,N/A,,,N/A,,,N/A,no building has appeared in the area and no building has disappeared in the area .,no building has appeared in the area and no building has disappeared in the area
2031_cap,1,1,1,none,none,OK,,,N/A,,,N/A,,,N/A,,,N/A,no building has appeared in the area and no building has disappeared in the area .,no building has appeared in the area and no building has disappeared in the area
2051_cap,1,1,1,none,none,OK,,,N/A,,,N/A,,,N/A,,,N/A,no building has appeared in the area and no building has disappeared in the area .,no building has appeared in the area and no building has disappeared in the area
2085_cap,0,0,0,appear,appear,OK,,,N/A,bottom-right,bottom-right,OK,among|area,area,PART,dense,dense,OK,several dense new residential have appeared in the bottom right among the trees and no building has disappeared in the area .,several dense new residential have appeared in the bottom right in the parking area and no building has disappeared in the area
2086_cap,0,0,0,appear,appear,OK,,,N/A,,,N/A,among|area,area,PART,dense,dense,OK,several dense new residential have appeared in different areas among the trees and no building has disappeared in the area .,several dense new residential have appeared in the top left in the parking area and no building has disappeared in the area
2090_cap,1,1,1,none,none,OK,,,N/A,,,N/A,,,N/A,,,N/A,no building has appeared in the area and no building has disappeared in the area .,no building has appeared in the area and no building has disappeared in the area
2098_cap,1,1,1,none,none,OK,,,N/A,,,N/A,,,N/A,,,N/A,no building has appeared in the area and no building has disappeared in the area .,no building has appeared in the area and no building has disappeared in the area
2125_cap,0,0,0,appear,appear,OK,,,N/A,bottom-left|center,bottom-left,WRONG,area,among|area,PART,,,N/A,several closely located new residential have appeared in the bottom left to bottom center in the parking area and no building has disappeared in the area .,several sparse new residential have appeared in the bottom left among the trees and no building has disappeared in the area
2138_cap,1,1,1,none,none,OK,,,N/A,,,N/A,,,N/A,,,N/A,no building has appeared in the area and no building has disappeared in the area .,no building has appeared in the area and no building has disappeared in the area
2144_cap,1,1,1,none,none,OK,,,N/A,,,N/A,,,N/A,,,N/A,no building has appeared in the area and no building has disappeared in the area .,no building has appeared in the area and no building has disappeared in the area
214_cap,1,1,1,none,none,OK,,,N/A,,,N/A,,,N/A,,,N/A,no building has appeared in the area and no building has disappeared in the area .,no building has appeared in the area and no building has disappeared in the area
2159_cap,1,1,1,none,none,OK,,,N/A,,,N/A,,,N/A,,,N/A,no building has appeared in the area and no building has disappeared in the area .,no building has appeared in the area and no building has disappeared in the area
2161_cap,1,1,1,none,none,OK,,,N/A,,,N/A,,,N/A,,,N/A,no building has appeared in the area and no building has disappeared in the area .,no building has appeared in the area and no building has disappeared in the area
2164_cap,0,0,1,appear,none,WRONG,,,N/A,top-right,-,WRONG,among|area,-,WRONG,,,N/A,a new residential has appeared in the top right among the trees and no building has disappeared in the area .,no building has appeared in the area and no building has disappeared in the area
2172_cap,0,0,0,appear,appear,OK,,,N/A,top-left,top-left,OK,land,area,WRONG,,,N/A,a new residential has appeared in the top left on bare land and no building has disappeared in the area .,a new residential has appeared in the top left in the parking area and no building has disappeared in the area
2175_cap,0,0,0,appear,appear,OK,,,N/A,top-left,top-left,OK,land,among|area,WRONG,,,N/A,a new residential has appeared in the top left on bare land and no building has disappeared in the area .,a new residential has appeared in the top left among the trees and no building has disappeared in the area
2178_cap,1,1,1,none,none,OK,,,N/A,,,N/A,,,N/A,,,N/A,no building has appeared in the area and no building has disappeared in the area .,no building has appeared in the area and no building has disappeared in the area
2197_cap,1,1,1,none,none,OK,,,N/A,,,N/A,,,N/A,,,N/A,no building has appeared in the area and no building has disappeared in the area .,no building has appeared in the area and no building has disappeared in the area
2198_cap,1,1,1,none,none,OK,,,N/A,,,N/A,,,N/A,,,N/A,no building has appeared in the area and no building has disappeared in the area .,no building has appeared in the area and no building has disappeared in the area
219_cap,1,0,0,appear,appear,OK,one,one,OK,top-left,top-left,OK,area,area,OK,,,N/A,a new building has appeared in the top left in the parking area and no building has disappeared in the area .,a new building has appeared in the top left in the parking area and no building has disappeared in the area
2202_cap,1,1,1,none,none,OK,,,N/A,,,N/A,,,N/A,,,N/A,no building has appeared in the area and no building has disappeared in the area .,no building has appeared in the area and no building has disappeared in the area
2211_cap,0,1,0,none,appear,WRONG,,,N/A,,,N/A,,,N/A,,,N/A,no building has appeared in the area and no building has disappeared in the area .,a new residential has appeared in the top right in the parking area and no building has disappeared in the area
2215_cap,0,0,0,appear,appear,OK,,,N/A,center|top-left,bottom-left|top-left,WRONG,area|tree,among|area,PART,,,N/A,several closely located new residential have appeared in the top left to left center among the trees and no building has disappeared in the area .,a new residential has appeared in the top left in the parking area and a residential has disappeared in the bottom left among the trees
2224_cap,1,1,1,none,none,OK,,,N/A,,,N/A,,,N/A,,,N/A,no building has appeared in the area and no building has disappeared in the area .,no building has appeared in the area and no building has disappeared in the area
225_cap,1,1,1,none,none,OK,,,N/A,,,N/A,,,N/A,,,N/A,no building has appeared in the area and no building has disappeared in the area .,no building has appeared in the area and no building has disappeared in the area
226_cap,1,1,1,none,none,OK,,,N/A,,,N/A,,,N/A,,,N/A,no building has appeared in the area and no building has disappeared in the area .,no building has appeared in the area and no building has disappeared in the area
2281_cap,1,1,1,none,none,OK,,,N/A,,,N/A,,,N/A,,,N/A,no building has appeared in the area and no building has disappeared in the area .,no building has appeared in the area and no building has disappeared in the area
2295_cap,1,1,1,none,none,OK,,,N/A,,,N/A,,,N/A,,,N/A,no building has appeared in the area and no building has disappeared in the area .,no building has appeared in the area and no building has disappeared in the area
2303_cap,1,1,1,none,none,OK,,,N/A,,,N/A,,,N/A,,,N/A,no building has appeared in the area and no building has disappeared in the area .,no building has appeared in the area and no building has disappeared in the area
2314_cap,1,1,1,none,none,OK,,,N/A,,,N/A,,,N/A,,,N/A,no building has appeared in the area and no building has disappeared in the area .,no building has appeared in the area and no building has disappeared in the area
2315_cap,0,0,0,appear,appear,OK,,,N/A,,,N/A,land,area,WRONG,dense,dense,OK,several dense new residential have appeared in different areas on bare land and no building has disappeared in the area .,several dense new residential have appeared in the bottom right in the parking area and no building has disappeared in the area
2320_cap,0,0,0,appear,appear,OK,,,N/A,,,N/A,land,area,WRONG,dense,dense,OK,several dense new residential have appeared in different areas on bare land and no building has disappeared in the area .,several dense new residential have appeared in the bottom left in the parking area and no building has disappeared in the area
2351_cap,1,1,1,none,none,OK,,,N/A,,,N/A,,,N/A,,,N/A,no building has appeared in the area and no building has disappeared in the area .,no building has appeared in the area and no building has disappeared in the area
2369_cap,1,1,1,none,none,OK,,,N/A,,,N/A,,,N/A,,,N/A,no building has appeared in the area and no building has disappeared in the area .,no building has appeared in the area and no building has disappeared in the area
2399_cap,0,0,0,appear,appear,OK,,,N/A,,,N/A,among|area,area,PART,dense,dense,OK,several dense new residential have appeared in different areas among the trees and no building has disappeared in the area .,several dense new residential have appeared in the top right in the parking area and no building has disappeared in the area
2400_cap,1,0,0,appear,appear,OK,,,N/A,,,N/A,area,area,OK,dense,dense,OK,several dense new residential have appeared in different areas in the parking area and no building has disappeared in the area .,several dense new residential have appeared in the bottom left in the parking area and no building has disappeared in the area
2401_cap,1,0,0,appear,appear,OK,,,N/A,,,N/A,area,area,OK,dense,dense,OK,several dense new residential have appeared in different areas in the parking area and no building has disappeared in the area .,several dense new residential have appeared in the top left in the parking area and no building has disappeared in the area
240_cap,1,1,1,none,none,OK,,,N/A,,,N/A,,,N/A,,,N/A,no building has appeared in the area and no building has disappeared in the area .,no building has appeared in the area and no building has disappeared in the area
2410_cap,1,1,1,none,none,OK,,,N/A,,,N/A,,,N/A,,,N/A,no building has appeared in the area and no building has disappeared in the area .,no building has appeared in the area and no building has disappeared in the area
2412_cap,1,1,1,none,none,OK,,,N/A,,,N/A,,,N/A,,,N/A,no building has appeared in the area and no building has disappeared in the area .,no building has appeared in the area and no building has disappeared in the area
2416_cap,1,1,1,none,none,OK,,,N/A,,,N/A,,,N/A,,,N/A,no building has appeared in the area and no building has disappeared in the area .,no building has appeared in the area and no building has disappeared in the area
2422_cap,1,1,1,none,none,OK,,,N/A,,,N/A,,,N/A,,,N/A,no building has appeared in the area and no building has disappeared in the area .,no building has appeared in the area and no building has disappeared in the area
2431_cap,0,0,0,appear,appear,OK,,,N/A,top-right,top-right,OK,area,among|area,PART,,,N/A,a new residential has appeared in the top right in the parking area and no building has disappeared in the area .,a new residential has appeared in the top right among the trees and no building has disappeared in the area
2451_cap,0,0,0,appear,appear,OK,,,N/A,center|top-left,top-left,WRONG,area|road,among|area,PART,,,N/A,several closely located new residential have appeared in the top left to left center along the roads and no building has disappeared in the area .,a new residential has appeared in the top left among the trees and no building has disappeared in the area
2464_cap,1,1,1,none,none,OK,,,N/A,,,N/A,,,N/A,,,N/A,no building has appeared in the area and no building has disappeared in the area .,no building has appeared in the area and no building has disappeared in the area
2465_cap,0,0,0,appear,appear,OK,,,N/A,bottom-right,bottom-right,OK,land,area,WRONG,,,N/A,a new residential has appeared in the bottom right on bare land and no building has disappeared in the area .,a new residential has appeared in the bottom right in the parking area and no building has disappeared in the area
2467_cap,0,0,1,appear,none,WRONG,,,N/A,bottom-right,-,WRONG,area,-,WRONG,,,N/A,a new residential has appeared in the bottom right in the parking area and no building has disappeared in the area .,no building has appeared in the area and no building has disappeared in the area
247_cap,1,1,1,none,none,OK,,,N/A,,,N/A,,,N/A,,,N/A,no building has appeared in the area and no building has disappeared in the area .,no building has appeared in the area and no building has disappeared in the area
2481_cap,1,1,1,none,none,OK,,,N/A,,,N/A,,,N/A,,,N/A,no building has appeared in the area and no building has disappeared in the area .,no building has appeared in the area and no building has disappeared in the area
2504_cap,1,1,1,none,none,OK,,,N/A,,,N/A,,,N/A,,,N/A,no building has appeared in the area and no building has disappeared in the area .,no building has appeared in the area and no building has disappeared in the area
2543_cap,1,1,1,none,none,OK,,,N/A,,,N/A,,,N/A,,,N/A,no building has appeared in the area and no building has disappeared in the area .,no building has appeared in the area and no building has disappeared in the area
2547_cap,1,1,1,none,none,OK,,,N/A,,,N/A,,,N/A,,,N/A,no building has appeared in the area and no building has disappeared in the area .,no building has appeared in the area and no building has disappeared in the area
2548_cap,0,0,1,disappear,none,WRONG,,,N/A,top-left,-,WRONG,among,-,WRONG,,,N/A,no building has appeared in the area and a residential has disappeared in the top left among the trees .,no building has appeared in the area and no building has disappeared in the area
2551_cap,1,1,1,none,none,OK,,,N/A,,,N/A,,,N/A,,,N/A,no building has appeared in the area and no building has disappeared in the area .,no building has appeared in the area and no building has disappeared in the area
2554_cap,0,0,0,appear,appear,OK,,,N/A,top-left,bottom-right,WRONG,land,area,WRONG,sparse,sparse,OK,several sparse new residential have appeared in the top left on bare land and no building has disappeared in the area .,several sparse new residential have appeared in the bottom right in the parking area and no building has disappeared in the area
2560_cap,1,1,1,none,none,OK,,,N/A,,,N/A,,,N/A,,,N/A,no building has appeared in the area and no building has disappeared in the area .,no building has appeared in the area and no building has disappeared in the area
2566_cap,1,1,1,none,none,OK,,,N/A,,,N/A,,,N/A,,,N/A,no building has appeared in the area and no building has disappeared in the area .,no building has appeared in the area and no building has disappeared in the area
2570_cap,1,1,1,none,none,OK,,,N/A,,,N/A,,,N/A,,,N/A,no building has appeared in the area and no building has disappeared in the area .,no building has appeared in the area and no building has disappeared in the area
2574_cap,1,0,0,appear,appear,OK,,,N/A,,,N/A,area,area,OK,dense,dense,OK,several dense new residential have appeared in different areas in the parking area and no building has disappeared in the area .,several dense new residential have appeared in the top left in the parking area and no building has disappeared in the area
2575_cap,1,0,0,appear,appear,OK,,,N/A,,,N/A,area,area,OK,dense,dense,OK,several dense new residential have appeared in different areas in the parking area and no building has disappeared in the area .,several dense new residential have appeared in the top right in the parking area and no building has disappeared in the area
2579_cap,1,0,0,appear,appear,OK,,,N/A,,,N/A,area,area,OK,dense,dense,OK,several dense new residential have appeared in different areas in the parking area and no building has disappeared in the area .,several dense new residential have appeared in the top left in the parking area and no building has disappeared in the area
2586_cap,1,1,1,none,none,OK,,,N/A,,,N/A,,,N/A,,,N/A,no building has appeared in the area and no building has disappeared in the area .,no building has appeared in the area and no building has disappeared in the area
25_cap,1,1,1,none,none,OK,,,N/A,,,N/A,,,N/A,,,N/A,no building has appeared in the area and no building has disappeared in the area .,no building has appeared in the area and no building has disappeared in the area
2603_cap,1,1,1,none,none,OK,,,N/A,,,N/A,,,N/A,,,N/A,no building has appeared in the area and no building has disappeared in the area .,no building has appeared in the area and no building has disappeared in the area
2610_cap,1,1,1,none,none,OK,,,N/A,,,N/A,,,N/A,,,N/A,no building has appeared in the area and no building has disappeared in the area .,no building has appeared in the area and no building has disappeared in the area
2611_cap,1,1,1,none,none,OK,,,N/A,,,N/A,,,N/A,,,N/A,no building has appeared in the area and no building has disappeared in the area .,no building has appeared in the area and no building has disappeared in the area
2615_cap,1,1,1,none,none,OK,,,N/A,,,N/A,,,N/A,,,N/A,no building has appeared in the area and no building has disappeared in the area .,no building has appeared in the area and no building has disappeared in the area
2618_cap,0,0,1,disappear,none,WRONG,,,N/A,top-right,-,WRONG,among,-,WRONG,,,N/A,no building has appeared in the area and a residential has disappeared in the top right among the trees .,no building has appeared in the area and no building has disappeared in the area
2622_cap,1,1,1,none,none,OK,,,N/A,,,N/A,,,N/A,,,N/A,no building has appeared in the area and no building has disappeared in the area .,no building has appeared in the area and no building has disappeared in the area
2623_cap,1,1,1,none,none,OK,,,N/A,,,N/A,,,N/A,,,N/A,no building has appeared in the area and no building has disappeared in the area .,no building has appeared in the area and no building has disappeared in the area
2639_cap,1,0,0,appear,appear,OK,one,one,OK,top-left,top-left,OK,area,area,OK,,,N/A,a new building has appeared in the top left in the parking area and no building has disappeared in the area .,a new building has appeared in the top left in the parking area and no building has disappeared in the area
2642_cap,1,1,1,none,none,OK,,,N/A,,,N/A,,,N/A,,,N/A,no building has appeared in the area and no building has disappeared in the area .,no building has appeared in the area and no building has disappeared in the area
2644_cap,1,1,1,none,none,OK,,,N/A,,,N/A,,,N/A,,,N/A,no building has appeared in the area and no building has disappeared in the area .,no building has appeared in the area and no building has disappeared in the area
2655_cap,1,1,1,none,none,OK,,,N/A,,,N/A,,,N/A,,,N/A,no building has appeared in the area and no building has disappeared in the area .,no building has appeared in the area and no building has disappeared in the area
2677_cap,1,1,1,none,none,OK,,,N/A,,,N/A,,,N/A,,,N/A,no building has appeared in the area and no building has disappeared in the area .,no building has appeared in the area and no building has disappeared in the area
2679_cap,1,1,1,none,none,OK,,,N/A,,,N/A,,,N/A,,,N/A,no building has appeared in the area and no building has disappeared in the area .,no building has appeared in the area and no building has disappeared in the area
2687_cap,1,1,1,none,none,OK,,,N/A,,,N/A,,,N/A,,,N/A,no building has appeared in the area and no building has disappeared in the area .,no building has appeared in the area and no building has disappeared in the area
2688_cap,1,1,1,none,none,OK,,,N/A,,,N/A,,,N/A,,,N/A,no building has appeared in the area and no building has disappeared in the area .,no building has appeared in the area and no building has disappeared in the area
2696_cap,1,1,1,none,none,OK,,,N/A,,,N/A,,,N/A,,,N/A,no building has appeared in the area and no building has disappeared in the area .,no building has appeared in the area and no building has disappeared in the area
2713_cap,1,1,1,none,none,OK,,,N/A,,,N/A,,,N/A,,,N/A,no building has appeared in the area and no building has disappeared in the area .,no building has appeared in the area and no building has disappeared in the area
2715_cap,0,0,1,appear,none,WRONG,one,-,WRONG,center|left,-,WRONG,area,-,WRONG,,,N/A,a new building has appeared in the left center in the parking area and no building has disappeared in the area .,no building has appeared in the area and no building has disappeared in the area
2730_cap,1,1,1,none,none,OK,,,N/A,,,N/A,,,N/A,,,N/A,no building has appeared in the area and no building has disappeared in the area .,no building has appeared in the area and no building has disappeared in the area
2732_cap,0,0,1,appear,none,WRONG,one,-,WRONG,center|right,-,WRONG,area,-,WRONG,,,N/A,a new building has appeared in the right center in the parking area and no building has disappeared in the area .,no building has appeared in the area and no building has disappeared in the area
2741_cap,0,0,0,appear,appear,OK,one,several,WRONG,center|top,bottom-right|top-left|top-right,WRONG,area,area,OK,,,N/A,a new building has appeared in the top center in the parking area and no building has disappeared in the area .,several sparse new buildings have appeared in the top left to bottom right in the parking area and a building has disappeared in the top right in the parking area
2744_cap,1,1,1,none,none,OK,,,N/A,,,N/A,,,N/A,,,N/A,no building has appeared in the area and no building has disappeared in the area .,no building has appeared in the area and no building has disappeared in the area
2753_cap,0,0,0,appear,appear,OK,,,N/A,center|top-right,top-right,WRONG,area,area,OK,,,N/A,a new residential has appeared in the top right in the parking area and a residential has disappeared in the right center in the parking area .,a new residential has appeared in the top right in the parking area and no building has disappeared in the area
2759_cap,1,1,1,none,none,OK,,,N/A,,,N/A,,,N/A,,,N/A,no building has appeared in the area and no building has disappeared in the area .,no building has appeared in the area and no building has disappeared in the area
2764_cap,0,0,1,appear,none,WRONG,,,N/A,bottom-left,-,WRONG,among|area,-,WRONG,,,N/A,a new residential has appeared in the bottom left among the trees and no building has disappeared in the area .,no building has appeared in the area and no building has disappeared in the area
2775_cap,1,1,1,none,none,OK,,,N/A,,,N/A,,,N/A,,,N/A,no building has appeared in the area and no building has disappeared in the area .,no building has appeared in the area and no building has disappeared in the area
2790_cap,1,1,1,none,none,OK,,,N/A,,,N/A,,,N/A,,,N/A,no building has appeared in the area and no building has disappeared in the area .,no building has appeared in the area and no building has disappeared in the area
2798_cap,1,1,1,none,none,OK,,,N/A,,,N/A,,,N/A,,,N/A,no building has appeared in the area and no building has disappeared in the area .,no building has appeared in the area and no building has disappeared in the area
2803_cap,1,1,1,none,none,OK,,,N/A,,,N/A,,,N/A,,,N/A,no building has appeared in the area and no building has disappeared in the area .,no building has appeared in the area and no building has disappeared in the area
2804_cap,1,1,1,none,none,OK,,,N/A,,,N/A,,,N/A,,,N/A,no building has appeared in the area and no building has disappeared in the area .,no building has appeared in the area and no building has disappeared in the area
280_cap,1,1,1,none,none,OK,,,N/A,,,N/A,,,N/A,,,N/A,no building has appeared in the area and no building has disappeared in the area .,no building has appeared in the area and no building has disappeared in the area
2813_cap,1,1,1,none,none,OK,,,N/A,,,N/A,,,N/A,,,N/A,no building has appeared in the area and no building has disappeared in the area .,no building has appeared in the area and no building has disappeared in the area
2817_cap,0,0,1,appear,none,WRONG,,,N/A,top-left,-,WRONG,area,-,WRONG,,,N/A,a new residential has appeared in the top left in the parking area and no building has disappeared in the area .,no building has appeared in the area and no building has disappeared in the area
2826_cap,0,0,0,disappear,disappear,OK,,,N/A,bottom|center|left,bottom-right,WRONG,area,area,OK,,,N/A,no building has appeared in the area and several closely located residential have disappeared in the bottom center to left center in the parking area .,no building has appeared in the area and a building has disappeared in the bottom right in the parking area
2828_cap,1,1,1,none,none,OK,,,N/A,,,N/A,,,N/A,,,N/A,no building has appeared in the area and no building has disappeared in the area .,no building has appeared in the area and no building has disappeared in the area
2831_cap,1,1,1,none,none,OK,,,N/A,,,N/A,,,N/A,,,N/A,no building has appeared in the area and no building has disappeared in the area .,no building has appeared in the area and no building has disappeared in the area
2839_cap,0,1,0,none,appear,WRONG,,,N/A,,,N/A,,,N/A,,,N/A,no building has appeared in the area and no building has disappeared in the area .,a new residential has appeared in the top left in the parking area and no building has disappeared in the area
2840_cap,0,0,0,appear,appear,OK,,,N/A,center|right,bottom-left,WRONG,area,area,OK,,,N/A,a new residential has appeared in the right center in the parking area and no building has disappeared in the area .,a new building has appeared in the bottom left in the parking area and no building has disappeared in the area
2850_cap,1,1,1,none,none,OK,,,N/A,,,N/A,,,N/A,,,N/A,no building has appeared in the area and no building has disappeared in the area .,no building has appeared in the area and no building has disappeared in the area
2852_cap,1,1,1,none,none,OK,,,N/A,,,N/A,,,N/A,,,N/A,no building has appeared in the area and no building has disappeared in the area .,no building has appeared in the area and no building has disappeared in the area
2877_cap,0,0,0,appear,appear,OK,one,several,WRONG,top-right,bottom-right|center|top-right,WRONG,area,area,OK,,,N/A,a new building has appeared in the top right in the parking area and no building has disappeared in the area .,several sparse new buildings have appeared in the top right to bottom right in the parking area and a building has disappeared in the right center in the parking area
2921_cap,1,1,1,none,none,OK,,,N/A,,,N/A,,,N/A,,,N/A,no building has appeared in the area and no building has disappeared in the area .,no building has appeared in the area and no building has disappeared in the area
2924_cap,1,1,1,none,none,OK,,,N/A,,,N/A,,,N/A,,,N/A,no building has appeared in the area and no building has disappeared in the area .,no building has appeared in the area and no building has disappeared in the area
2936_cap,1,1,1,none,none,OK,,,N/A,,,N/A,,,N/A,,,N/A,no building has appeared in the area and no building has disappeared in the area .,no building has appeared in the area and no building has disappeared in the area
293_cap,1,1,1,none,none,OK,,,N/A,,,N/A,,,N/A,,,N/A,no building has appeared in the area and no building has disappeared in the area .,no building has appeared in the area and no building has disappeared in the area
2940_cap,1,1,1,none,none,OK,,,N/A,,,N/A,,,N/A,,,N/A,no building has appeared in the area and no building has disappeared in the area .,no building has appeared in the area and no building has disappeared in the area
2945_cap,1,1,1,none,none,OK,,,N/A,,,N/A,,,N/A,,,N/A,no building has appeared in the area and no building has disappeared in the area .,no building has appeared in the area and no building has disappeared in the area
2949_cap,1,1,1,none,none,OK,,,N/A,,,N/A,,,N/A,,,N/A,no building has appeared in the area and no building has disappeared in the area .,no building has appeared in the area and no building has disappeared in the area
2951_cap,1,1,1,none,none,OK,,,N/A,,,N/A,,,N/A,,,N/A,no building has appeared in the area and no building has disappeared in the area .,no building has appeared in the area and no building has disappeared in the area
2953_cap,1,1,1,none,none,OK,,,N/A,,,N/A,,,N/A,,,N/A,no building has appeared in the area and no building has disappeared in the area .,no building has appeared in the area and no building has disappeared in the area
2954_cap,1,1,1,none,none,OK,,,N/A,,,N/A,,,N/A,,,N/A,no building has appeared in the area and no building has disappeared in the area .,no building has appeared in the area and no building has disappeared in the area
2956_cap,1,1,1,none,none,OK,,,N/A,,,N/A,,,N/A,,,N/A,no building has appeared in the area and no building has disappeared in the area .,no building has appeared in the area and no building has disappeared in the area
2957_cap,1,1,1,none,none,OK,,,N/A,,,N/A,,,N/A,,,N/A,no building has appeared in the area and no building has disappeared in the area .,no building has appeared in the area and no building has disappeared in the area
2966_cap,0,0,0,appear,appear,OK,,,N/A,top-right,top-left|top-right,WRONG,area,area,OK,,,N/A,a new residential has appeared in the top right in the parking area and no building has disappeared in the area .,a new building has appeared in the top left in the parking area and a building has disappeared in the top right in the parking area
2968_cap,0,0,0,appear,appear,OK,one,one,OK,center|right,top-right,WRONG,area,area,OK,,,N/A,a new building has appeared in the right center in the parking area and no building has disappeared in the area .,a new building has appeared in the top right in the parking area and no building has disappeared in the area
2973_cap,1,1,1,none,none,OK,,,N/A,,,N/A,,,N/A,,,N/A,no building has appeared in the area and no building has disappeared in the area .,no building has appeared in the area and no building has disappeared in the area
299_cap,1,1,1,none,none,OK,,,N/A,,,N/A,,,N/A,,,N/A,no building has appeared in the area and no building has disappeared in the area .,no building has appeared in the area and no building has disappeared in the area
3006_cap,0,0,0,appear,appear,OK,one,-,WRONG,bottom|center,bottom-right,WRONG,area,area,OK,,,N/A,a new building has appeared in the bottom center in the parking area and no building has disappeared in the area .,a new residential has appeared in the bottom right in the parking area and no building has disappeared in the area
3026_cap,1,1,1,none,none,OK,,,N/A,,,N/A,,,N/A,,,N/A,no building has appeared in the area and no building has disappeared in the area .,no building has appeared in the area and no building has disappeared in the area
3038_cap,0,0,0,appear,appear,OK,one,one,OK,center|top,bottom-left|bottom-right,WRONG,area,area,OK,,,N/A,a new building has appeared in the top center in the parking area and no building has disappeared in the area .,a new building has appeared in the bottom left in the parking area and a building has disappeared in the bottom right in the parking area
3047_cap,1,1,1,none,none,OK,,,N/A,,,N/A,,,N/A,,,N/A,no building has appeared in the area and no building has disappeared in the area .,no building has appeared in the area and no building has disappeared in the area
3048_cap,1,1,1,none,none,OK,,,N/A,,,N/A,,,N/A,,,N/A,no building has appeared in the area and no building has disappeared in the area .,no building has appeared in the area and no building has disappeared in the area
3049_cap,1,1,1,none,none,OK,,,N/A,,,N/A,,,N/A,,,N/A,no building has appeared in the area and no building has disappeared in the area .,no building has appeared in the area and no building has disappeared in the area
3051_cap,1,1,1,none,none,OK,,,N/A,,,N/A,,,N/A,,,N/A,no building has appeared in the area and no building has disappeared in the area .,no building has appeared in the area and no building has disappeared in the area
3052_cap,0,1,0,none,appear,WRONG,,,N/A,,,N/A,,,N/A,,,N/A,no building has appeared in the area and no building has disappeared in the area .,a new residential has appeared in the bottom left in the parking area and a residential has disappeared in the bottom left in the parking area
3056_cap,1,1,1,none,none,OK,,,N/A,,,N/A,,,N/A,,,N/A,no building has appeared in the area and no building has disappeared in the area .,no building has appeared in the area and no building has disappeared in the area
3076_cap,0,0,1,appear,none,WRONG,,,N/A,top-right,-,WRONG,area,-,WRONG,,,N/A,a new residential has appeared in the top right in the parking area and no building has disappeared in the area .,no building has appeared in the area and no building has disappeared in the area
3090_cap,1,1,1,none,none,OK,,,N/A,,,N/A,,,N/A,,,N/A,no building has appeared in the area and no building has disappeared in the area .,no building has appeared in the area and no building has disappeared in the area
3100_cap,1,1,1,none,none,OK,,,N/A,,,N/A,,,N/A,,,N/A,no building has appeared in the area and no building has disappeared in the area .,no building has appeared in the area and no building has disappeared in the area
3113_cap,1,1,1,none,none,OK,,,N/A,,,N/A,,,N/A,,,N/A,no building has appeared in the area and no building has disappeared in the area .,no building has appeared in the area and no building has disappeared in the area
3131_cap,0,1,0,none,appear,WRONG,,,N/A,,,N/A,,,N/A,,,N/A,no building has appeared in the area and no building has disappeared in the area .,a new building has appeared in the bottom right in the parking area and no building has disappeared in the area
3162_cap,1,1,1,none,none,OK,,,N/A,,,N/A,,,N/A,,,N/A,no building has appeared in the area and no building has disappeared in the area .,no building has appeared in the area and no building has disappeared in the area
316_cap,1,1,1,none,none,OK,,,N/A,,,N/A,,,N/A,,,N/A,no building has appeared in the area and no building has disappeared in the area .,no building has appeared in the area and no building has disappeared in the area
3179_cap,1,1,1,none,none,OK,,,N/A,,,N/A,,,N/A,,,N/A,no building has appeared in the area and no building has disappeared in the area .,no building has appeared in the area and no building has disappeared in the area
3186_cap,0,1,0,none,appear,WRONG,,,N/A,,,N/A,,,N/A,,,N/A,no building has appeared in the area and no building has disappeared in the area .,a new residential has appeared in the bottom right in the parking area and no building has disappeared in the area
3199_cap,1,1,1,none,none,OK,,,N/A,,,N/A,,,N/A,,,N/A,no building has appeared in the area and no building has disappeared in the area .,no building has appeared in the area and no building has disappeared in the area
31_cap,1,1,1,none,none,OK,,,N/A,,,N/A,,,N/A,,,N/A,no building has appeared in the area and no building has disappeared in the area .,no building has appeared in the area and no building has disappeared in the area
3205_cap,1,1,1,none,none,OK,,,N/A,,,N/A,,,N/A,,,N/A,no building has appeared in the area and no building has disappeared in the area .,no building has appeared in the area and no building has disappeared in the area
3212_cap,0,0,0,appear,appear,OK,one,one,OK,center|right,top-right,WRONG,area,area,OK,,,N/A,a new building has appeared in the right center in the parking area and no building has disappeared in the area .,a new building has appeared in the top right in the parking area and no building has disappeared in the area
3217_cap,1,1,1,none,none,OK,,,N/A,,,N/A,,,N/A,,,N/A,no building has appeared in the area and no building has disappeared in the area .,no building has appeared in the area and no building has disappeared in the area
321_cap,1,1,1,none,none,OK,,,N/A,,,N/A,,,N/A,,,N/A,no building has appeared in the area and no building has disappeared in the area .,no building has appeared in the area and no building has disappeared in the area
3229_cap,1,1,1,none,none,OK,,,N/A,,,N/A,,,N/A,,,N/A,no building has appeared in the area and no building has disappeared in the area .,no building has appeared in the area and no building has disappeared in the area
3239_cap,1,1,1,none,none,OK,,,N/A,,,N/A,,,N/A,,,N/A,no building has appeared in the area and no building has disappeared in the area .,no building has appeared in the area and no building has disappeared in the area
3249_cap,1,1,1,none,none,OK,,,N/A,,,N/A,,,N/A,,,N/A,no building has appeared in the area and no building has disappeared in the area .,no building has appeared in the area and no building has disappeared in the area
3266_cap,1,1,1,none,none,OK,,,N/A,,,N/A,,,N/A,,,N/A,no building has appeared in the area and no building has disappeared in the area .,no building has appeared in the area and no building has disappeared in the area
3271_cap,1,1,1,none,none,OK,,,N/A,,,N/A,,,N/A,,,N/A,no building has appeared in the area and no building has disappeared in the area .,no building has appeared in the area and no building has disappeared in the area
3279_cap,1,1,1,none,none,OK,,,N/A,,,N/A,,,N/A,,,N/A,no building has appeared in the area and no building has disappeared in the area .,no building has appeared in the area and no building has disappeared in the area
3287_cap,1,1,1,none,none,OK,,,N/A,,,N/A,,,N/A,,,N/A,no building has appeared in the area and no building has disappeared in the area .,no building has appeared in the area and no building has disappeared in the area
3297_cap,1,1,1,none,none,OK,,,N/A,,,N/A,,,N/A,,,N/A,no building has appeared in the area and no building has disappeared in the area .,no building has appeared in the area and no building has disappeared in the area
3310_cap,1,1,1,none,none,OK,,,N/A,,,N/A,,,N/A,,,N/A,no building has appeared in the area and no building has disappeared in the area .,no building has appeared in the area and no building has disappeared in the area
3312_cap,1,1,1,none,none,OK,,,N/A,,,N/A,,,N/A,,,N/A,no building has appeared in the area and no building has disappeared in the area .,no building has appeared in the area and no building has disappeared in the area
3314_cap,1,1,1,none,none,OK,,,N/A,,,N/A,,,N/A,,,N/A,no building has appeared in the area and no building has disappeared in the area .,no building has appeared in the area and no building has disappeared in the area
3318_cap,1,1,1,none,none,OK,,,N/A,,,N/A,,,N/A,,,N/A,no building has appeared in the area and no building has disappeared in the area .,no building has appeared in the area and no building has disappeared in the area
3324_cap,1,1,1,none,none,OK,,,N/A,,,N/A,,,N/A,,,N/A,no building has appeared in the area and no building has disappeared in the area .,no building has appeared in the area and no building has disappeared in the area
3330_cap,1,1,1,none,none,OK,,,N/A,,,N/A,,,N/A,,,N/A,no building has appeared in the area and no building has disappeared in the area .,no building has appeared in the area and no building has disappeared in the area
333_cap,1,1,1,none,none,OK,,,N/A,,,N/A,,,N/A,,,N/A,no building has appeared in the area and no building has disappeared in the area .,no building has appeared in the area and no building has disappeared in the area
3374_cap,1,1,1,none,none,OK,,,N/A,,,N/A,,,N/A,,,N/A,no building has appeared in the area and no building has disappeared in the area .,no building has appeared in the area and no building has disappeared in the area
3389_cap,0,0,0,appear,appear,OK,several,-,WRONG,top-right,top-right,OK,area,area,OK,sparse,-,WRONG,several sparse new residential have appeared in the top right in the parking area and several sparse buildings have disappeared in different areas in the parking area .,a new residential has appeared in the top right in the parking area and a residential has disappeared in the top right in the parking area
339_cap,1,1,1,none,none,OK,,,N/A,,,N/A,,,N/A,,,N/A,no building has appeared in the area and no building has disappeared in the area .,no building has appeared in the area and no building has disappeared in the area
3403_cap,1,1,1,none,none,OK,,,N/A,,,N/A,,,N/A,,,N/A,no building has appeared in the area and no building has disappeared in the area .,no building has appeared in the area and no building has disappeared in the area
3419_cap,1,1,1,none,none,OK,,,N/A,,,N/A,,,N/A,,,N/A,no building has appeared in the area and no building has disappeared in the area .,no building has appeared in the area and no building has disappeared in the area
3432_cap,1,1,1,none,none,OK,,,N/A,,,N/A,,,N/A,,,N/A,no building has appeared in the area and no building has disappeared in the area .,no building has appeared in the area and no building has disappeared in the area
3434_cap,1,1,1,none,none,OK,,,N/A,,,N/A,,,N/A,,,N/A,no building has appeared in the area and no building has disappeared in the area .,no building has appeared in the area and no building has disappeared in the area
3448_cap,1,0,0,appear,appear,OK,,,N/A,top-right,top-right,OK,area,area,OK,,,N/A,a new residential has appeared in the top right in the parking area and no building has disappeared in the area .,a new building has appeared in the top right in the parking area and no building has disappeared in the area
344_cap,1,1,1,none,none,OK,,,N/A,,,N/A,,,N/A,,,N/A,no building has appeared in the area and no building has disappeared in the area .,no building has appeared in the area and no building has disappeared in the area
3458_cap,1,1,1,none,none,OK,,,N/A,,,N/A,,,N/A,,,N/A,no building has appeared in the area and no building has disappeared in the area .,no building has appeared in the area and no building has disappeared in the area
347_cap,1,1,1,none,none,OK,,,N/A,,,N/A,,,N/A,,,N/A,no building has appeared in the area and no building has disappeared in the area .,no building has appeared in the area and no building has disappeared in the area
3480_cap,1,0,0,appear,appear,OK,one,one,OK,bottom-left,bottom-left,OK,area,area,OK,,,N/A,a new building has appeared in the bottom left in the parking area and no building has disappeared in the area .,a new building has appeared in the bottom left in the parking area and no building has disappeared in the area
3491_cap,0,0,0,appear,appear,OK,several,one,WRONG,center|top-left|top-right,bottom-right|center,WRONG,area|land,area,PART,sparse,-,WRONG,several sparse new buildings have appeared in the top center to top right in the parking area and several closely located houses have disappeared in the top left on bare land .,a new building has appeared in the center in the parking area and a building has disappeared in the bottom right in the parking area
3506_cap,1,1,1,none,none,OK,,,N/A,,,N/A,,,N/A,,,N/A,no building has appeared in the area and no building has disappeared in the area .,no building has appeared in the area and no building has disappeared in the area
3507_cap,0,0,1,appear,none,WRONG,,,N/A,center|top,-,WRONG,among|area,-,WRONG,,,N/A,a new residential has appeared in the top center among the trees and no building has disappeared in the area .,no building has appeared in the area and no building has disappeared in the area
350_cap,1,1,1,none,none,OK,,,N/A,,,N/A,,,N/A,,,N/A,no building has appeared in the area and no building has disappeared in the area .,no building has appeared in the area and no building has disappeared in the area
3526_cap,0,0,1,appear,none,WRONG,one,-,WRONG,top-right,-,WRONG,area,-,WRONG,,,N/A,a new building has appeared in the top right in the parking area and no building has disappeared in the area .,no building has appeared in the area and no building has disappeared in the area
3534_cap,1,1,1,none,none,OK,,,N/A,,,N/A,,,N/A,,,N/A,no building has appeared in the area and no building has disappeared in the area .,no building has appeared in the area and no building has disappeared in the area
3547_cap,1,1,1,none,none,OK,,,N/A,,,N/A,,,N/A,,,N/A,no building has appeared in the area and no building has disappeared in the area .,no building has appeared in the area and no building has disappeared in the area
3572_cap,1,1,1,none,none,OK,,,N/A,,,N/A,,,N/A,,,N/A,no building has appeared in the area and no building has disappeared in the area .,no building has appeared in the area and no building has disappeared in the area
3577_cap,1,1,1,none,none,OK,,,N/A,,,N/A,,,N/A,,,N/A,no building has appeared in the area and no building has disappeared in the area .,no building has appeared in the area and no building has disappeared in the area
3588_cap,1,1,1,none,none,OK,,,N/A,,,N/A,,,N/A,,,N/A,no building has appeared in the area and no building has disappeared in the area .,no building has appeared in the area and no building has disappeared in the area
3606_cap,1,1,1,none,none,OK,,,N/A,,,N/A,,,N/A,,,N/A,no building has appeared in the area and no building has disappeared in the area .,no building has appeared in the area and no building has disappeared in the area
3610_cap,0,0,0,appear,appear,OK,one,-,WRONG,center|top,top-right,WRONG,area,area,OK,,,N/A,a new building has appeared in the top center in the parking area and no building has disappeared in the area .,a new residential has appeared in the top right in the parking area and no building has disappeared in the area
3618_cap,1,1,1,none,none,OK,,,N/A,,,N/A,,,N/A,,,N/A,no building has appeared in the area and no building has disappeared in the area .,no building has appeared in the area and no building has disappeared in the area
3637_cap,1,1,1,none,none,OK,,,N/A,,,N/A,,,N/A,,,N/A,no building has appeared in the area and no building has disappeared in the area .,no building has appeared in the area and no building has disappeared in the area
3645_cap,1,1,1,none,none,OK,,,N/A,,,N/A,,,N/A,,,N/A,no building has appeared in the area and no building has disappeared in the area .,no building has appeared in the area and no building has disappeared in the area
3665_cap,1,1,1,none,none,OK,,,N/A,,,N/A,,,N/A,,,N/A,no building has appeared in the area and no building has disappeared in the area .,no building has appeared in the area and no building has disappeared in the area
3668_cap,1,1,1,none,none,OK,,,N/A,,,N/A,,,N/A,,,N/A,no building has appeared in the area and no building has disappeared in the area .,no building has appeared in the area and no building has disappeared in the area
3675_cap,1,1,1,none,none,OK,,,N/A,,,N/A,,,N/A,,,N/A,no building has appeared in the area and no building has disappeared in the area .,no building has appeared in the area and no building has disappeared in the area
3684_cap,1,1,1,none,none,OK,,,N/A,,,N/A,,,N/A,,,N/A,no building has appeared in the area and no building has disappeared in the area .,no building has appeared in the area and no building has disappeared in the area
3688_cap,1,1,1,none,none,OK,,,N/A,,,N/A,,,N/A,,,N/A,no building has appeared in the area and no building has disappeared in the area .,no building has appeared in the area and no building has disappeared in the area
3689_cap,1,1,1,none,none,OK,,,N/A,,,N/A,,,N/A,,,N/A,no building has appeared in the area and no building has disappeared in the area .,no building has appeared in the area and no building has disappeared in the area
3720_cap,1,1,1,none,none,OK,,,N/A,,,N/A,,,N/A,,,N/A,no building has appeared in the area and no building has disappeared in the area .,no building has appeared in the area and no building has disappeared in the area
3723_cap,1,1,1,none,none,OK,,,N/A,,,N/A,,,N/A,,,N/A,no building has appeared in the area and no building has disappeared in the area .,no building has appeared in the area and no building has disappeared in the area
3728_cap,1,1,1,none,none,OK,,,N/A,,,N/A,,,N/A,,,N/A,no building has appeared in the area and no building has disappeared in the area .,no building has appeared in the area and no building has disappeared in the area
3752_cap,1,1,1,none,none,OK,,,N/A,,,N/A,,,N/A,,,N/A,no building has appeared in the area and no building has disappeared in the area .,no building has appeared in the area and no building has disappeared in the area
3756_cap,1,1,1,none,none,OK,,,N/A,,,N/A,,,N/A,,,N/A,no building has appeared in the area and no building has disappeared in the area .,no building has appeared in the area and no building has disappeared in the area
3793_cap,1,1,1,none,none,OK,,,N/A,,,N/A,,,N/A,,,N/A,no building has appeared in the area and no building has disappeared in the area .,no building has appeared in the area and no building has disappeared in the area
3794_cap,0,0,1,appear,none,WRONG,,,N/A,bottom|center,-,WRONG,area,-,WRONG,,,N/A,a new residential has appeared in the bottom center in the parking area and no building has disappeared in the area .,no building has appeared in the area and no building has disappeared in the area
3797_cap,1,1,1,none,none,OK,,,N/A,,,N/A,,,N/A,,,N/A,no building has appeared in the area and no building has disappeared in the area .,no building has appeared in the area and no building has disappeared in the area
379_cap,0,0,1,appear,none,WRONG,,,N/A,top-left,-,WRONG,area,-,WRONG,,,N/A,several closely located new residential have appeared in the top left in the parking area and a residential has disappeared in the top left in the parking area .,no building has appeared in the area and no building has disappeared in the area
3800_cap,1,1,1,none,none,OK,,,N/A,,,N/A,,,N/A,,,N/A,no building has appeared in the area and no building has disappeared in the area .,no building has appeared in the area and no building has disappeared in the area
380_cap,1,0,0,appear,appear,OK,,,N/A,center,center,OK,area,area,OK,,,N/A,a new residential has appeared in the center in the parking area and no building has disappeared in the area .,a new residential has appeared in the center in the parking area and no building has disappeared in the area
3812_cap,1,1,1,none,none,OK,,,N/A,,,N/A,,,N/A,,,N/A,no building has appeared in the area and no building has disappeared in the area .,no building has appeared in the area and no building has disappeared in the area
3819_cap,1,1,1,none,none,OK,,,N/A,,,N/A,,,N/A,,,N/A,no building has appeared in the area and no building has disappeared in the area .,no building has appeared in the area and no building has disappeared in the area
3836_cap,1,1,1,none,none,OK,,,N/A,,,N/A,,,N/A,,,N/A,no building has appeared in the area and no building has disappeared in the area .,no building has appeared in the area and no building has disappeared in the area
3839_cap,1,1,1,none,none,OK,,,N/A,,,N/A,,,N/A,,,N/A,no building has appeared in the area and no building has disappeared in the area .,no building has appeared in the area and no building has disappeared in the area
383_cap,1,1,1,none,none,OK,,,N/A,,,N/A,,,N/A,,,N/A,no building has appeared in the area and no building has disappeared in the area .,no building has appeared in the area and no building has disappeared in the area
3878_cap,1,1,1,none,none,OK,,,N/A,,,N/A,,,N/A,,,N/A,no building has appeared in the area and no building has disappeared in the area .,no building has appeared in the area and no building has disappeared in the area
3916_cap,1,1,1,none,none,OK,,,N/A,,,N/A,,,N/A,,,N/A,no building has appeared in the area and no building has disappeared in the area .,no building has appeared in the area and no building has disappeared in the area
3917_cap,1,1,1,none,none,OK,,,N/A,,,N/A,,,N/A,,,N/A,no building has appeared in the area and no building has disappeared in the area .,no building has appeared in the area and no building has disappeared in the area
3937_cap,1,1,1,none,none,OK,,,N/A,,,N/A,,,N/A,,,N/A,no building has appeared in the area and no building has disappeared in the area .,no building has appeared in the area and no building has disappeared in the area
3940_cap,1,1,1,none,none,OK,,,N/A,,,N/A,,,N/A,,,N/A,no building has appeared in the area and no building has disappeared in the area .,no building has appeared in the area and no building has disappeared in the area
3943_cap,1,1,1,none,none,OK,,,N/A,,,N/A,,,N/A,,,N/A,no building has appeared in the area and no building has disappeared in the area .,no building has appeared in the area and no building has disappeared in the area
3945_cap,1,1,1,none,none,OK,,,N/A,,,N/A,,,N/A,,,N/A,no building has appeared in the area and no building has disappeared in the area .,no building has appeared in the area and no building has disappeared in the area
3946_cap,1,1,1,none,none,OK,,,N/A,,,N/A,,,N/A,,,N/A,no building has appeared in the area and no building has disappeared in the area .,no building has appeared in the area and no building has disappeared in the area
3956_cap,1,1,1,none,none,OK,,,N/A,,,N/A,,,N/A,,,N/A,no building has appeared in the area and no building has disappeared in the area .,no building has appeared in the area and no building has disappeared in the area
3957_cap,1,1,1,none,none,OK,,,N/A,,,N/A,,,N/A,,,N/A,no building has appeared in the area and no building has disappeared in the area .,no building has appeared in the area and no building has disappeared in the area
3966_cap,1,1,1,none,none,OK,,,N/A,,,N/A,,,N/A,,,N/A,no building has appeared in the area and no building has disappeared in the area .,no building has appeared in the area and no building has disappeared in the area
3968_cap,1,1,1,none,none,OK,,,N/A,,,N/A,,,N/A,,,N/A,no building has appeared in the area and no building has disappeared in the area .,no building has appeared in the area and no building has disappeared in the area
3976_cap,1,1,1,none,none,OK,,,N/A,,,N/A,,,N/A,,,N/A,no building has appeared in the area and no building has disappeared in the area .,no building has appeared in the area and no building has disappeared in the area
3993_cap,1,1,1,none,none,OK,,,N/A,,,N/A,,,N/A,,,N/A,no building has appeared in the area and no building has disappeared in the area .,no building has appeared in the area and no building has disappeared in the area
3996_cap,1,1,1,none,none,OK,,,N/A,,,N/A,,,N/A,,,N/A,no building has appeared in the area and no building has disappeared in the area .,no building has appeared in the area and no building has disappeared in the area
4009_cap,1,1,1,none,none,OK,,,N/A,,,N/A,,,N/A,,,N/A,no building has appeared in the area and no building has disappeared in the area .,no building has appeared in the area and no building has disappeared in the area
4029_cap,1,0,0,appear,appear,OK,,,N/A,bottom-left,bottom-left,OK,area,area,OK,,,N/A,a new residential has appeared in the bottom left in the parking area and no building has disappeared in the area .,a new residential has appeared in the bottom left in the parking area and no building has disappeared in the area
4033_cap,0,0,0,appear,appear,OK,,,N/A,bottom-left|center,bottom-left,WRONG,area,area,OK,sparse,-,WRONG,several sparse new residential have appeared in the bottom left to left center in the parking area and a residential has disappeared in the bottom left in the parking area .,a new residential has appeared in the bottom left in the parking area and no building has disappeared in the area
4038_cap,1,1,1,none,none,OK,,,N/A,,,N/A,,,N/A,,,N/A,no building has appeared in the area and no building has disappeared in the area .,no building has appeared in the area and no building has disappeared in the area
4054_cap,1,1,1,none,none,OK,,,N/A,,,N/A,,,N/A,,,N/A,no building has appeared in the area and no building has disappeared in the area .,no building has appeared in the area and no building has disappeared in the area
4091_cap,0,1,0,none,appear,WRONG,,,N/A,,,N/A,,,N/A,,,N/A,no building has appeared in the area and no building has disappeared in the area .,a new residential has appeared in the top left in the parking area and no building has disappeared in the area
4099_cap,0,0,0,appear,appear,OK,,,N/A,center|top-left,top-left,WRONG,area,area,OK,,,N/A,several closely located new residential have appeared in the top left to top center in the parking area and no building has disappeared in the area .,several sparse new residential have appeared in the top left in the parking area and no building has disappeared in the area
409_cap,1,1,1,none,none,OK,,,N/A,,,N/A,,,N/A,,,N/A,no building has appeared in the area and no building has disappeared in the area .,no building has appeared in the area and no building has disappeared in the area
40_cap,1,1,1,none,none,OK,,,N/A,,,N/A,,,N/A,,,N/A,no building has appeared in the area and no building has disappeared in the area .,no building has appeared in the area and no building has disappeared in the area
4109_cap,0,0,1,appear,none,WRONG,,,N/A,bottom-left,-,WRONG,along|area,-,WRONG,,,N/A,a new residential has appeared in the bottom left along the roads and no building has disappeared in the area .,no building has appeared in the area and no building has disappeared in the area
4110_cap,1,1,1,none,none,OK,,,N/A,,,N/A,,,N/A,,,N/A,no building has appeared in the area and no building has disappeared in the area .,no building has appeared in the area and no building has disappeared in the area
4114_cap,0,0,0,appear,appear,OK,,,N/A,top-left,top-left,OK,among|area,among|area,OK,dense,sparse,WRONG,several dense new residential have appeared in the top left among the trees and no building has disappeared in the area .,several sparse new residential have appeared in the top left among the trees and no building has disappeared in the area
4117_cap,1,1,1,none,none,OK,,,N/A,,,N/A,,,N/A,,,N/A,no building has appeared in the area and no building has disappeared in the area .,no building has appeared in the area and no building has disappeared in the area
4118_cap,1,1,1,none,none,OK,,,N/A,,,N/A,,,N/A,,,N/A,no building has appeared in the area and no building has disappeared in the area .,no building has appeared in the area and no building has disappeared in the area
4120_cap,1,1,1,none,none,OK,,,N/A,,,N/A,,,N/A,,,N/A,no building has appeared in the area and no building has disappeared in the area .,no building has appeared in the area and no building has disappeared in the area
4132_cap,1,1,1,none,none,OK,,,N/A,,,N/A,,,N/A,,,N/A,no building has appeared in the area and no building has disappeared in the area .,no building has appeared in the area and no building has disappeared in the area
4151_cap,1,1,1,none,none,OK,,,N/A,,,N/A,,,N/A,,,N/A,no building has appeared in the area and no building has disappeared in the area .,no building has appeared in the area and no building has disappeared in the area
4157_cap,1,0,0,appear,appear,OK,several,several,OK,bottom-right|top-right,bottom-right|top-right,OK,area,area,OK,sparse,sparse,OK,several sparse new buildings have appeared in the top right to bottom right in the parking area and a building has disappeared in the top right in the parking area .,several sparse new buildings have appeared in the bottom right in the parking area and a building has disappeared in the top right in the parking area
4167_cap,1,1,1,none,none,OK,,,N/A,,,N/A,,,N/A,,,N/A,no building has appeared in the area and no building has disappeared in the area .,no building has appeared in the area and no building has disappeared in the area
4168_cap,1,1,1,none,none,OK,,,N/A,,,N/A,,,N/A,,,N/A,no building has appeared in the area and no building has disappeared in the area .,no building has appeared in the area and no building has disappeared in the area
4177_cap,1,1,1,none,none,OK,,,N/A,,,N/A,,,N/A,,,N/A,no building has appeared in the area and no building has disappeared in the area .,no building has appeared in the area and no building has disappeared in the area
4179_cap,1,1,1,none,none,OK,,,N/A,,,N/A,,,N/A,,,N/A,no building has appeared in the area and no building has disappeared in the area .,no building has appeared in the area and no building has disappeared in the area
4201_cap,0,0,0,appear,appear,OK,,,N/A,bottom-left,bottom-left,OK,among,among|area,PART,,,N/A,a new residential has appeared in the bottom left among the trees and a residential has disappeared in the bottom left among the trees .,a new residential has appeared in the bottom left among the trees and no building has disappeared in the area
4203_cap,0,1,0,none,appear,WRONG,,,N/A,,,N/A,,,N/A,,,N/A,no building has appeared in the area and no building has disappeared in the area .,a new residential has appeared in the left center among the trees and no building has disappeared in the area
4213_cap,1,1,1,none,none,OK,,,N/A,,,N/A,,,N/A,,,N/A,no building has appeared in the area and no building has disappeared in the area .,no building has appeared in the area and no building has disappeared in the area
4215_cap,1,1,1,none,none,OK,,,N/A,,,N/A,,,N/A,,,N/A,no building has appeared in the area and no building has disappeared in the area .,no building has appeared in the area and no building has disappeared in the area
4228_cap,1,1,1,none,none,OK,,,N/A,,,N/A,,,N/A,,,N/A,no building has appeared in the area and no building has disappeared in the area .,no building has appeared in the area and no building has disappeared in the area
4229_cap,1,1,1,none,none,OK,,,N/A,,,N/A,,,N/A,,,N/A,no building has appeared in the area and no building has disappeared in the area .,no building has appeared in the area and no building has disappeared in the area
4256_cap,0,0,1,disappear,none,WRONG,,,N/A,top-right,-,WRONG,among,-,WRONG,,,N/A,no building has appeared in the area and a residential has disappeared in the top right among the trees .,no building has appeared in the area and no building has disappeared in the area
4259_cap,1,1,1,none,none,OK,,,N/A,,,N/A,,,N/A,,,N/A,no building has appeared in the area and no building has disappeared in the area .,no building has appeared in the area and no building has disappeared in the area
4266_cap,0,0,1,appear,none,WRONG,,,N/A,center|left,-,WRONG,among|area,-,WRONG,,,N/A,a new residential has appeared in the left center among the trees and no building has disappeared in the area .,no building has appeared in the area and no building has disappeared in the area
4306_cap,1,1,1,none,none,OK,,,N/A,,,N/A,,,N/A,,,N/A,no building has appeared in the area and no building has disappeared in the area .,no building has appeared in the area and no building has disappeared in the area
431_cap,1,1,1,none,none,OK,,,N/A,,,N/A,,,N/A,,,N/A,no building has appeared in the area and no building has disappeared in the area .,no building has appeared in the area and no building has disappeared in the area
4327_cap,1,1,1,none,none,OK,,,N/A,,,N/A,,,N/A,,,N/A,no building has appeared in the area and no building has disappeared in the area .,no building has appeared in the area and no building has disappeared in the area
4341_cap,0,0,1,appear,none,WRONG,,,N/A,bottom-left|center,-,WRONG,area|tree,-,WRONG,,,N/A,several closely located new residential have appeared in the bottom left to bottom center among the trees and no building has disappeared in the area .,no building has appeared in the area and no building has disappeared in the area
4343_cap,1,1,1,none,none,OK,,,N/A,,,N/A,,,N/A,,,N/A,no building has appeared in the area and no building has disappeared in the area .,no building has appeared in the area and no building has disappeared in the area
4353_cap,0,0,0,disappear,appear,WRONG,,,N/A,top-right,bottom-left|top-left,WRONG,area,area,OK,,,N/A,no building has appeared in the area and a residential has disappeared in the top right in the parking area .,a new building has appeared in the top left in the parking area and a building has disappeared in the bottom left in the parking area
4356_cap,1,1,1,none,none,OK,,,N/A,,,N/A,,,N/A,,,N/A,no building has appeared in the area and no building has disappeared in the area .,no building has appeared in the area and no building has disappeared in the area
4378_cap,1,1,1,none,none,OK,,,N/A,,,N/A,,,N/A,,,N/A,no building has appeared in the area and no building has disappeared in the area .,no building has appeared in the area and no building has disappeared in the area
437_cap,0,0,0,appear,appear,OK,one,one,OK,center|top,center,WRONG,area,area,OK,,,N/A,a new building has appeared in the top center in the parking area and no building has disappeared in the area .,a new building has appeared in the center in the parking area and no building has disappeared in the area
4381_cap,1,1,1,none,none,OK,,,N/A,,,N/A,,,N/A,,,N/A,no building has appeared in the area and no building has disappeared in the area .,no building has appeared in the area and no building has disappeared in the area
4386_cap,1,1,1,none,none,OK,,,N/A,,,N/A,,,N/A,,,N/A,no building has appeared in the area and no building has disappeared in the area .,no building has appeared in the area and no building has disappeared in the area
4392_cap,1,1,1,none,none,OK,,,N/A,,,N/A,,,N/A,,,N/A,no building has appeared in the area and no building has disappeared in the area .,no building has appeared in the area and no building has disappeared in the area
4406_cap,1,1,1,none,none,OK,,,N/A,,,N/A,,,N/A,,,N/A,no building has appeared in the area and no building has disappeared in the area .,no building has appeared in the area and no building has disappeared in the area
4409_cap,1,1,1,none,none,OK,,,N/A,,,N/A,,,N/A,,,N/A,no building has appeared in the area and no building has disappeared in the area .,no building has appeared in the area and no building has disappeared in the area
4427_cap,1,0,0,appear,appear,OK,one,one,OK,top-left|top-right,top-left|top-right,OK,area,area,OK,sparse,sparse,OK,several sparse new residential have appeared in the top left in the parking area and a building has disappeared in the top right in the parking area .,several sparse new residential have appeared in the top left in the parking area and a building has disappeared in the top right in the parking area
4441_cap,1,1,1,none,none,OK,,,N/A,,,N/A,,,N/A,,,N/A,no building has appeared in the area and no building has disappeared in the area .,no building has appeared in the area and no building has disappeared in the area
445_cap,1,1,1,none,none,OK,,,N/A,,,N/A,,,N/A,,,N/A,no building has appeared in the area and no building has disappeared in the area .,no building has appeared in the area and no building has disappeared in the area
4469_cap,1,1,1,none,none,OK,,,N/A,,,N/A,,,N/A,,,N/A,no building has appeared in the area and no building has disappeared in the area .,no building has appeared in the area and no building has disappeared in the area
4484_cap,1,1,1,none,none,OK,,,N/A,,,N/A,,,N/A,,,N/A,no building has appeared in the area and no building has disappeared in the area .,no building has appeared in the area and no building has disappeared in the area
4486_cap,1,1,1,none,none,OK,,,N/A,,,N/A,,,N/A,,,N/A,no building has appeared in the area and no building has disappeared in the area .,no building has appeared in the area and no building has disappeared in the area
4488_cap,1,1,1,none,none,OK,,,N/A,,,N/A,,,N/A,,,N/A,no building has appeared in the area and no building has disappeared in the area .,no building has appeared in the area and no building has disappeared in the area
4501_cap,1,1,1,none,none,OK,,,N/A,,,N/A,,,N/A,,,N/A,no building has appeared in the area and no building has disappeared in the area .,no building has appeared in the area and no building has disappeared in the area
4502_cap,1,1,1,none,none,OK,,,N/A,,,N/A,,,N/A,,,N/A,no building has appeared in the area and no building has disappeared in the area .,no building has appeared in the area and no building has disappeared in the area
4513_cap,1,1,1,none,none,OK,,,N/A,,,N/A,,,N/A,,,N/A,no building has appeared in the area and no building has disappeared in the area .,no building has appeared in the area and no building has disappeared in the area
4548_cap,1,1,1,none,none,OK,,,N/A,,,N/A,,,N/A,,,N/A,no building has appeared in the area and no building has disappeared in the area .,no building has appeared in the area and no building has disappeared in the area
4578_cap,1,1,1,none,none,OK,,,N/A,,,N/A,,,N/A,,,N/A,no building has appeared in the area and no building has disappeared in the area .,no building has appeared in the area and no building has disappeared in the area
4582_cap,0,0,1,appear,none,WRONG,,,N/A,center|top-left,-,WRONG,among|tree,-,WRONG,sparse,-,WRONG,several sparse new residential have appeared in the top left to left center among the trees and a residential has disappeared in the left center among the trees .,no building has appeared in the area and no building has disappeared in the area
4587_cap,0,1,0,none,appear,WRONG,,,N/A,,,N/A,,,N/A,,,N/A,no building has appeared in the area and no building has disappeared in the area .,a new building has appeared in the top right in the parking area and no building has disappeared in the area
458_cap,1,1,1,none,none,OK,,,N/A,,,N/A,,,N/A,,,N/A,no building has appeared in the area and no building has disappeared in the area .,no building has appeared in the area and no building has disappeared in the area
4600_cap,1,1,1,none,none,OK,,,N/A,,,N/A,,,N/A,,,N/A,no building has appeared in the area and no building has disappeared in the area .,no building has appeared in the area and no building has disappeared in the area
4637_cap,1,1,1,none,none,OK,,,N/A,,,N/A,,,N/A,,,N/A,no building has appeared in the area and no building has disappeared in the area .,no building has appeared in the area and no building has disappeared in the area
4643_cap,1,0,0,appear,appear,OK,,,N/A,top-right,top-right,OK,area,area,OK,,,N/A,a new residential has appeared in the top right in the parking area and no building has disappeared in the area .,a new residential has appeared in the top right in the parking area and no building has disappeared in the area
468_cap,1,1,1,none,none,OK,,,N/A,,,N/A,,,N/A,,,N/A,no building has appeared in the area and no building has disappeared in the area .,no building has appeared in the area and no building has disappeared in the area
469_cap,1,1,1,none,none,OK,,,N/A,,,N/A,,,N/A,,,N/A,no building has appeared in the area and no building has disappeared in the area .,no building has appeared in the area and no building has disappeared in the area
4706_cap,1,1,1,none,none,OK,,,N/A,,,N/A,,,N/A,,,N/A,no building has appeared in the area and no building has disappeared in the area .,no building has appeared in the area and no building has disappeared in the area
4724_cap,1,1,1,none,none,OK,,,N/A,,,N/A,,,N/A,,,N/A,no building has appeared in the area and no building has disappeared in the area .,no building has appeared in the area and no building has disappeared in the area
4725_cap,1,1,1,none,none,OK,,,N/A,,,N/A,,,N/A,,,N/A,no building has appeared in the area and no building has disappeared in the area .,no building has appeared in the area and no building has disappeared in the area
4729_cap,0,1,0,none,appear,WRONG,,,N/A,,,N/A,,,N/A,,,N/A,no building has appeared in the area and no building has disappeared in the area .,a new building has appeared in the bottom left in the parking area and no building has disappeared in the area
4738_cap,1,1,1,none,none,OK,,,N/A,,,N/A,,,N/A,,,N/A,no building has appeared in the area and no building has disappeared in the area .,no building has appeared in the area and no building has disappeared in the area
4741_cap,1,0,0,appear,appear,OK,,,N/A,top-left,top-left,OK,area,area,OK,,,N/A,a new residential has appeared in the top left in the parking area and no building has disappeared in the area .,a new building has appeared in the top left in the parking area and no building has disappeared in the area
4743_cap,1,1,1,none,none,OK,,,N/A,,,N/A,,,N/A,,,N/A,no building has appeared in the area and no building has disappeared in the area .,no building has appeared in the area and no building has disappeared in the area
4755_cap,1,1,1,none,none,OK,,,N/A,,,N/A,,,N/A,,,N/A,no building has appeared in the area and no building has disappeared in the area .,no building has appeared in the area and no building has disappeared in the area
4756_cap,0,1,0,none,appear,WRONG,,,N/A,,,N/A,,,N/A,,,N/A,no building has appeared in the area and no building has disappeared in the area .,a new building has appeared in the top center in the parking area and no building has disappeared in the area
4768_cap,0,0,1,appear,none,WRONG,,,N/A,top-left,-,WRONG,land,-,WRONG,,,N/A,a new residential has appeared in the top left on bare land and no building has disappeared in the area .,no building has appeared in the area and no building has disappeared in the area
477_cap,0,0,0,appear,appear,OK,several,one,WRONG,bottom-left|bottom-right,bottom-left,WRONG,area,area,OK,sparse,-,WRONG,several sparse new buildings have appeared in the bottom left to bottom right in the parking area and no building has disappeared in the area .,a new building has appeared in the bottom left in the parking area and no building has disappeared in the area
479_cap,1,1,1,none,none,OK,,,N/A,,,N/A,,,N/A,,,N/A,no building has appeared in the area and no building has disappeared in the area .,no building has appeared in the area and no building has disappeared in the area
4814_cap,1,0,0,appear,appear,OK,,,N/A,bottom-right,bottom-right,OK,area,area,OK,,,N/A,a new residential has appeared in the bottom right in the parking area and no building has disappeared in the area .,a new residential has appeared in the bottom right in the parking area and no building has disappeared in the area
4832_cap,0,1,0,none,appear,WRONG,,,N/A,,,N/A,,,N/A,,,N/A,no building has appeared in the area and no building has disappeared in the area .,a new building has appeared in the top right in the parking area and a building has disappeared in the top right in the parking area
4853_cap,1,1,1,none,none,OK,,,N/A,,,N/A,,,N/A,,,N/A,no building has appeared in the area and no building has disappeared in the area .,no building has appeared in the area and no building has disappeared in the area
489_cap,1,1,1,none,none,OK,,,N/A,,,N/A,,,N/A,,,N/A,no building has appeared in the area and no building has disappeared in the area .,no building has appeared in the area and no building has disappeared in the area
48_cap,1,1,1,none,none,OK,,,N/A,,,N/A,,,N/A,,,N/A,no building has appeared in the area and no building has disappeared in the area .,no building has appeared in the area and no building has disappeared in the area
4909_cap,1,1,1,none,none,OK,,,N/A,,,N/A,,,N/A,,,N/A,no building has appeared in the area and no building has disappeared in the area .,no building has appeared in the area and no building has disappeared in the area
490_cap,1,1,1,none,none,OK,,,N/A,,,N/A,,,N/A,,,N/A,no building has appeared in the area and no building has disappeared in the area .,no building has appeared in the area and no building has disappeared in the area
4914_cap,1,1,1,none,none,OK,,,N/A,,,N/A,,,N/A,,,N/A,no building has appeared in the area and no building has disappeared in the area .,no building has appeared in the area and no building has disappeared in the area
4926_cap,1,1,1,none,none,OK,,,N/A,,,N/A,,,N/A,,,N/A,no building has appeared in the area and no building has disappeared in the area .,no building has appeared in the area and no building has disappeared in the area
4937_cap,1,1,1,none,none,OK,,,N/A,,,N/A,,,N/A,,,N/A,no building has appeared in the area and no building has disappeared in the area .,no building has appeared in the area and no building has disappeared in the area
4952_cap,0,0,0,appear,appear,OK,,,N/A,,,N/A,land,area,WRONG,dense,dense,OK,several dense new residential have appeared in different areas on bare land and no building has disappeared in the area .,several dense new residential have appeared in the bottom left in the parking area and no building has disappeared in the area
4953_cap,0,0,0,appear,appear,OK,,,N/A,bottom-left|center,bottom-left,WRONG,area,area,OK,sparse,dense,WRONG,several sparse new residential have appeared in the bottom left to bottom center in the parking area and no building has disappeared in the area .,several dense new residential have appeared in the bottom left in the parking area and no building has disappeared in the area
4958_cap,0,0,0,appear,appear,OK,several,several,OK,bottom|center|top-left,bottom-left,WRONG,area|land,area,PART,dense,sparse,WRONG,several dense new buildings have appeared in the bottom center in the parking area and a residential has disappeared in the top left on bare land .,several sparse new buildings have appeared in the bottom left in the parking area and a building has disappeared in the bottom left in the parking area
4963_cap,1,0,0,appear,appear,OK,,,N/A,bottom-left,bottom-left,OK,area,area,OK,,,N/A,several closely located new residential have appeared in the bottom left in the parking area and no building has disappeared in the area .,several sparse new residential have appeared in the bottom left in the parking area and no building has disappeared in the area
4969_cap,1,1,1,none,none,OK,,,N/A,,,N/A,,,N/A,,,N/A,no building has appeared in the area and no building has disappeared in the area .,no building has appeared in the area and no building has disappeared in the area
4973_cap,1,1,1,none,none,OK,,,N/A,,,N/A,,,N/A,,,N/A,no building has appeared in the area and no building has disappeared in the area .,no building has appeared in the area and no building has disappeared in the area
4975_cap,0,0,0,appear,appear,OK,one,-,WRONG,center,center,OK,area,land,WRONG,,,N/A,a new building has appeared in the center in the parking area and no building has disappeared in the area .,a new residential has appeared in the center on bare land and no building has disappeared in the area
4976_cap,0,0,0,appear,appear,OK,one,-,WRONG,top-left,top-left,OK,area,area,OK,,,N/A,a new building has appeared in the top left in the parking area and no building has disappeared in the area .,a new residential has appeared in the top left in the parking area and no building has disappeared in the area
4985_cap,0,0,0,appear,appear,OK,one,one,OK,bottom|center,bottom-left,WRONG,area,area,OK,,,N/A,a new building has appeared in the bottom center in the parking area and no building has disappeared in the area .,a new building has appeared in the bottom left in the parking area and no building has disappeared in the area
4997_cap,0,0,0,appear,appear,OK,one,-,WRONG,center,center,OK,area,area,OK,,,N/A,a new building has appeared in the center in the parking area and no building has disappeared in the area .,a new residential has appeared in the center in the parking area and no building has disappeared in the area
49_cap,1,1,1,none,none,OK,,,N/A,,,N/A,,,N/A,,,N/A,no building has appeared in the area and no building has disappeared in the area .,no building has appeared in the area and no building has disappeared in the area
5003_cap,1,1,1,none,none,OK,,,N/A,,,N/A,,,N/A,,,N/A,no building has appeared in the area and no building has disappeared in the area .,no building has appeared in the area and no building has disappeared in the area
5016_cap,1,1,1,none,none,OK,,,N/A,,,N/A,,,N/A,,,N/A,no building has appeared in the area and no building has disappeared in the area .,no building has appeared in the area and no building has disappeared in the area
5019_cap,1,1,1,none,none,OK,,,N/A,,,N/A,,,N/A,,,N/A,no building has appeared in the area and no building has disappeared in the area .,no building has appeared in the area and no building has disappeared in the area
5020_cap,1,1,1,none,none,OK,,,N/A,,,N/A,,,N/A,,,N/A,no building has appeared in the area and no building has disappeared in the area .,no building has appeared in the area and no building has disappeared in the area
5038_cap,1,1,1,none,none,OK,,,N/A,,,N/A,,,N/A,,,N/A,no building has appeared in the area and no building has disappeared in the area .,no building has appeared in the area and no building has disappeared in the area
5051_cap,1,1,1,none,none,OK,,,N/A,,,N/A,,,N/A,,,N/A,no building has appeared in the area and no building has disappeared in the area .,no building has appeared in the area and no building has disappeared in the area
5056_cap,1,1,1,none,none,OK,,,N/A,,,N/A,,,N/A,,,N/A,no building has appeared in the area and no building has disappeared in the area .,no building has appeared in the area and no building has disappeared in the area
5066_cap,0,0,0,appear,appear,OK,,,N/A,top-left,bottom-left,WRONG,land,land,OK,,,N/A,a new residential has appeared in the top left on bare land and no building has disappeared in the area .,a new residential has appeared in the bottom left on bare land and no building has disappeared in the area
5069_cap,0,0,0,appear,appear,OK,,,N/A,bottom-left,bottom-left,OK,among|area,land,WRONG,,,N/A,a new residential has appeared in the bottom left among the trees and no building has disappeared in the area .,a new residential has appeared in the bottom left on bare land and no building has disappeared in the area
5072_cap,1,1,1,none,none,OK,,,N/A,,,N/A,,,N/A,,,N/A,no building has appeared in the area and no building has disappeared in the area .,no building has appeared in the area and no building has disappeared in the area
5078_cap,0,0,0,appear,appear,OK,one,one,OK,center|left|top-right,center|top-right,WRONG,area,area,OK,,,N/A,a new building has appeared in the top right in the parking area and a building has disappeared in the left center in the parking area .,a new building has appeared in the top center in the parking area and a building has disappeared in the top right in the parking area
5082_cap,1,1,1,none,none,OK,,,N/A,,,N/A,,,N/A,,,N/A,no building has appeared in the area and no building has disappeared in the area .,no building has appeared in the area and no building has disappeared in the area
5086_cap,1,1,1,none,none,OK,,,N/A,,,N/A,,,N/A,,,N/A,no building has appeared in the area and no building has disappeared in the area .,no building has appeared in the area and no building has disappeared in the area
5088_cap,1,1,1,none,none,OK,,,N/A,,,N/A,,,N/A,,,N/A,no building has appeared in the area and no building has disappeared in the area .,no building has appeared in the area and no building has disappeared in the area
5096_cap,0,0,1,appear,none,WRONG,,,N/A,center|right,-,WRONG,among|area,-,WRONG,,,N/A,a new residential has appeared in the right center among the trees and no building has disappeared in the area .,no building has appeared in the area and no building has disappeared in the area
5104_cap,1,1,1,none,none,OK,,,N/A,,,N/A,,,N/A,,,N/A,no building has appeared in the area and no building has disappeared in the area .,no building has appeared in the area and no building has disappeared in the area
5126_cap,1,0,0,appear,appear,OK,,,N/A,bottom-left,bottom-left,OK,area,area,OK,dense,dense,OK,several dense new residential have appeared in the bottom left in the parking area and no building has disappeared in the area .,several dense new residential have appeared in the bottom left in the parking area and no building has disappeared in the area
5133_cap,1,1,1,none,none,OK,,,N/A,,,N/A,,,N/A,,,N/A,no building has appeared in the area and no building has disappeared in the area .,no building has appeared in the area and no building has disappeared in the area
5136_cap,1,1,1,none,none,OK,,,N/A,,,N/A,,,N/A,,,N/A,no building has appeared in the area and no building has disappeared in the area .,no building has appeared in the area and no building has disappeared in the area
5137_cap,1,1,1,none,none,OK,,,N/A,,,N/A,,,N/A,,,N/A,no building has appeared in the area and no building has disappeared in the area .,no building has appeared in the area and no building has disappeared in the area
515_cap,1,1,1,none,none,OK,,,N/A,,,N/A,,,N/A,,,N/A,no building has appeared in the area and no building has disappeared in the area .,no building has appeared in the area and no building has disappeared in the area
5166_cap,1,1,1,none,none,OK,,,N/A,,,N/A,,,N/A,,,N/A,no building has appeared in the area and no building has disappeared in the area .,no building has appeared in the area and no building has disappeared in the area
5180_cap,1,1,1,none,none,OK,,,N/A,,,N/A,,,N/A,,,N/A,no building has appeared in the area and no building has disappeared in the area .,no building has appeared in the area and no building has disappeared in the area
5181_cap,1,1,1,none,none,OK,,,N/A,,,N/A,,,N/A,,,N/A,no building has appeared in the area and no building has disappeared in the area .,no building has appeared in the area and no building has disappeared in the area
5195_cap,0,0,0,appear,appear,OK,,,N/A,,,N/A,land,among|area,WRONG,dense,dense,OK,several dense new residential have appeared in different areas on bare land and no building has disappeared in the area .,several dense new residential have appeared in the bottom right among the trees and no building has disappeared in the area
5199_cap,1,0,0,appear,appear,OK,,,N/A,,,N/A,area,area,OK,dense,dense,OK,several dense new residential have appeared in different areas in the parking area and no building has disappeared in the area .,several dense new residential have appeared in the bottom left in the parking area and no building has disappeared in the area
5208_cap,1,0,0,appear,appear,OK,,,N/A,,,N/A,area,area,OK,dense,dense,OK,several dense new residential have appeared in different areas in the parking area and no building has disappeared in the area .,several dense new residential have appeared in the top left in the parking area and no building has disappeared in the area
5242_cap,1,1,1,none,none,OK,,,N/A,,,N/A,,,N/A,,,N/A,no building has appeared in the area and no building has disappeared in the area .,no building has appeared in the area and no building has disappeared in the area
5247_cap,1,1,1,none,none,OK,,,N/A,,,N/A,,,N/A,,,N/A,no building has appeared in the area and no building has disappeared in the area .,no building has appeared in the area and no building has disappeared in the area
5255_cap,0,0,1,appear,none,WRONG,,,N/A,center|top,-,WRONG,among,-,WRONG,,,N/A,a new residential has appeared in the top center among the trees and a residential has disappeared in the center among the trees .,no building has appeared in the area and no building has disappeared in the area
525_cap,1,1,1,none,none,OK,,,N/A,,,N/A,,,N/A,,,N/A,no building has appeared in the area and no building has disappeared in the area .,no building has appeared in the area and no building has disappeared in the area
5267_cap,1,1,1,none,none,OK,,,N/A,,,N/A,,,N/A,,,N/A,no building has appeared in the area and no building has disappeared in the area .,no building has appeared in the area and no building has disappeared in the area
5269_cap,1,1,1,none,none,OK,,,N/A,,,N/A,,,N/A,,,N/A,no building has appeared in the area and no building has disappeared in the area .,no building has appeared in the area and no building has disappeared in the area
5275_cap,1,1,1,none,none,OK,,,N/A,,,N/A,,,N/A,,,N/A,no building has appeared in the area and no building has disappeared in the area .,no building has appeared in the area and no building has disappeared in the area
528_cap,1,1,1,none,none,OK,,,N/A,,,N/A,,,N/A,,,N/A,no building has appeared in the area and no building has disappeared in the area .,no building has appeared in the area and no building has disappeared in the area
5293_cap,0,0,0,appear,appear,OK,,,N/A,bottom-left,top-left,WRONG,area,area,OK,dense,dense,OK,several dense new residential have appeared in the bottom left in the parking area and no building has disappeared in the area .,several dense new residential have appeared in the top left in the parking area and no building has disappeared in the area
5300_cap,0,0,0,appear,appear,OK,,,N/A,bottom|center|top-left,bottom-right|top-left,WRONG,area,area,OK,sparse,dense,WRONG,several sparse new residential have appeared in the top left to bottom center in the parking area and no building has disappeared in the area .,several dense new buildings have appeared in the top left to bottom right in the parking area and no building has disappeared in the area
5301_cap,1,0,0,appear,appear,OK,,,N/A,bottom-left,bottom-left,OK,area,area,OK,,,N/A,a new residential has appeared in the bottom left in the parking area and no building has disappeared in the area .,a new building has appeared in the bottom left in the parking area and no building has disappeared in the area
5305_cap,1,1,1,none,none,OK,,,N/A,,,N/A,,,N/A,,,N/A,no building has appeared in the area and no building has disappeared in the area .,no building has appeared in the area and no building has disappeared in the area
5308_cap,1,1,1,none,none,OK,,,N/A,,,N/A,,,N/A,,,N/A,no building has appeared in the area and no building has disappeared in the area .,no building has appeared in the area and no building has disappeared in the area
5336_cap,1,1,1,none,none,OK,,,N/A,,,N/A,,,N/A,,,N/A,no building has appeared in the area and no building has disappeared in the area .,no building has appeared in the area and no building has disappeared in the area
5337_cap,1,1,1,none,none,OK,,,N/A,,,N/A,,,N/A,,,N/A,no building has appeared in the area and no building has disappeared in the area .,no building has appeared in the area and no building has disappeared in the area
5343_cap,0,0,1,appear,none,WRONG,,,N/A,center,-,WRONG,among|area,-,WRONG,,,N/A,a new residential has appeared in the center among the trees and no building has disappeared in the area .,no building has appeared in the area and no building has disappeared in the area
5352_cap,1,1,1,none,none,OK,,,N/A,,,N/A,,,N/A,,,N/A,no building has appeared in the area and no building has disappeared in the area .,no building has appeared in the area and no building has disappeared in the area
5382_cap,0,0,0,appear,appear,OK,several,several,OK,center|top-left,bottom-right|top-left,WRONG,area,area,OK,sparse,dense,WRONG,several sparse new buildings have appeared in the top left to center in the parking area and no building has disappeared in the area .,several dense new buildings have appeared in the top left to bottom right in the parking area and no building has disappeared in the area
5386_cap,1,1,1,none,none,OK,,,N/A,,,N/A,,,N/A,,,N/A,no building has appeared in the area and no building has disappeared in the area .,no building has appeared in the area and no building has disappeared in the area
5392_cap,1,1,1,none,none,OK,,,N/A,,,N/A,,,N/A,,,N/A,no building has appeared in the area and no building has disappeared in the area .,no building has appeared in the area and no building has disappeared in the area
5396_cap,1,1,1,none,none,OK,,,N/A,,,N/A,,,N/A,,,N/A,no building has appeared in the area and no building has disappeared in the area .,no building has appeared in the area and no building has disappeared in the area
5398_cap,1,1,1,none,none,OK,,,N/A,,,N/A,,,N/A,,,N/A,no building has appeared in the area and no building has disappeared in the area .,no building has appeared in the area and no building has disappeared in the area
5414_cap,1,1,1,none,none,OK,,,N/A,,,N/A,,,N/A,,,N/A,no building has appeared in the area and no building has disappeared in the area .,no building has appeared in the area and no building has disappeared in the area
5437_cap,1,1,1,none,none,OK,,,N/A,,,N/A,,,N/A,,,N/A,no building has appeared in the area and no building has disappeared in the area .,no building has appeared in the area and no building has disappeared in the area
5458_cap,0,0,0,appear,appear,OK,,,N/A,bottom-left,bottom-left,OK,land,area,WRONG,dense,dense,OK,several dense new residential have appeared in the bottom left on bare land and no building has disappeared in the area .,several dense new residential have appeared in the bottom left in the parking area and no building has disappeared in the area
545_cap,1,1,1,none,none,OK,,,N/A,,,N/A,,,N/A,,,N/A,no building has appeared in the area and no building has disappeared in the area .,no building has appeared in the area and no building has disappeared in the area
5469_cap,1,1,1,none,none,OK,,,N/A,,,N/A,,,N/A,,,N/A,no building has appeared in the area and no building has disappeared in the area .,no building has appeared in the area and no building has disappeared in the area
5471_cap,1,1,1,none,none,OK,,,N/A,,,N/A,,,N/A,,,N/A,no building has appeared in the area and no building has disappeared in the area .,no building has appeared in the area and no building has disappeared in the area
5489_cap,0,0,0,appear,appear,OK,one,one,OK,center|top-right,bottom-left|bottom-right,WRONG,area,area,OK,,,N/A,a new building has appeared in the top right in the parking area and a building has disappeared in the center in the parking area .,a new building has appeared in the bottom left in the parking area and no building has disappeared in the bottom right in the parking area
5490_cap,0,0,1,disappear,none,WRONG,several,-,WRONG,center|left|top,-,WRONG,area,-,WRONG,sparse,-,WRONG,no building has appeared in the area and several sparse buildings have disappeared in the top center to left center in the parking area .,no building has appeared in the area and no building has disappeared in the area
5505_cap,1,1,1,none,none,OK,,,N/A,,,N/A,,,N/A,,,N/A,no building has appeared in the area and no building has disappeared in the area .,no building has appeared in the area and no building has disappeared in the area
5508_cap,1,1,1,none,none,OK,,,N/A,,,N/A,,,N/A,,,N/A,no building has appeared in the area and no building has disappeared in the area .,no building has appeared in the area and no building has disappeared in the area
5537_cap,1,1,1,none,none,OK,,,N/A,,,N/A,,,N/A,,,N/A,no building has appeared in the area and no building has disappeared in the area .,no building has appeared in the area and no building has disappeared in the area
5559_cap,1,1,1,none,none,OK,,,N/A,,,N/A,,,N/A,,,N/A,no building has appeared in the area and no building has disappeared in the area .,no building has appeared in the area and no building has disappeared in the area
5564_cap,1,1,1,none,none,OK,,,N/A,,,N/A,,,N/A,,,N/A,no building has appeared in the area and no building has disappeared in the area .,no building has appeared in the area and no building has disappeared in the area
5565_cap,0,0,1,disappear,none,WRONG,one,-,WRONG,bottom|center,-,WRONG,area,-,WRONG,,,N/A,no building has appeared in the area and a building has disappeared in the bottom center in the parking area .,no building has appeared in the area and no building has disappeared in the area
5575_cap,1,1,1,none,none,OK,,,N/A,,,N/A,,,N/A,,,N/A,no building has appeared in the area and no building has disappeared in the area .,no building has appeared in the area and no building has disappeared in the area
5579_cap,0,0,0,appear,appear,OK,,,N/A,bottom|center,top-right,WRONG,area,area,OK,,,N/A,a new residential has appeared in the bottom center in the parking area and no building has disappeared in the area .,a new residential has appeared in the top right in the parking area and no building has disappeared in the area
5593_cap,1,1,1,none,none,OK,,,N/A,,,N/A,,,N/A,,,N/A,no building has appeared in the area and no building has disappeared in the area .,no building has appeared in the area and no building has disappeared in the area
5609_cap,1,0,0,appear,appear,OK,,,N/A,bottom-left,bottom-left,OK,area,area,OK,dense,dense,OK,several dense new residential have appeared in the bottom left in the parking area and no building has disappeared in the area .,several dense new residential have appeared in the bottom left in the parking area and no building has disappeared in the area
5625_cap,1,0,0,appear,appear,OK,,,N/A,,,N/A,area,area,OK,dense,dense,OK,several dense new residential have appeared in different areas in the parking area and no building has disappeared in the area .,several dense new residential have appeared in the bottom right in the parking area and no building has disappeared in the area
5633_cap,1,1,1,none,none,OK,,,N/A,,,N/A,,,N/A,,,N/A,no building has appeared in the area and no building has disappeared in the area .,no building has appeared in the area and no building has disappeared in the area
5642_cap,1,1,1,none,none,OK,,,N/A,,,N/A,,,N/A,,,N/A,no building has appeared in the area and no building has disappeared in the area .,no building has appeared in the area and no building has disappeared in the area
5651_cap,1,1,1,none,none,OK,,,N/A,,,N/A,,,N/A,,,N/A,no building has appeared in the area and no building has disappeared in the area .,no building has appeared in the area and no building has disappeared in the area
5666_cap,1,1,1,none,none,OK,,,N/A,,,N/A,,,N/A,,,N/A,no building has appeared in the area and no building has disappeared in the area .,no building has appeared in the area and no building has disappeared in the area
5675_cap,1,1,1,none,none,OK,,,N/A,,,N/A,,,N/A,,,N/A,no building has appeared in the area and no building has disappeared in the area .,no building has appeared in the area and no building has disappeared in the area
5676_cap,1,1,1,none,none,OK,,,N/A,,,N/A,,,N/A,,,N/A,no building has appeared in the area and no building has disappeared in the area .,no building has appeared in the area and no building has disappeared in the area
5680_cap,1,1,1,none,none,OK,,,N/A,,,N/A,,,N/A,,,N/A,no building has appeared in the area and no building has disappeared in the area .,no building has appeared in the area and no building has disappeared in the area
5686_cap,1,0,0,appear,appear,OK,,,N/A,top-right,top-right,OK,among|area,among|area,OK,,,N/A,a new residential has appeared in the top right among the trees and no building has disappeared in the area .,a new residential has appeared in the top right among the trees and no building has disappeared in the area
5697_cap,1,1,1,none,none,OK,,,N/A,,,N/A,,,N/A,,,N/A,no building has appeared in the area and no building has disappeared in the area .,no building has appeared in the area and no building has disappeared in the area
5713_cap,1,1,1,none,none,OK,,,N/A,,,N/A,,,N/A,,,N/A,no building has appeared in the area and no building has disappeared in the area .,no building has appeared in the area and no building has disappeared in the area
5717_cap,1,1,1,none,none,OK,,,N/A,,,N/A,,,N/A,,,N/A,no building has appeared in the area and no building has disappeared in the area .,no building has appeared in the area and no building has disappeared in the area
571_cap,1,1,1,none,none,OK,,,N/A,,,N/A,,,N/A,,,N/A,no building has appeared in the area and no building has disappeared in the area .,no building has appeared in the area and no building has disappeared in the area
5724_cap,1,1,1,none,none,OK,,,N/A,,,N/A,,,N/A,,,N/A,no building has appeared in the area and no building has disappeared in the area .,no building has appeared in the area and no building has disappeared in the area
5729_cap,1,1,1,none,none,OK,,,N/A,,,N/A,,,N/A,,,N/A,no building has appeared in the area and no building has disappeared in the area .,no building has appeared in the area and no building has disappeared in the area
5739_cap,1,1,1,none,none,OK,,,N/A,,,N/A,,,N/A,,,N/A,no building has appeared in the area and no building has disappeared in the area .,no building has appeared in the area and no building has disappeared in the area
5758_cap,0,1,0,none,appear,WRONG,,,N/A,,,N/A,,,N/A,,,N/A,no building has appeared in the area and no building has disappeared in the area .,a new residential has appeared in the top left among the trees and no building has disappeared in the area
5763_cap,0,0,1,appear,none,WRONG,,,N/A,bottom-right,-,WRONG,among|area,-,WRONG,,,N/A,a new residential has appeared in the bottom right among the trees and no building has disappeared in the area .,no building has appeared in the area and no building has disappeared in the area
5777_cap,0,0,0,appear,appear,OK,,,N/A,bottom-left|bottom-right,bottom-left,WRONG,area|tree,area,PART,dense,dense,OK,several dense new residential have appeared in the bottom left to bottom right among the trees and no building has disappeared in the area .,several dense new residential have appeared in the bottom left in the parking area and no building has disappeared in the area
5790_cap,0,0,0,appear,appear,OK,,,N/A,top-right,top-left,WRONG,area,area,OK,dense,dense,OK,several dense new residential have appeared in the top right in the parking area and no building has disappeared in the area .,several dense new residential have appeared in the top left in the parking area and no building has disappeared in the area
5807_cap,0,0,1,appear,none,WRONG,one,-,WRONG,bottom-right,-,WRONG,area,-,WRONG,,,N/A,a new building has appeared in the bottom right in the parking area and no building has disappeared in the area .,no building has appeared in the area and no building has disappeared in the area
5817_cap,1,1,1,none,none,OK,,,N/A,,,N/A,,,N/A,,,N/A,no building has appeared in the area and no building has disappeared in the area .,no building has appeared in the area and no building has disappeared in the area
5820_cap,1,0,0,appear,appear,OK,one,one,OK,bottom|center,bottom|center,OK,area,area,OK,,,N/A,a new building has appeared in the bottom center in the parking area and no building has disappeared in the area .,a new building has appeared in the bottom center in the parking area and no building has disappeared in the area
5826_cap,1,1,1,none,none,OK,,,N/A,,,N/A,,,N/A,,,N/A,no building has appeared in the area and no building has disappeared in the area .,no building has appeared in the area and no building has disappeared in the area
5831_cap,0,0,1,disappear,none,WRONG,,,N/A,top-right,-,WRONG,along,-,WRONG,,,N/A,no building has appeared in the area and a residential has disappeared in the top right along the roads .,no building has appeared in the area and no building has disappeared in the area
5836_cap,1,1,1,none,none,OK,,,N/A,,,N/A,,,N/A,,,N/A,no building has appeared in the area and no building has disappeared in the area .,no building has appeared in the area and no building has disappeared in the area
5846_cap,0,0,0,appear,appear,OK,,,N/A,center|top,top-left|top-right,WRONG,area,area,OK,,,N/A,a new residential has appeared in the top center in the parking area and no building has disappeared in the area .,several sparse new residential have appeared in the top left in the parking area and a residential has disappeared in the top left in the top right in the parking area
5857_cap,0,0,0,appear,appear,OK,,,N/A,,,N/A,among|area,area,PART,dense,dense,OK,several dense new residential have appeared in different areas among the trees and no building has disappeared in the area .,several dense new residential have appeared in the top right in the parking area and no building has disappeared in the area
5858_cap,0,0,0,appear,appear,OK,,,N/A,bottom-left|bottom-right,bottom-right,WRONG,area,area,OK,dense,dense,OK,several dense new residential have appeared in the bottom left to bottom right in the parking area and no building has disappeared in the area .,several dense new residential have appeared in the bottom right in the parking area and no building has disappeared in the area
5863_cap,1,0,0,appear,appear,OK,,,N/A,top-right,top-right,OK,area,area,OK,,,N/A,a new residential has appeared in the top right in the parking area and no building has disappeared in the area .,a new residential has appeared in the top right in the parking area and no building has disappeared in the area
5865_cap,0,0,0,appear,appear,OK,,,N/A,center|right,bottom-right,WRONG,land,among|area,WRONG,dense,dense,OK,several dense new residential have appeared in the right center on bare land and no building has disappeared in the area .,several dense new residential have appeared in the bottom right among the trees and no building has disappeared in the area
5875_cap,0,0,0,appear,appear,OK,,,N/A,center|top,-,WRONG,area,area,OK,dense,dense,OK,several dense new residential have appeared in the top center in the parking area and no building has disappeared in the area .,several dense new residential have appeared in different areas in the parking area and no building has disappeared in the area
588_cap,1,1,1,none,none,OK,,,N/A,,,N/A,,,N/A,,,N/A,no building has appeared in the area and no building has disappeared in the area .,no building has appeared in the area and no building has disappeared in the area
5890_cap,0,0,1,appear,none,WRONG,,,N/A,top-left,-,WRONG,area,-,WRONG,,,N/A,several closely located new buildings have appeared in the top left in the parking area and no building has disappeared in the area .,no building has appeared in the area and no building has disappeared in the area
5894_cap,0,0,0,appear,appear,OK,one,one,OK,bottom|center|top-left,bottom-left,WRONG,area,area,OK,,,N/A,a new building has appeared in the bottom center in the parking area and a building has disappeared in the top left in the parking area .,a new building has appeared in the bottom left in the parking area and no building has disappeared in the area
5897_cap,1,1,1,none,none,OK,,,N/A,,,N/A,,,N/A,,,N/A,no building has appeared in the area and no building has disappeared in the area .,no building has appeared in the area and no building has disappeared in the area
5901_cap,1,1,1,none,none,OK,,,N/A,,,N/A,,,N/A,,,N/A,no building has appeared in the area and no building has disappeared in the area .,no building has appeared in the area and no building has disappeared in the area
5916_cap,1,1,1,none,none,OK,,,N/A,,,N/A,,,N/A,,,N/A,no building has appeared in the area and no building has disappeared in the area .,no building has appeared in the area and no building has disappeared in the area
5923_cap,1,1,1,none,none,OK,,,N/A,,,N/A,,,N/A,,,N/A,no building has appeared in the area and no building has disappeared in the area .,no building has appeared in the area and no building has disappeared in the area
5931_cap,1,1,1,none,none,OK,,,N/A,,,N/A,,,N/A,,,N/A,no building has appeared in the area and no building has disappeared in the area .,no building has appeared in the area and no building has disappeared in the area
5937_cap,1,1,1,none,none,OK,,,N/A,,,N/A,,,N/A,,,N/A,no building has appeared in the area and no building has disappeared in the area .,no building has appeared in the area and no building has disappeared in the area
5938_cap,0,0,0,appear,appear,OK,,,N/A,,,N/A,among|area,area,PART,dense,dense,OK,several dense new residential have appeared in different areas among the trees and no building has disappeared in the area .,several dense new residential have appeared in the top right in the parking area and no building has disappeared in the area
5940_cap,0,0,0,appear,appear,OK,,,N/A,top-left,top-right,WRONG,area,area,OK,dense,dense,OK,several dense new residential have appeared in the top left in the parking area and no building has disappeared in the area .,several dense new residential have appeared in the top right in the parking area and no building has disappeared in the area
5943_cap,0,0,0,appear,appear,OK,,,N/A,center|left,bottom-left,WRONG,area,area,OK,,,N/A,several closely located new residential have appeared in the left center in the parking area and no building has disappeared in the area .,a new residential has appeared in the bottom left in the parking area and no building has disappeared in the area
5951_cap,1,0,0,appear,appear,OK,,,N/A,,,N/A,area,area,OK,dense,dense,OK,several dense new residential have appeared in different areas in the parking area and no building has disappeared in the area .,several dense new residential have appeared in the top right in the parking area and no building has disappeared in the area
5964_cap,1,1,1,none,none,OK,,,N/A,,,N/A,,,N/A,,,N/A,no building has appeared in the area and no building has disappeared in the area .,no building has appeared in the area and no building has disappeared in the area
596_cap,1,1,1,none,none,OK,,,N/A,,,N/A,,,N/A,,,N/A,no building has appeared in the area and no building has disappeared in the area .,no building has appeared in the area and no building has disappeared in the area
5978_cap,0,0,0,appear,appear,OK,,,N/A,center|left,top-left,WRONG,area,area,OK,,,N/A,a new residential has appeared in the left center in the parking area and no building has disappeared in the area .,a new residential has appeared in the top left in the parking area and no building has disappeared in the area
5980_cap,1,1,1,none,none,OK,,,N/A,,,N/A,,,N/A,,,N/A,no building has appeared in the area and no building has disappeared in the area .,no building has appeared in the area and no building has disappeared in the area
5989_cap,0,1,0,none,appear,WRONG,,,N/A,,,N/A,,,N/A,,,N/A,no building has appeared in the area and no building has disappeared in the area .,a new residential has appeared in the top right in the parking area and no building has disappeared in the area
5993_cap,1,1,1,none,none,OK,,,N/A,,,N/A,,,N/A,,,N/A,no building has appeared in the area and no building has disappeared in the area .,no building has appeared in the area and no building has disappeared in the area
6008_cap,1,1,1,none,none,OK,,,N/A,,,N/A,,,N/A,,,N/A,no building has appeared in the area and no building has disappeared in the area .,no building has appeared in the area and no building has disappeared in the area
6013_cap,1,1,1,none,none,OK,,,N/A,,,N/A,,,N/A,,,N/A,no building has appeared in the area and no building has disappeared in the area .,no building has appeared in the area and no building has disappeared in the area
6015_cap,1,1,1,none,none,OK,,,N/A,,,N/A,,,N/A,,,N/A,no building has appeared in the area and no building has disappeared in the area .,no building has appeared in the area and no building has disappeared in the area
6024_cap,0,0,0,appear,appear,OK,,,N/A,,,N/A,area,among|area,PART,sparse,sparse,OK,several sparse new residential have appeared in different areas in the parking area and no building has disappeared in the area .,several sparse new residential have appeared in the top left among the trees and no building has disappeared in the area
6027_cap,0,0,0,appear,appear,OK,,,N/A,bottom-right|center|top,bottom-right,WRONG,area,area,OK,dense,dense,OK,several dense new residential have appeared in the top center to bottom right in the parking area and no building has disappeared in the area .,several dense new residential have appeared in the bottom right in the parking area and no building has disappeared in the area
6038_cap,1,0,0,appear,appear,OK,,,N/A,,,N/A,area,area,OK,dense,dense,OK,several dense new residential have appeared in different areas in the parking area and no building has disappeared in the area .,several dense new residential have appeared in the bottom right in the parking area and no building has disappeared in the area
6046_cap,1,1,1,none,none,OK,,,N/A,,,N/A,,,N/A,,,N/A,no building has appeared in the area and no building has disappeared in the area .,no building has appeared in the area and no building has disappeared in the area
6062_cap,0,0,1,appear,none,WRONG,several,-,WRONG,,,N/A,area,-,WRONG,sparse,-,WRONG,several sparse new buildings have appeared in different areas in the parking area and no building has disappeared in the area .,no building has appeared in the area and no building has disappeared in the area
6067_cap,0,0,1,appear,none,WRONG,,,N/A,bottom-right,-,WRONG,along|area,-,WRONG,,,N/A,a new residential has appeared in the bottom right along the roads and no building has disappeared in the area .,no building has appeared in the area and no building has disappeared in the area
6069_cap,1,1,1,none,none,OK,,,N/A,,,N/A,,,N/A,,,N/A,no building has appeared in the area and no building has disappeared in the area .,no building has appeared in the area and no building has disappeared in the area
6072_cap,1,1,1,none,none,OK,,,N/A,,,N/A,,,N/A,,,N/A,no building has appeared in the area and no building has disappeared in the area .,no building has appeared in the area and no building has disappeared in the area
6085_cap,1,1,1,none,none,OK,,,N/A,,,N/A,,,N/A,,,N/A,no building has appeared in the area and no building has disappeared in the area .,no building has appeared in the area and no building has disappeared in the area
6093_cap,1,1,1,none,none,OK,,,N/A,,,N/A,,,N/A,,,N/A,no building has appeared in the area and no building has disappeared in the area .,no building has appeared in the area and no building has disappeared in the area
6129_cap,0,1,0,none,disappear,WRONG,,,N/A,,,N/A,,,N/A,,,N/A,no building has appeared in the area and no building has disappeared in the area .,no building has appeared in the area and a residential has disappeared in the bottom left in the parking area
6132_cap,0,1,0,none,appear,WRONG,,,N/A,,,N/A,,,N/A,,,N/A,no building has appeared in the area and no building has disappeared in the area .,a new residential has appeared in the bottom right in the parking area and no building has disappeared in the area
6134_cap,1,1,1,none,none,OK,,,N/A,,,N/A,,,N/A,,,N/A,no building has appeared in the area and no building has disappeared in the area .,no building has appeared in the area and no building has disappeared in the area
6139_cap,1,1,1,none,none,OK,,,N/A,,,N/A,,,N/A,,,N/A,no building has appeared in the area and no building has disappeared in the area .,no building has appeared in the area and no building has disappeared in the area
6146_cap,0,0,0,appear,appear,OK,,,N/A,center|top-left,top-left,WRONG,area,area,OK,,,N/A,several closely located new buildings have appeared in the top left to left center in the parking area and no building has disappeared in the area .,a new building has appeared in the top left in the parking area and no building has disappeared in the area
6169_cap,1,1,1,none,none,OK,,,N/A,,,N/A,,,N/A,,,N/A,no building has appeared in the area and no building has disappeared in the area .,no building has appeared in the area and no building has disappeared in the area
6173_cap,0,0,0,disappear,disappear,OK,,,N/A,,,N/A,area,area,OK,dense,-,WRONG,no building has appeared in the area and several dense residential have disappeared in different areas in the parking area .,no building has appeared in the area and a residential has disappeared in the bottom left in the parking area
617_cap,1,1,1,none,none,OK,,,N/A,,,N/A,,,N/A,,,N/A,no building has appeared in the area and no building has disappeared in the area .,no building has appeared in the area and no building has disappeared in the area
6186_cap,1,1,1,none,none,OK,,,N/A,,,N/A,,,N/A,,,N/A,no building has appeared in the area and no building has disappeared in the area .,no building has appeared in the area and no building has disappeared in the area
6193_cap,0,0,0,appear,appear,OK,,,N/A,top-right,-,WRONG,area,area,OK,dense,dense,OK,several dense new residential have appeared in the top right in the parking area and no building has disappeared in the area .,several dense new residential have appeared in different areas in the parking area and no building has disappeared in the area
6200_cap,1,0,0,appear,appear,OK,,,N/A,bottom-right,bottom-right,OK,area,area,OK,dense,dense,OK,several dense new residential have appeared in the bottom right in the parking area and no building has disappeared in the area .,several dense new residential have appeared in the bottom right in the parking area and no building has disappeared in the area
6217_cap,1,1,1,none,none,OK,,,N/A,,,N/A,,,N/A,,,N/A,no building has appeared in the area and no building has disappeared in the area .,no building has appeared in the area and no building has disappeared in the area
6224_cap,1,1,1,none,none,OK,,,N/A,,,N/A,,,N/A,,,N/A,no building has appeared in the area and no building has disappeared in the area .,no building has appeared in the area and no building has disappeared in the area
6255_cap,0,0,0,disappear,appear,WRONG,several,one,WRONG,,,N/A,area,area,OK,dense,-,WRONG,no building has appeared in the area and several dense buildings have disappeared in different areas in the parking area .,a new building has appeared in the top left in the parking area and a residential has disappeared in the top right in the parking area
6278_cap,0,0,1,appear,none,WRONG,,,N/A,top-right,-,WRONG,land,-,WRONG,,,N/A,a new residential has appeared in the top right on bare land and no building has disappeared in the area .,no building has appeared in the area and no building has disappeared in the area
628_cap,0,0,1,appear,none,WRONG,one,-,WRONG,bottom-right,-,WRONG,area,-,WRONG,,,N/A,a new building has appeared in the bottom right in the parking area and no building has disappeared in the area .,no building has appeared in the area and no building has disappeared in the area
6292_cap,1,1,1,none,none,OK,,,N/A,,,N/A,,,N/A,,,N/A,no building has appeared in the area and no building has disappeared in the area .,no building has appeared in the area and no building has disappeared in the area
6295_cap,0,0,0,appear,appear,OK,one,one,OK,bottom-left,bottom-right,WRONG,area,area,OK,,,N/A,a new building has appeared in the bottom left in the parking area and no building has disappeared in the area .,a new building has appeared in the bottom right in the parking area and no building has disappeared in the area
6296_cap,1,1,1,none,none,OK,,,N/A,,,N/A,,,N/A,,,N/A,no building has appeared in the area and no building has disappeared in the area .,no building has appeared in the area and no building has disappeared in the area
629_cap,0,0,0,appear,appear,OK,one,one,OK,bottom-left,bottom-right,WRONG,area,area,OK,,,N/A,a new building has appeared in the bottom left in the parking area and no building has disappeared in the area .,a new building has appeared in the bottom right in the parking area and no building has disappeared in the area
6302_cap,0,0,1,appear,none,WRONG,one,-,WRONG,center|left,-,WRONG,area,-,WRONG,,,N/A,a new building has appeared in the left center in the parking area and no building has disappeared in the area .,no building has appeared in the area and no building has disappeared in the area
6304_cap,1,1,1,none,none,OK,,,N/A,,,N/A,,,N/A,,,N/A,no building has appeared in the area and no building has disappeared in the area .,no building has appeared in the area and no building has disappeared in the area
6305_cap,0,0,0,appear,appear,OK,one,one,OK,bottom|center,bottom-right,WRONG,area,area,OK,,,N/A,a new building has appeared in the bottom center in the parking area and no building has disappeared in the area .,a new building has appeared in the bottom right in the parking area and no building has disappeared in the area
6312_cap,1,1,1,none,none,OK,,,N/A,,,N/A,,,N/A,,,N/A,no building has appeared in the area and no building has disappeared in the area .,no building has appeared in the area and no building has disappeared in the area
6322_cap,0,0,0,appear,appear,OK,several,one,WRONG,center|top-left,top-left,WRONG,area,area,OK,sparse,-,WRONG,several sparse new buildings have appeared in the top left to left center in the parking area and no building has disappeared in the area .,a new building has appeared in the top left in the parking area and no building has disappeared in the area
6331_cap,1,1,1,none,none,OK,,,N/A,,,N/A,,,N/A,,,N/A,no building has appeared in the area and no building has disappeared in the area .,no building has appeared in the area and no building has disappeared in the area
6368_cap,1,1,1,none,none,OK,,,N/A,,,N/A,,,N/A,,,N/A,no building has appeared in the area and no building has disappeared in the area .,no building has appeared in the area and no building has disappeared in the area
6370_cap,1,1,1,none,none,OK,,,N/A,,,N/A,,,N/A,,,N/A,no building has appeared in the area and no building has disappeared in the area .,no building has appeared in the area and no building has disappeared in the area
6374_cap,1,1,1,none,none,OK,,,N/A,,,N/A,,,N/A,,,N/A,no building has appeared in the area and no building has disappeared in the area .,no building has appeared in the area and no building has disappeared in the area
6375_cap,1,1,1,none,none,OK,,,N/A,,,N/A,,,N/A,,,N/A,no building has appeared in the area and no building has disappeared in the area .,no building has appeared in the area and no building has disappeared in the area
6379_cap,1,1,1,none,none,OK,,,N/A,,,N/A,,,N/A,,,N/A,no building has appeared in the area and no building has disappeared in the area .,no building has appeared in the area and no building has disappeared in the area
6380_cap,1,1,1,none,none,OK,,,N/A,,,N/A,,,N/A,,,N/A,no building has appeared in the area and no building has disappeared in the area .,no building has appeared in the area and no building has disappeared in the area
6385_cap,0,0,1,appear,none,WRONG,one,-,WRONG,center|right,-,WRONG,area,-,WRONG,,,N/A,a new building has appeared in the right center in the parking area and no building has disappeared in the area .,no building has appeared in the area and no building has disappeared in the area
6395_cap,1,1,1,none,none,OK,,,N/A,,,N/A,,,N/A,,,N/A,no building has appeared in the area and no building has disappeared in the area .,no building has appeared in the area and no building has disappeared in the area
6418_cap,1,1,1,none,none,OK,,,N/A,,,N/A,,,N/A,,,N/A,no building has appeared in the area and no building has disappeared in the area .,no building has appeared in the area and no building has disappeared in the area
6423_cap,1,1,1,none,none,OK,,,N/A,,,N/A,,,N/A,,,N/A,no building has appeared in the area and no building has disappeared in the area .,no building has appeared in the area and no building has disappeared in the area
6424_cap,1,1,1,none,none,OK,,,N/A,,,N/A,,,N/A,,,N/A,no building has appeared in the area and no building has disappeared in the area .,no building has appeared in the area and no building has disappeared in the area
6429_cap,1,1,1,none,none,OK,,,N/A,,,N/A,,,N/A,,,N/A,no building has appeared in the area and no building has disappeared in the area .,no building has appeared in the area and no building has disappeared in the area
6432_cap,1,1,1,none,none,OK,,,N/A,,,N/A,,,N/A,,,N/A,no building has appeared in the area and no building has disappeared in the area .,no building has appeared in the area and no building has disappeared in the area
6464_cap,1,1,1,none,none,OK,,,N/A,,,N/A,,,N/A,,,N/A,no building has appeared in the area and no building has disappeared in the area .,no building has appeared in the area and no building has disappeared in the area
6466_cap,1,1,1,none,none,OK,,,N/A,,,N/A,,,N/A,,,N/A,no building has appeared in the area and no building has disappeared in the area .,no building has appeared in the area and no building has disappeared in the area
646_cap,0,0,1,appear,none,WRONG,one,-,WRONG,center|right,-,WRONG,area,-,WRONG,,,N/A,a new building has appeared in the right center in the parking area and no building has disappeared in the area .,no building has appeared in the area and no building has disappeared in the area
6472_cap,0,0,1,disappear,none,WRONG,one,-,WRONG,bottom|center,-,WRONG,area,-,WRONG,,,N/A,no building has appeared in the area and a building has disappeared in the bottom center in the parking area .,no building has appeared in the area and no building has disappeared in the area
647_cap,0,0,1,appear,none,WRONG,,,N/A,bottom-left,-,WRONG,area,-,WRONG,,,N/A,a new residential has appeared in the bottom left in the parking area and no building has disappeared in the area .,no building has appeared in the area and no building has disappeared in the area
6491_cap,1,1,1,none,none,OK,,,N/A,,,N/A,,,N/A,,,N/A,no building has appeared in the area and no building has disappeared in the area .,no building has appeared in the area and no building has disappeared in the area
6506_cap,1,1,1,none,none,OK,,,N/A,,,N/A,,,N/A,,,N/A,no building has appeared in the area and no building has disappeared in the area .,no building has appeared in the area and no building has disappeared in the area
6513_cap,1,1,1,none,none,OK,,,N/A,,,N/A,,,N/A,,,N/A,no building has appeared in the area and no building has disappeared in the area .,no building has appeared in the area and no building has disappeared in the area
6514_cap,1,1,1,none,none,OK,,,N/A,,,N/A,,,N/A,,,N/A,no building has appeared in the area and no building has disappeared in the area .,no building has appeared in the area and no building has disappeared in the area
6524_cap,1,0,0,appear,appear,OK,,,N/A,,,N/A,area,area,OK,dense,dense,OK,several dense new residential have appeared in different areas in the parking area and no building has disappeared in the area .,several dense new residential have appeared in the top left in the parking area and no building has disappeared in the area
6535_cap,1,1,1,none,none,OK,,,N/A,,,N/A,,,N/A,,,N/A,no building has appeared in the area and no building has disappeared in the area .,no building has appeared in the area and no building has disappeared in the area
6537_cap,1,1,1,none,none,OK,,,N/A,,,N/A,,,N/A,,,N/A,no building has appeared in the area and no building has disappeared in the area .,no building has appeared in the area and no building has disappeared in the area
6542_cap,1,1,1,none,none,OK,,,N/A,,,N/A,,,N/A,,,N/A,no building has appeared in the area and no building has disappeared in the area .,no building has appeared in the area and no building has disappeared in the area
6555_cap,1,1,1,none,none,OK,,,N/A,,,N/A,,,N/A,,,N/A,no building has appeared in the area and no building has disappeared in the area .,no building has appeared in the area and no building has disappeared in the area
6568_cap,1,1,1,none,none,OK,,,N/A,,,N/A,,,N/A,,,N/A,no building has appeared in the area and no building has disappeared in the area .,no building has appeared in the area and no building has disappeared in the area
6571_cap,1,1,1,none,none,OK,,,N/A,,,N/A,,,N/A,,,N/A,no building has appeared in the area and no building has disappeared in the area .,no building has appeared in the area and no building has disappeared in the area
6594_cap,1,1,1,none,none,OK,,,N/A,,,N/A,,,N/A,,,N/A,no building has appeared in the area and no building has disappeared in the area .,no building has appeared in the area and no building has disappeared in the area
6606_cap,1,0,0,appear,appear,OK,,,N/A,,,N/A,area,area,OK,dense,dense,OK,several dense new residential have appeared in different areas in the parking area and no building has disappeared in the area .,several dense new residential have appeared in different areas in the parking area and no building has disappeared in the area
6616_cap,1,1,1,none,none,OK,,,N/A,,,N/A,,,N/A,,,N/A,no building has appeared in the area and no building has disappeared in the area .,no building has appeared in the area and no building has disappeared in the area
6620_cap,1,1,1,none,none,OK,,,N/A,,,N/A,,,N/A,,,N/A,no building has appeared in the area and no building has disappeared in the area .,no building has appeared in the area and no building has disappeared in the area
6628_cap,1,1,1,none,none,OK,,,N/A,,,N/A,,,N/A,,,N/A,no building has appeared in the area and no building has disappeared in the area .,no building has appeared in the area and no building has disappeared in the area
6645_cap,1,1,1,none,none,OK,,,N/A,,,N/A,,,N/A,,,N/A,no building has appeared in the area and no building has disappeared in the area .,no building has appeared in the area and no building has disappeared in the area
6664_cap,1,1,1,none,none,OK,,,N/A,,,N/A,,,N/A,,,N/A,no building has appeared in the area and no building has disappeared in the area .,no building has appeared in the area and no building has disappeared in the area
6665_cap,0,0,0,appear,appear,OK,,,N/A,center|right,bottom-right,WRONG,land,area,WRONG,,,N/A,a new residential has appeared in the right center on bare land and no building has disappeared in the area .,several sparse new residential have appeared in the bottom right in the parking area and no building has disappeared in the area
6666_cap,1,1,1,none,none,OK,,,N/A,,,N/A,,,N/A,,,N/A,no building has appeared in the area and no building has disappeared in the area .,no building has appeared in the area and no building has disappeared in the area
6677_cap,1,1,1,none,none,OK,,,N/A,,,N/A,,,N/A,,,N/A,no building has appeared in the area and no building has disappeared in the area .,no building has appeared in the area and no building has disappeared in the area
6685_cap,1,0,0,appear,appear,OK,,,N/A,top-right,top-right,OK,area,area,OK,dense,dense,OK,several dense new residential have appeared in the top right in the parking area and no building has disappeared in the area .,several dense new residential have appeared in the top right in the parking area and no building has disappeared in the area
6699_cap,1,1,1,none,none,OK,,,N/A,,,N/A,,,N/A,,,N/A,no building has appeared in the area and no building has disappeared in the area .,no building has appeared in the area and no building has disappeared in the area
6700_cap,0,0,1,appear,none,WRONG,one,-,WRONG,center|right,-,WRONG,area,-,WRONG,,,N/A,a new building has appeared in the right center in the parking area and no building has disappeared in the area .,no building has appeared in the area and no building has disappeared in the area
672_cap,1,1,1,none,none,OK,,,N/A,,,N/A,,,N/A,,,N/A,no building has appeared in the area and no building has disappeared in the area .,no building has appeared in the area and no building has disappeared in the area
6738_cap,0,0,0,appear,appear,OK,,,N/A,bottom-right,bottom-left|bottom-right,WRONG,area,area,OK,,,N/A,a new residential has appeared in the bottom right in the parking area and no building has disappeared in the area .,a new building has appeared in the bottom right in the parking area and a building has disappeared in the bottom left in the parking area
674_cap,1,1,1,none,none,OK,,,N/A,,,N/A,,,N/A,,,N/A,no building has appeared in the area and no building has disappeared in the area .,no building has appeared in the area and no building has disappeared in the area
6750_cap,1,1,1,none,none,OK,,,N/A,,,N/A,,,N/A,,,N/A,no building has appeared in the area and no building has disappeared in the area .,no building has appeared in the area and no building has disappeared in the area
6768_cap,0,0,0,appear,appear,OK,,,N/A,bottom-left|top-left,bottom-left,WRONG,area,area,OK,sparse,-,WRONG,several sparse new residential have appeared in the top left to bottom left in the parking area and no building has disappeared in the area .,a new building has appeared in the bottom left in the parking area and no building has disappeared in the area
6775_cap,0,0,0,appear,appear,OK,several,-,WRONG,bottom-left|center|top-right,bottom-left|top-left,WRONG,area|tree,area,PART,sparse,-,WRONG,a new residential has appeared in the left center in the parking area and several sparse houses have disappeared in the top right to bottom left among the trees .,a new residential has appeared in the top left in the parking area and a residential has disappeared in the bottom left in the parking area
6780_cap,1,1,1,none,none,OK,,,N/A,,,N/A,,,N/A,,,N/A,no building has appeared in the area and no building has disappeared in the area .,no building has appeared in the area and no building has disappeared in the area
6784_cap,1,0,0,appear,appear,OK,one,one,OK,center,center,OK,area,area,OK,,,N/A,a new building has appeared in the center in the parking area and no building has disappeared in the area .,a new building has appeared in the center in the parking area and no building has disappeared in the area
6788_cap,1,1,1,none,none,OK,,,N/A,,,N/A,,,N/A,,,N/A,no building has appeared in the area and no building has disappeared in the area .,no building has appeared in the area and no building has disappeared in the area
6792_cap,1,1,1,none,none,OK,,,N/A,,,N/A,,,N/A,,,N/A,no building has appeared in the area and no building has disappeared in the area .,no building has appeared in the area and no building has disappeared in the area
6798_cap,1,1,1,none,none,OK,,,N/A,,,N/A,,,N/A,,,N/A,no building has appeared in the area and no building has disappeared in the area .,no building has appeared in the area and no building has disappeared in the area
6804_cap,1,1,1,none,none,OK,,,N/A,,,N/A,,,N/A,,,N/A,no building has appeared in the area and no building has disappeared in the area .,no building has appeared in the area and no building has disappeared in the area
6839_cap,1,1,1,none,none,OK,,,N/A,,,N/A,,,N/A,,,N/A,no building has appeared in the area and no building has disappeared in the area .,no building has appeared in the area and no building has disappeared in the area
6851_cap,0,0,0,appear,appear,OK,,,N/A,bottom|center,bottom-left,WRONG,area,area,OK,,,N/A,a new residential has appeared in the bottom center in the parking area and no building has disappeared in the area .,several sparse new buildings have appeared in the bottom left in the parking area and no building has disappeared in the area
6863_cap,1,0,0,appear,appear,OK,,,N/A,bottom-right,bottom-right,OK,area,area,OK,,,N/A,several closely located new buildings have appeared in the bottom right in the parking area and no building has disappeared in the area .,a new building has appeared in the bottom right in the parking area and no building has disappeared in the area
6869_cap,1,1,1,none,none,OK,,,N/A,,,N/A,,,N/A,,,N/A,no building has appeared in the area and no building has disappeared in the area .,no building has appeared in the area and no building has disappeared in the area
6897_cap,1,1,1,none,none,OK,,,N/A,,,N/A,,,N/A,,,N/A,no building has appeared in the area and no building has disappeared in the area .,no building has appeared in the area and no building has disappeared in the area
6901_cap,1,1,1,none,none,OK,,,N/A,,,N/A,,,N/A,,,N/A,no building has appeared in the area and no building has disappeared in the area .,no building has appeared in the area and no building has disappeared in the area
6913_cap,1,1,1,none,none,OK,,,N/A,,,N/A,,,N/A,,,N/A,no building has appeared in the area and no building has disappeared in the area .,no building has appeared in the area and no building has disappeared in the area
6928_cap,1,1,1,none,none,OK,,,N/A,,,N/A,,,N/A,,,N/A,no building has appeared in the area and no building has disappeared in the area .,no building has appeared in the area and no building has disappeared in the area
6934_cap,0,0,0,appear,appear,OK,one,-,WRONG,top-left,top-left,OK,area,area,OK,,,N/A,a new building has appeared in the top left in the parking area and no building has disappeared in the area .,several sparse new residential have appeared in the top left in the parking area and no building has disappeared in the area
6940_cap,1,1,1,none,none,OK,,,N/A,,,N/A,,,N/A,,,N/A,no building has appeared in the area and no building has disappeared in the area .,no building has appeared in the area and no building has disappeared in the area
6945_cap,0,0,0,appear,appear,OK,one,one,OK,center|right,top-right,WRONG,area,area,OK,,,N/A,a new building has appeared in the right center in the parking area and no building has disappeared in the area .,a new building has appeared in the top right in the parking area and no building has disappeared in the area
6946_cap,0,0,0,appear,appear,OK,one,-,WRONG,center,center,OK,land,land,OK,,,N/A,a new building has appeared in the center on bare land and no building has disappeared in the area .,a new residential has appeared in the center on bare land and no building has disappeared in the area
6948_cap,1,1,1,none,none,OK,,,N/A,,,N/A,,,N/A,,,N/A,no building has appeared in the area and no building has disappeared in the area .,no building has appeared in the area and no building has disappeared in the area
6953_cap,1,1,1,none,none,OK,,,N/A,,,N/A,,,N/A,,,N/A,no building has appeared in the area and no building has disappeared in the area .,no building has appeared in the area and no building has disappeared in the area
6957_cap,1,1,1,none,none,OK,,,N/A,,,N/A,,,N/A,,,N/A,no building has appeared in the area and no building has disappeared in the area .,no building has appeared in the area and no building has disappeared in the area
695_cap,1,1,1,none,none,OK,,,N/A,,,N/A,,,N/A,,,N/A,no building has appeared in the area and no building has disappeared in the area .,no building has appeared in the area and no building has disappeared in the area
6967_cap,1,1,1,none,none,OK,,,N/A,,,N/A,,,N/A,,,N/A,no building has appeared in the area and no building has disappeared in the area .,no building has appeared in the area and no building has disappeared in the area
6977_cap,1,1,1,none,none,OK,,,N/A,,,N/A,,,N/A,,,N/A,no building has appeared in the area and no building has disappeared in the area .,no building has appeared in the area and no building has disappeared in the area
7014_cap,0,0,0,appear,appear,OK,,,N/A,bottom-left,top-right,WRONG,area,area,OK,,,N/A,several closely located new residential have appeared in the bottom left in the parking area and no building has disappeared in the area .,a new residential has appeared in the top right in the parking area and no building has disappeared in the area
7019_cap,1,0,0,appear,appear,OK,,,N/A,bottom|center,bottom|center,OK,area,area,OK,,,N/A,several closely located new residential have appeared in the center to bottom center in the parking area and no building has disappeared in the area .,several dense new residential have appeared in the bottom center in the parking area and no building has disappeared in the area
7022_cap,1,1,1,none,none,OK,,,N/A,,,N/A,,,N/A,,,N/A,no building has appeared in the area and no building has disappeared in the area .,no building has appeared in the area and no building has disappeared in the area
7032_cap,1,1,1,none,none,OK,,,N/A,,,N/A,,,N/A,,,N/A,no building has appeared in the area and no building has disappeared in the area .,no building has appeared in the area and no building has disappeared in the area
7048_cap,1,1,1,none,none,OK,,,N/A,,,N/A,,,N/A,,,N/A,no building has appeared in the area and no building has disappeared in the area .,no building has appeared in the area and no building has disappeared in the area
7058_cap,1,1,1,none,none,OK,,,N/A,,,N/A,,,N/A,,,N/A,no building has appeared in the area and no building has disappeared in the area .,no building has appeared in the area and no building has disappeared in the area
7113_cap,1,1,1,none,none,OK,,,N/A,,,N/A,,,N/A,,,N/A,no building has appeared in the area and no building has disappeared in the area .,no building has appeared in the area and no building has disappeared in the area
7130_cap,1,1,1,none,none,OK,,,N/A,,,N/A,,,N/A,,,N/A,no building has appeared in the area and no building has disappeared in the area .,no building has appeared in the area and no building has disappeared in the area
7146_cap,1,1,1,none,none,OK,,,N/A,,,N/A,,,N/A,,,N/A,no building has appeared in the area and no building has disappeared in the area .,no building has appeared in the area and no building has disappeared in the area
7149_cap,1,1,1,none,none,OK,,,N/A,,,N/A,,,N/A,,,N/A,no building has appeared in the area and no building has disappeared in the area .,no building has appeared in the area and no building has disappeared in the area
7152_cap,1,1,1,none,none,OK,,,N/A,,,N/A,,,N/A,,,N/A,no building has appeared in the area and no building has disappeared in the area .,no building has appeared in the area and no building has disappeared in the area
7162_cap,1,1,1,none,none,OK,,,N/A,,,N/A,,,N/A,,,N/A,no building has appeared in the area and no building has disappeared in the area .,no building has appeared in the area and no building has disappeared in the area
7187_cap,1,1,1,none,none,OK,,,N/A,,,N/A,,,N/A,,,N/A,no building has appeared in the area and no building has disappeared in the area .,no building has appeared in the area and no building has disappeared in the area
7198_cap,1,1,1,none,none,OK,,,N/A,,,N/A,,,N/A,,,N/A,no building has appeared in the area and no building has disappeared in the area .,no building has appeared in the area and no building has disappeared in the area
7202_cap,0,0,0,appear,appear,OK,,,N/A,bottom-left,top-left,WRONG,area,area,OK,,,N/A,a new residential has appeared in the bottom left in the parking area and no building has disappeared in the area .,a new residential has appeared in the top left in the parking area and no building has disappeared in the area
7203_cap,1,0,0,appear,appear,OK,one,one,OK,center|right,center|right,OK,area,area,OK,,,N/A,a new building has appeared in the right center in the parking area and no building has disappeared in the area .,a new building has appeared in the right center in the parking area and no building has disappeared in the area
7212_cap,1,1,1,none,none,OK,,,N/A,,,N/A,,,N/A,,,N/A,no building has appeared in the area and no building has disappeared in the area .,no building has appeared in the area and no building has disappeared in the area
7222_cap,1,1,1,none,none,OK,,,N/A,,,N/A,,,N/A,,,N/A,no building has appeared in the area and no building has disappeared in the area .,no building has appeared in the area and no building has disappeared in the area
7237_cap,1,1,1,none,none,OK,,,N/A,,,N/A,,,N/A,,,N/A,no building has appeared in the area and no building has disappeared in the area .,no building has appeared in the area and no building has disappeared in the area
7247_cap,1,1,1,none,none,OK,,,N/A,,,N/A,,,N/A,,,N/A,no building has appeared in the area and no building has disappeared in the area .,no building has appeared in the area and no building has disappeared in the area
7256_cap,1,1,1,none,none,OK,,,N/A,,,N/A,,,N/A,,,N/A,no building has appeared in the area and no building has disappeared in the area .,no building has appeared in the area and no building has disappeared in the area
7257_cap,1,1,1,none,none,OK,,,N/A,,,N/A,,,N/A,,,N/A,no building has appeared in the area and no building has disappeared in the area .,no building has appeared in the area and no building has disappeared in the area
7276_cap,1,1,1,none,none,OK,,,N/A,,,N/A,,,N/A,,,N/A,no building has appeared in the area and no building has disappeared in the area .,no building has appeared in the area and no building has disappeared in the area
7286_cap,0,0,0,appear,appear,OK,one,one,OK,top-right,center|top,WRONG,area,area,OK,,,N/A,a new building has appeared in the top right in the parking area and no building has disappeared in the area .,a new building has appeared in the top center in the parking area and no building has disappeared in the area
7304_cap,1,1,1,none,none,OK,,,N/A,,,N/A,,,N/A,,,N/A,no building has appeared in the area and no building has disappeared in the area .,no building has appeared in the area and no building has disappeared in the area
731_cap,1,1,1,none,none,OK,,,N/A,,,N/A,,,N/A,,,N/A,no building has appeared in the area and no building has disappeared in the area .,no building has appeared in the area and no building has disappeared in the area
7337_cap,1,1,1,none,none,OK,,,N/A,,,N/A,,,N/A,,,N/A,no building has appeared in the area and no building has disappeared in the area .,no building has appeared in the area and no building has disappeared in the area
733_cap,0,0,1,appear,none,WRONG,one,-,WRONG,top-left,-,WRONG,area,-,WRONG,,,N/A,a new building has appeared in the top left in the parking area and no building has disappeared in the area .,no building has appeared in the area and no building has disappeared in the area
7345_cap,1,1,1,none,none,OK,,,N/A,,,N/A,,,N/A,,,N/A,no building has appeared in the area and no building has disappeared in the area .,no building has appeared in the area and no building has disappeared in the area
7348_cap,1,1,1,none,none,OK,,,N/A,,,N/A,,,N/A,,,N/A,no building has appeared in the area and no building has disappeared in the area .,no building has appeared in the area and no building has disappeared in the area
7350_cap,1,1,1,none,none,OK,,,N/A,,,N/A,,,N/A,,,N/A,no building has appeared in the area and no building has disappeared in the area .,no building has appeared in the area and no building has disappeared in the area
7351_cap,1,1,1,none,none,OK,,,N/A,,,N/A,,,N/A,,,N/A,no building has appeared in the area and no building has disappeared in the area .,no building has appeared in the area and no building has disappeared in the area
7352_cap,0,0,0,appear,appear,OK,,,N/A,bottom-left|top-left,top-left,WRONG,area,area,OK,sparse,dense,WRONG,several sparse new residential have appeared in the top left to bottom left in the parking area and no building has disappeared in the area .,several dense new residential have appeared in the top left in the parking area and no building has disappeared in the area
735_cap,1,1,1,none,none,OK,,,N/A,,,N/A,,,N/A,,,N/A,no building has appeared in the area and no building has disappeared in the area .,no building has appeared in the area and no building has disappeared in the area
7368_cap,1,1,1,none,none,OK,,,N/A,,,N/A,,,N/A,,,N/A,no building has appeared in the area and no building has disappeared in the area .,no building has appeared in the area and no building has disappeared in the area
736_cap,1,1,1,none,none,OK,,,N/A,,,N/A,,,N/A,,,N/A,no building has appeared in the area and no building has disappeared in the area .,no building has appeared in the area and no building has disappeared in the area
7388_cap,1,1,1,none,none,OK,,,N/A,,,N/A,,,N/A,,,N/A,no building has appeared in the area and no building has disappeared in the area .,no building has appeared in the area and no building has disappeared in the area
7408_cap,1,1,1,none,none,OK,,,N/A,,,N/A,,,N/A,,,N/A,no building has appeared in the area and no building has disappeared in the area .,no building has appeared in the area and no building has disappeared in the area
740_cap,0,0,0,appear,appear,OK,,,N/A,bottom-right,bottom-right,OK,among|area,area,PART,,,N/A,several closely located new residential have appeared in the bottom right among the trees and no building has disappeared in the area .,a new residential has appeared in the bottom right in the parking area and no building has disappeared in the area
7417_cap,1,1,1,none,none,OK,,,N/A,,,N/A,,,N/A,,,N/A,no building has appeared in the area and no building has disappeared in the area .,no building has appeared in the area and no building has disappeared in the area
7419_cap,1,1,1,none,none,OK,,,N/A,,,N/A,,,N/A,,,N/A,no building has appeared in the area and no building has disappeared in the area .,no building has appeared in the area and no building has disappeared in the area
7430_cap,0,0,0,appear,appear,OK,,,N/A,center|top-right,top-right,WRONG,area,area,OK,,,N/A,several closely located new residential have appeared in the top right to center in the parking area and no building has disappeared in the area .,several dense new residential have appeared in the top right in the parking area and no building has disappeared in the area
748_cap,1,1,1,none,none,OK,,,N/A,,,N/A,,,N/A,,,N/A,no building has appeared in the area and no building has disappeared in the area .,no building has appeared in the area and no building has disappeared in the area
755_cap,0,0,1,appear,none,WRONG,,,N/A,top-left,-,WRONG,area,-,WRONG,,,N/A,a new residential has appeared in the top left in the parking area and no building has disappeared in the area .,no building has appeared in the area and no building has disappeared in the area
762_cap,1,1,1,none,none,OK,,,N/A,,,N/A,,,N/A,,,N/A,no building has appeared in the area and no building has disappeared in the area .,no building has appeared in the area and no building has disappeared in the area
765_cap,1,1,1,none,none,OK,,,N/A,,,N/A,,,N/A,,,N/A,no building has appeared in the area and no building has disappeared in the area .,no building has appeared in the area and no building has disappeared in the area
77_cap,1,1,1,none,none,OK,,,N/A,,,N/A,,,N/A,,,N/A,no building has appeared in the area and no building has disappeared in the area .,no building has appeared in the area and no building has disappeared in the area
781_cap,1,1,1,none,none,OK,,,N/A,,,N/A,,,N/A,,,N/A,no building has appeared in the area and no building has disappeared in the area .,no building has appeared in the area and no building has disappeared in the area
787_cap,1,1,1,none,none,OK,,,N/A,,,N/A,,,N/A,,,N/A,no building has appeared in the area and no building has disappeared in the area .,no building has appeared in the area and no building has disappeared in the area
791_cap,1,1,1,none,none,OK,,,N/A,,,N/A,,,N/A,,,N/A,no building has appeared in the area and no building has disappeared in the area .,no building has appeared in the area and no building has disappeared in the area
793_cap,1,1,1,none,none,OK,,,N/A,,,N/A,,,N/A,,,N/A,no building has appeared in the area and no building has disappeared in the area .,no building has appeared in the area and no building has disappeared in the area
810_cap,1,1,1,none,none,OK,,,N/A,,,N/A,,,N/A,,,N/A,no building has appeared in the area and no building has disappeared in the area .,no building has appeared in the area and no building has disappeared in the area
816_cap,1,1,1,none,none,OK,,,N/A,,,N/A,,,N/A,,,N/A,no building has appeared in the area and no building has disappeared in the area .,no building has appeared in the area and no building has disappeared in the area
826_cap,1,1,1,none,none,OK,,,N/A,,,N/A,,,N/A,,,N/A,no building has appeared in the area and no building has disappeared in the area .,no building has appeared in the area and no building has disappeared in the area
827_cap,1,1,1,none,none,OK,,,N/A,,,N/A,,,N/A,,,N/A,no building has appeared in the area and no building has disappeared in the area .,no building has appeared in the area and no building has disappeared in the area
830_cap,1,1,1,none,none,OK,,,N/A,,,N/A,,,N/A,,,N/A,no building has appeared in the area and no building has disappeared in the area .,no building has appeared in the area and no building has disappeared in the area
834_cap,1,1,1,none,none,OK,,,N/A,,,N/A,,,N/A,,,N/A,no building has appeared in the area and no building has disappeared in the area .,no building has appeared in the area and no building has disappeared in the area
836_cap,1,1,1,none,none,OK,,,N/A,,,N/A,,,N/A,,,N/A,no building has appeared in the area and no building has disappeared in the area .,no building has appeared in the area and no building has disappeared in the area
847_cap,1,1,1,none,none,OK,,,N/A,,,N/A,,,N/A,,,N/A,no building has appeared in the area and no building has disappeared in the area .,no building has appeared in the area and no building has disappeared in the area
886_cap,0,0,0,appear,appear,OK,,,N/A,center|left,center|right,WRONG,area,area,OK,,,N/A,several closely located new residential have appeared in the center to left center in the parking area and no building has disappeared in the area .,a new residential has appeared in the right center in the parking area and no building has disappeared in the area
8_cap,0,1,0,none,appear,WRONG,,,N/A,,,N/A,,,N/A,,,N/A,no building has appeared in the area and no building has disappeared in the area .,a new building has appeared in the bottom center in the parking area and no building has disappeared in the area
936_cap,1,1,1,none,none,OK,,,N/A,,,N/A,,,N/A,,,N/A,no building has appeared in the area and no building has disappeared in the area .,no building has appeared in the area and no building has disappeared in the area
939_cap,1,1,1,none,none,OK,,,N/A,,,N/A,,,N/A,,,N/A,no building has appeared in the area and no building has disappeared in the area .,no building has appeared in the area and no building has disappeared in the area
941_cap,1,1,1,none,none,OK,,,N/A,,,N/A,,,N/A,,,N/A,no building has appeared in the area and no building has disappeared in the area .,no building has appeared in the area and no building has disappeared in the area
945_cap,1,1,1,none,none,OK,,,N/A,,,N/A,,,N/A,,,N/A,no building has appeared in the area and no building has disappeared in the area .,no building has appeared in the area and no building has disappeared in the area
946_cap,1,1,1,none,none,OK,,,N/A,,,N/A,,,N/A,,,N/A,no building has appeared in the area and no building has disappeared in the area .,no building has appeared in the area and no building has disappeared in the area
957_cap,1,1,1,none,none,OK,,,N/A,,,N/A,,,N/A,,,N/A,no building has appeared in the area and no building has disappeared in the area .,no building has appeared in the area and no building has disappeared in the area
973_cap,0,0,0,appear,appear,OK,,,N/A,bottom-left,bottom|center,WRONG,area,area,OK,dense,-,WRONG,several dense new residential have appeared in the bottom left in the parking area and no building has disappeared in the area .,a new building has appeared in the bottom center in the parking area and no building has disappeared in the area
984_cap,1,1,1,none,none,OK,,,N/A,,,N/A,,,N/A,,,N/A,no building has appeared in the area and no building has disappeared in the area .,no building has appeared in the area and no building has disappeared in the area
991_cap,1,1,1,none,none,OK,,,N/A,,,N/A,,,N/A,,,N/A,no building has appeared in the area and no building has disappeared in the area .,no building has appeared in the area and no building has disappeared in the area
992_cap,1,1,1,none,none,OK,,,N/A,,,N/A,,,N/A,,,N/A,no building has appeared in the area and no building has disappeared in the area .,no building has appeared in the area and no building has disappeared in the area
9_cap,1,1,1,none,none,OK,,,N/A,,,N/A,,,N/A,,,N/A,no building has appeared in the area and no building has disappeared in the area .,no building has appeared in the area and no building has disappeared in the area
